CCTV世界地理,https://shcm-stream-cf1.stream.264788.xyz/cms001/ch00000090990000001620/index.m3u8?streamid=8a034b40397504e25b3775c772237996&streamkey=01vY5fRxC8VyKg4oq30vfikHXTCAKySLP29l6OG91kQlzDttHgzNLkUw5kivm3PfNsVHJv5FgdsPBYFYI2IWpt7tfRCuFHqLT2pvX67ubMds8jl2DHtvOh0&token=1775754349-4f33f4f84a4abeba-0-91687dc8c9325092efa1d00f330d2710
CCTV怀旧剧场,https://live.264788.xyz/channel/huaijiujuchang?streamid=7e5d1abdddde08f588234f3f640f75ff&livekey=01WgOR41rriMmMkzNsd0UoaxJRwetZdxIvtVk
CCTV第一剧场,https://live.264788.xyz/channel/diyijuchang?streamid=e9b0fb1ca135a4aeae12944494883794&livekey=01WgOR41rriMmMkzNsd0UoaxJRwetZdxIvtVk
CGTN,https://0472.org/hls/cgtn.m3u8
CGTN俄语,https://0472.org/hls/cgtne.m3u8
CGTN法语,https://0472.org/hls/cgtnf.m3u8
CGTN西语,https://0472.org/hls/cgtnx.m3u8
CGTN阿语,https://0472.org/hls/cgtna.m3u8
CCTV文化精品,https://live.264788.xyz/channel/yangshiwenhuajingpin?streamid=bc185d1ef1e528922e83efd845006277&livekey=01WgOR41rriMmMkzNsd0UoaxJRwetZdxIvtVk
中国交通,http://drive.mxmy.net:8888/udp/239.3.1.188:8001
兵器科技,https://live.264788.xyz/channel/bingqikeji?streamid=6fc55a0966bdad1e1cdf39a4d37dd776&livekey=01WgOR41rriMmMkzNsd0UoaxJRwetZdxIvtVk
熊猫直播,https://gcwbndali.v.myalicdn.com/gcwbnd/ipanda1000_2/index.m3u8
风云剧场,https://live.264788.xyz/channel/fengyunjuchang?streamid=31e7b5b7032d25dd215a4069cdee1a48&livekey=01WgOR41rriMmMkzNsd0UoaxJRwetZdxIvtVk
支持作者,https://vd2.bdstatic.com/mda-sctj0f6r4u1bpebc/1080p/cae_h264/1774706523506678171/mda-sctj0f6r4u1bpebc.mp4
兵团卫视,http://183.11.239.36:808/hls/7/index.m3u8
海峡卫视,http://38.64.72.148:80/hls/modn/list/4009/playlist.m3u8
农林卫视,http://124.116.183.146:9901/tsfile/live/1004_1.m3u8
厦门卫视,http://183.11.239.36:808/hls/17/index.m3u8
延边卫视,https://srs.iyb983.cn:443/video/CYS/index.m3u8
安多卫视,https://liveout.xntv.tv/a65jur/96iln2.m3u8
山东教育,https://test1.live.sdetv.com.cn/live/dianshizhibo/playlist.m3u8
人间卫视,https://5ddce30eb4b55.streamlock.net/bltvhd/bltv1/chunklist_w511254805.m3u8
东方卫视4K,https://bp-resource-dfl.bestv.cn/148/3/video.m3u8
苏州4K,https://tylive.kan0512.com/norecord/csztv4k_4k.m3u8
CHC家庭影院,http://61.162.52.6:8088/newlive/live/hls/60/live.m3u8
CHC电影,http://183.237.95.108:9901/tsfile/live/1008_1.m3u8?key=txiptv&playlive=0&authid=0
东阳影视生活,http://l.cztvcloud.com/channels/lantian/SXdongyang1/720p.m3u8
人在囧途,https://vip.ffzy-play.com/20221018/1953_2d6ba500/index.m3u8
人在囧途之泰囧,https://vip.ffzy-play.com/20221018/1951_47e1adc8/index.m3u8
人在囧途之港囧,https://vip.ffzy-play7.com/20230112/11082_fde1a94d/index.m3u8
倩女幽魂人间道,http://jsmov2.a.yximgs.com/bs3/video-hls/5250634317044855747_hlsb.m3u8
倩女幽魂妖魔道,http://jsmov2.a.yximgs.com/bs3/video-hls/5232901391302199073_hlsb.m3u8
倩女幽魂道道道,http://jsmov2.a.yximgs.com/bs3/video-hls/5216294367991385255_hlsb.m3u8
南宁影视娱乐,http://hls.nntv.cn/nnlive/YSYL_244.m3u8
哈尔滨影视,http://stream.hrbtv.net/yspd/sd/live.m3u8?zheild
寒战,https://vip.ffzy-play6.com/20221019/157_bf0740ee/index.m3u8
我不是药神,https://vip.ffzy-play1.com/20221018/478_c3afed66/index.m3u8
拆弹专家1,https://vip.ffzy-online.com/20221015/719_80ff87c2/index.m3u8
拆弹专家2,https://vip.ffzy-online.com/20221015/722_e32c42bc/index.m3u8
浙江教科影视,https://ali-m-l.cztv.com/channels/lantian/channel004/1080p.m3u8
电影丧尸片,http://live.metshop.top/huya/21059578?cdn=alicdn
电影八点档,http://live.metshop.top/huya/880261?cdn=alicdn
电影刘德华,http://live.metshop.top/huya/11342424?cdn=alicdn
电影功夫片,http://live.metshop.top/huya/11352941?cdn=alicdn
电影动作电影,http://live.metshop.top/huya/11602077?cdn=alicdn
电影周星星,http://live.metshop.top/huya/11336587?cdn=alicdn
电影嫣然影厅,http://live.metshop.top/huya/11601977?cdn=alicdn
电影战争片,http://live.metshop.top/huya/21059574?cdn=alicdn
电影搞笑喜剧,http://live.metshop.top/huya/11342423?cdn=alicdn
电影梁家辉,http://live.metshop.top/huya/11342429?cdn=alicdn
电影犯罪片,http://live.metshop.top/huya/11352974?cdn=alicdn
电影蜘蛛侠,http://live.metshop.top/huya/21059599?cdn=alicdn
电影谍战,http://live.metshop.top/huya/21059585?cdn=alicdn
电影谍战片,http://live.metshop.top/huya/21059587?cdn=alicdn
电影贺岁,http://live.metshop.top/huya/11601971?cdn=alicdn
电影高分动作,http://live.metshop.top/huya/11352884?cdn=alicdn
美亚电影,http://zjrtv.vip/live/?tbs=mydy
让子弹飞,https://vip.ffzy-play7.com/20230116/11563_b9f44814/index.m3u8
韩国电影1,https://stream.ads.ottera.tv/playlist.m3u8?network_id=595
韩国电影2,https://stream.ads.ottera.tv/playlist.m3u8?network_id=743
龙门飞甲,http://jsmov2.a.yximgs.com/bs3/video-hls/5203346449046555193_hlsb.m3u8
南国都市,https://tencentplay.gztv.com/live/nanguodushi.m3u8?txSecret=550af55c0ea34ce492748481415b6dfa&txTime=1903e7b17de
四川科教,http://182.150.115.21:8030/pcgacg/pcgacg_0.m3u8
金鹰卡通,http://183.11.239.36:808/hls/69/index.m3u8
广东少儿,http://gmxw.7766.org:808/hls/175/index.m3u8
浙江少儿,http://ali-m-l.cztv.com/channels/lantian/channel008/1080p.m3u8
七龙珠,https://live.metshop.top/huya/11601966
中华小当家,https://live.metshop.top/huya/11342413
海绵宝宝,https://live.metshop.top/douyu/3949681
福州少儿,http://live.zohi.tv/video/s10001-fztv-4/index.m3u8
韩国EBS少儿,http://ebsonairios.ebs.co.kr/ebsutablet500k/tablet500k/playlist.m3u8
黑龙江少儿,https://ls.qingting.fm/live/4972/64k.m3u8
快乐垂钓,http://drive.mxmy.net:8888/udp/239.3.1.164:8001
七台河新闻综合,http://live.qthnews.org.cn:1935/live/live1/800k/tzwj_video.m3u8
七台河民生社教,http://live.qthnews.org.cn:1935/live/live2/800k/tzwj_video.m3u8
万荣综合,http://60.222.246.220:19433/hls1.m3u8
三明新闻综合,https://ls.qingting.fm/live/5022100/64k.m3u8
上海第一财经,https://satellitepull.cnr.cn/live/wx32dycjgb/playlist.m3u8
上虞文化影院,http://l.cztvcloud.com/channels/lantian/SXshangyu2/720p.m3u8
上虞新商都,http://l.cztvcloud.com/channels/lantian/SXshangyu3/720p.m3u8
上虞新闻综合,http://l.cztvcloud.com/channels/lantian/SXshangyu1/720p.m3u8?zzhed
东丰综合,http://stream3.jlntv.cn:80/aac_dfgb/playlist.m3u8
东莞新闻综合,https://stream.sun0769.com/dgrtv1/mp4tv1_800/index.m3u8
东莞生活资讯,https://stream.sun0769.com/dgrtv1/mp4tv2_800/index.m3u8
中国蓝新闻,http://ali-m-l.cztv.com/channels/lantian/channel009/1080p.m3u8
乐至综合,http://175.155.106.72:89/live1/live1.m3u8
九台综合,http://stream10.jlntv.cn/jiutaitv/sd/live.m3u8
云南娱乐,https://hwapi.yntv.net/62hdvf/q9vs1b.m3u8
云南都市,https://hwapi.yntv.net/62hdvf/rjwt14.m3u8
云和新闻综合,http://l.cztvcloud.com/channels/lantian/SXyunhe1/720p.m3u8?zzhed
云霄综合,https://live.zzyxxw.com:2443/live/xwzh.m3u8
井研综合,http://tvfile.jyrmt.cn/nmip-media/channellive/channel104452/playlist.m3u8
亳州农村,http://zbbf2.ahbztv.com/live/418.m3u8
仁寿综合,https://play.scrstv.com.cn/DT/live.m3u8?auth_key=60001724663204-0-0-c1cc4ded9841ac34f63cdbd3aec647ef
伊犁哈萨克,http://110.153.180.106:55555/out_3/index.m3u8
伊犁经济法制,http://110.153.180.106:55555/out_4/index.m3u8
伊犁维吾尔,http://110.153.180.106:55555/out_2/index.m3u8
余姚姚江文化,https://l.cztvcloud.com/channels/lantian/SXyuyao3/720p.m3u8
余姚新闻综合,http://l.cztvcloud.com/channels/lantian/SXyuyao1/720p.m3u8
余姚综合,https://l.cztvcloud.com/channels/lantian/SXyuyao1/720p.m3u8
余杭未来E,http://l.cztvcloud.com/channels/lantian/SXyuhang3/720p.m3u8
余杭综合,http://l.cztvcloud.com/channels/lantian/SXyuhang1/720p.m3u8
六安公共,http://ls.qingting.fm/live/1794199.m3u8
六安新闻综合,http://ls.qingting.fm/live/267.m3u8
兰溪新闻综合,http://l.cztvcloud.com/channels/lantian/SXlanxi1/720p.m3u8
兴隆综合,https://jwcdnqx.hebyun.com.cn/live/xlzh/1500k/tzwj_video.m3u8
兵团五师双河新闻综合,http://liveout.btzx.com.cn/62ds9e/4nxdih.m3u8?fbl=
兵团八师石河子新闻综合,http://124.88.144.73:1935/live/xwzh/playlist.m3u8?zxinjd
剑阁综合,https://m3u8.channel.dzsm.com/nmip-media/channellive/channel105549/playlist.m3u8
北京新闻,https://satellitepull.cnr.cn/live/wxbjxwgb/playlist.m3u8
南京教科,http://nklive.nbs.cn/hls/75b3c462-b831-4de7-a34b-5d3221db2069/index.m3u8
南京新闻综合,http://nklive.nbs.cn/hls/d511bc9d-a694-4453-b3a2-4fc842cc97a1/index.m3u8
南国都市,http://tencentplay.gztv.com/live/nanguodushi.m3u8?txSecret=140110ae3d6c936a77f94c4f4d85b0d3&txTime=18d57929bd4
南宁都市生活,http://615bbf179ba53515dccad7b1da5d1ad9.livehwc3.cn/hls.nntv.cn/nnlive/WLSH_24.m3u8?sub_m3u8=true&edge_slice=true&user_session_id=2598844eaee8a4265e706fc14b3fc11d
双辽综合,http://stream3.jlntv.cn:80/aac_slgb/playlist.m3u8
古县综合,https://l2fpdktp.live.sxmty.com/live/hls/e4c3b363cc4549788e2d983f403e07db/d99ce1eb686e41b9afc888110bd95aa7.m3u8?zshanxd
句容党建,http://jrlive.jrntv.com/live/_definst_/dangjians/playlist.m3u8?%E5%85%B3%E6%B3%A8%E5%BE%AE%E4%BF%A1%E5%85%AC%E4%BC%97%E5%8F%B7[%E6%99%B4%E5%9B%AD]
句容影院,http://jrlive.jrntv.com/live/_definst_/yingshis/chunklist_w1994429382.m3u8?zjiangsd
句容生活,http://jrlive.jrntv.com/live/_definst_/shenghuos/playlist.m3u8?%E5%85%B3%E6%B3%A8%E5%BE%AE%E4%BF%A1%E5%85%AC%E4%BC%97%E5%8F%B7[%E6%99%B4%E5%9B%AD]
可克达拉综合,http://file.loulannews.cn/nmip-media/channellive/channel103824/playlist.m3u8
合肥新闻,http://112.27.235.94:8000/hls/18/index.m3u8
吉林乡村,https://satellitepull.cnr.cn/live/wxjlxcgb/playlist.m3u8
名山综合,https://m3u8channel-bx.yunxya.com/nmip-media/channellive/channel104666/playlist.m3u8
哈尔滨娱乐,https://stream.hrbtv.net/ylpd/sd/live.m3u8
哈尔滨新闻综合,http://stream.hrbtv.net/xwzh/sd/live.m3u8?zheild
哈尔滨生活,http://stream.hrbtv.net/shpd/sd/live.m3u8?zheild
哈尔滨资讯,http://stream.hrbtv.net/zxpd/sd/live.m3u8
哈尔滨都市咨询,http://stream.hrbtv.net/zxpd/sd/live.m3u8?zheild
嘉兴新闻综合,http://live.zohi.tv/video/s10001-fztv-1/index.m3u8
嘉峪关综合,http://play.kankanlive.com/live/1720583434627241.m3u8
固镇新闻,http://www.guzhenm.com:7001/hls/hd-live.m3u8
大宁综合,http://live.daningtv.com/aac_dngb/playlist.m3u8
天祝综合,https://play.kankanlive.com/live/1656487214793905.m3u8
太谷新闻综合,https://p2.vzan.com/slowlive/596867413819827251/live.m3u8?zbid=1725814272&amp;amp;tpid=1516989100&amp;amp;type=0
夹江新闻综合,http://tvfile.jjrm.org.cn/nmip-media/channellive/channel106282/playlist.m3u8?zsicd
奎屯哈萨克语,http://218.84.12.186:8002/hls/main/playlist.m3u8?zxinjd
安徽导视,http://dspdhls.appcoo.com:8888/live/dspd/index.m3u8
安顺新闻,https://ls.qingting.fm/live/5022203/64k.m3u8
定襄综合,http://lbyzztfe.live.sxmty.com/live/hls/645ff4c60e0a49f0a203abbd73dd8be9/0720e665f10f48e98c9639f4f492fb4a-1.m3u8?zshanxd
山东生活,http://ls.qingting.fm/live/60260.m3u8
嵊州新闻综合,http://l.cztvcloud.com/channels/lantian/SXshengzhou1/720p.m3u8?zzhed#http://l.cztvcloud.com/channels/lantian/SXshengzhou1/720p.m3u8
嵊泗综合,http://l.cztvcloud.com/channels/lantian/SXshengsi1/720p.m3u8
常熟民生,http://3gvod.zjgonline.com.cn:1935/live/_definst_/shehuishenghuo_app/chunklist.m3u8
平泉综合,https://jwcdnqx.hebyun.com.cn/live/pqzh/1500k/tzwj_video.m3u8
平湖新闻综合,http://l.cztvcloud.com/channels/lantian/SXpinghu1/720p.m3u8?zzhed
平湖民生休闲,http://l.cztvcloud.com/channels/lantian/SXpinghu2/720p.m3u8
平遥新闻综合,https://tntgjhjb.live.sxmty.com/live/hls/3a4585ac11ec4e1bb07b419101b370c3/baf63e2b313440c2a25d7859f9b73b05-1.m3u8?zshanxd
广元公共,https://m3u8.channel.dzsm.com/nmip-media/channellive/channel101257/playlist.m3u8
广元综合,https://m3u8.channel.dzsm.com/nmip-media/channellive/channel100999/playlist.m3u8
广安公共,http://live1.gatv.com.cn:85/live/GGPD_ggpdzm.m3u8
广州新闻,http://tencentplay.gztv.com/live/xinwen.m3u8?txSecret=d2c2db0b598c02ec1b5623728434d367&txTime=18d57929bd3
广德生活,https://live.gdtv.ah.cn/live/newsTV.m3u8
广西国际,https://hlscdn.liangtv.cn/live/0234c48e0bc24fe1b41b9999a253e581/1075ee38e04f490690f6a36a16e09c79.m3u8
庆元新闻综合,http://l.cztvcloud.com/channels/lantian/SXqingyuan1/720p.m3u8?fbl=
庆元综合,http://l.cztvcloud.com/channels/lantian/SXqingyuan1/720p.m3u8
延边2,http://stream5.jlntv.cn/wq/playlist.m3u8
开化国家公园,http://l.cztvcloud.com/channels/lantian/SXkaihua2/720p.m3u8
开化新闻综合,http://l.cztvcloud.com/channels/lantian/SXkaihua1/720p.m3u8?zzhed
张掖新闻综合,https://play.kankanlive.com/live/1720583434627241.m3u8
德惠综合,http://stream11.jlntv.cn/dehuitv/sd/live.m3u8
怀仁综合,https://1yp7hc5p.live.sxmty.com/live/hls/bff8529922344209985b6e49baa9555a/efa2543628fc4a7ea93d3d6c975f77dc-1.m3u8
敦化一套,http://stream8.jlntv.cn/dhtv/playlist.m3u8
数码时代,http://ali-m-l.cztv.com/channels/lantian/channel12/720p.m3u8?zzhed
文成新闻综合,http://l.cztvcloud.com/channels/lantian/SXwencheng1/720p.m3u8
文成综合,http://l.cztvcloud.com/channels/lantian/SXwencheng1/720p.m3u8?zzhed?
新昌新闻综合,https://l.cztvcloud.com/channels/lantian/SXxinchang1/720p.m3u8
新昌生活,http://l.cztvcloud.com/channels/lantian/SXxinchang2/720p.m3u8
新沂新闻,http://live.xysrmt.cn/xwzh/sd/live.m3u8?zjiangsd"
新沂生活,http://live.xysrmt.cn/shpd/sd/live.m3u8?zjiangsd
新野综合,http://tvpull.dxhmt.cn:9081/tv/11329-1.m3u8
新闻综合,https://m3u8channel.yunxya.com/nmip-media/channellive/channel100028/playlist.m3u8
无锡娱乐,https://stream.thmz.com/wxtv2/playlist.m3u8
无锡新闻综合,http://stream.thmz.com/wxtv1/playlist.m3u8
无锡生活,https://stream.thmz.com/wxtv4/playlist.m3u8
无锡经济,https://stream.thmz.com/wxtv5/playlist.m3u8
无锡都市资讯,http://stream.thmz.com/wxtv3/sd/live.m3u8
旺苍新闻综合,http://channel.wcrmt.cn:80/nmip-media/channellive/channel105268/playlist.m3u8
昌黎综合,https://jwcdnqx.hebyun.com.cn/live/clzhpd/1500k/tzwj_video.m3u8
易门综合,https://zb-live.ynurl.com/yimen/3b75a2f9-7941-46b7-992d-a9796fbca5fe.m3u8
普陀新闻综合,http://l.cztvcloud.com/channels/lantian/SXputuo1/720p.m3u8
普陀电视台,https://l.cztvcloud.com/channels/lantian/SXputuo1/720p.m3u8
朝天综合,https://m3u8.channel.dzsm.com/nmip-media/channellive/channel104601/playlist.m3u8
来宾综合,http://zb.gxlbamc.com:1935/live/lbzh.stream/playlist.m3u8
松潘新闻综合,http://live.spccmc.com:90/live/spxwzh.m3u8
松阳综合,http://l.cztvcloud.com/channels/lantian/SXsongyang1/720p.m3u8
柳河综合,http://stream3.jlntv.cn:80/aac_lhgb/sd/live.m3u8
桦甸综合,http://stream9.jlntv.cn:80/aac_huadiangb/playlist.m3u8
梅河口综合,http://stream3.jlntv.cn:80/aac_mhkgb/playlist.m3u8
梨园,https://dxtx.hntv.tv/live/lypd.m3u8?txSecret=10c771842a0be59e8b575d765173ec96&txTime=7B923E0A&wsSecret=41543190cdf375f1c73207222bb96542&wsTime=1769313549
武义新闻综合,http://l.cztvcloud.com/channels/lantian/SXwuyi1/720p.m3u8
武乡新闻综合,http://uzoiczhh.live.sxmty.com/live/hls/0d41f1480c4042d49927858f01fde707/53130407737b417b9a6259b57246bae3.m3u8?zshanxd
武汉一台新闻综合,https://ls.qingting.fm/live/20198/64k.m3u8
武进新闻,https://live.wjyanghu.com/live/CH1.m3u8
武进生活,http://live.wjyanghu.com/live/CH2.m3u8
永嘉新闻综合,http://l.cztvcloud.com/channels/lantian/SXyongjia1/720p.m3u8
永城综合,http://tvpull.dxhmt.cn:9081/tv/11481-1.m3u8
永昌综合,https://play.kankanlive.com/live/1652755738635915.m3u8
江夏新闻综合,http://59.175.226.142:280/gb28181/xwzh.m3u8?zhubd
汪清综合,http://stream5.jlntv.cn/wq/sd/live.m3u8
汶川新闻综合,http://live.iwcmt.cn:90/live/zhxw.m3u8
汾西综合,https://qmmqvzoz.live.sxmty.com/live/hls/f24f8a390c084386a564074c9260100c/be3fdf07606145739ab2c4b80fe0136a.m3u8?zshanxd
沐川综合,http://file.ysxtv.cn/cms/videos/nmip-media/channellive/channel4/playlist.m3u8?zsicd
河北农民,https://ls.qingting.fm/live/1650/64k.m3u8
河北都市,https://radio.pull.hebtv.com/live/hebnczx.m3u8
河源公共,http://tmpstream.hyrtv.cn/hygg/sd/live.m3u8
河源综合,http://tmpstream.hyrtv.cn/xwzh/sd/live.m3u8
泗洪新闻综合,http://live1.habctv.com/ggpdsl/sd/live.m3u8?zjiangsd#http://live1.habctv.com/ggpdsl/sd/live.m3u8
泸县新闻综合,https://m3u8channel.ganzitv.com/nmip-media/channellive/channel1/playlist.m3u8
洞头综合,http://l.cztvcloud.com/channels/lantian/SXdongtou1/720p.m3u8?zzhed?
津南一套,http://play.jinnantv.top/live/JNTV1.m3u8?ztianjd
浙江休闲台,http://ali-m-l.cztv.com/channels/lantian/channel006/720p.m3u8
浙江公共新闻,https://ali-m-l.cztv.com/channels/lantian/channel007/1080p.m3u8
浙江国际,http://ali-m-l.cztv.com/channels/lantian/channel010/1080p.m3u8?zzhed
浙江教科,http://ali-m-l.cztv.com/channels/lantian/channel004/1080p.m3u8
浙江教育,http://ali-m-l.cztv.com/channels/lantian/channel04/720p.m3u8
浙江数码时代,https://ali-m-l.cztv.com/channels/lantian/channel012/1080p.m3u8\r\n
浙江新闻,https://ali-m-l.cztv.com/channels/lantian/channel07/1080p.m3u8
浙江民生,http://ali-m-l.cztv.com/channels/lantian/channel006/1080p.m3u8
浙江民生休闲,https://ali-m-l.cztv.com/channels/lantian/channel006/1080p.m3u8
浙江生活,http://ls.qingting.fm/live/1099.m3u8
浙江留学,http://ali-vl.cztv.com/channels/lantian/channel009/360p.m3u8
浙江经济,http://ali-m-l.cztv.com/channels/lantian/channel003/1080p.m3u8
浙江经济生活,http://l.cztvcloud.com/channels/lantian/SXxiaoshan2/720p.m3u8
浙江经视,http://ali-m-l.cztv.com/channels/lantian/channel003/720p.m3u8
浙江遂昌,http://l.cztvcloud.com/channels/lantian/SXsuichang1/720p.m3u8
浙江钱江,http://l.cztvcloud.com/channels/lantian/SXyuyao2/720p.m3u8
浙江钱江都市,http://ali-xwl.cztv.com/live/channel021080Plxw.m3u8
浙江钱江频道,http://ali-m-l.cztv.com/channels/lantian/channel02/1080p.m3u8
海南新闻,http://ls.qingting.fm/live/1861.m3u8
海宁新闻综合,https://p2hs.vzan.com/slowlive/317913155078575177/live.m3u8
涟水电视台综合,http://live1.habctv.com/ggpdsl/sd/live.m3u8
淮安影院娱乐,http://live1.habctv.com/ysylsl/sd/live.m3u8
清河经济综艺,https://jwcdnqx.hebyun.com.cn/live/qinghe1/1500k/tzwj_video.m3u8
渭源新闻,http://play.kankanlive.com/live/1720408280309109.m3u8
湖州公共民生,http://hzcm-live.media.hugd.com/1e6b554b9ab74513958c0e1ffe664d22/9acaa7634309494cb29a85eb12136607.m3u8?auth_key=2272900830-9a2389b8bf4e49d580d4ad807423d326-0-ea78a5c7a678c436263582d368f5009e
湖州文化娱乐,http://hzcm-live.media.hugd.com/613c47f0ab0d4eaa98b21378d0db6ded/0051d31c9dd543a7825eea4e49675b2a.m3u8?auth_key=2277598059-0a5ebfa1c0dc4671b42a60810fc37039-0-fa625b7d1feab612062453c12e3c8887
湖州新闻综合,http://hzcm-live.media.hugd.com/3f5fa7d64c7c46a38c6bd8ad35e836cc/65128273761b4731ae53729ea6dcf932.m3u8?auth_key=2277598215-9d21c15111244bea8d298c361d31a72e-0-d031198f58d44b0e91ba2e3f3b188865
滦平新闻,http://jwplay.hebyun.com.cn/live/LPTV001/1500k/tzwj_video.m3u8
滨海新闻综合,http://traffic.jbh.tjbh.com/live/bhtv10/playlist.m3u8
灌阳新闻综合,https://ls.qingting.fm/live/5043/64k.m3u8
烟台公共,http://live.yantaitv.cn/live/e50f104a4ffe4a41b2217cbda534146f/d86092e69df94668b33390278b061700-1.m3u8
烟台新闻综合,http://live.yantaitv.cn/live/3e81a8879da44c5dadf3bd9c10468e1c/9b776d420ee4438199b7657c8eb88f07-1.m3u8
烟台经济科技,http://live.yantaitv.cn/live/27f84144e95a4652ae9e5c211b2a6b55/405f3e33ba384aa0a16014d0becd1261-1.m3u8
玛纳斯综合,http://218.84.127.245:1026/hls/main1/playlist.m3u8?zxinjd,
璧山综合,http://222.179.42.129:8181/hls1.m3u8
甘南县综合,https://stream.hrbtv.net/zxpd/sd/live.m3u8
甘孜综合,http://tv.drs.ganzitv.com:8100/channellive/gztv.flv
甘肃经济,https://satellitepull.cnr.cn/live/wxgshhzs/playlist.m3u8
甘肃都市,https://satellitepull.cnr.cn/live/wxgsdstb/playlist.m3u8
番禺综合,http://video.epaper.pybtv.cn:8080/live/rtmp_live_demo.flv
白银综合,http://play.kankanlive.com/live/1720408089419110.m3u8
磐石综合,http://stream3.jlntv.cn:80/aac_psgb/sd/live.m3u8
祁门综合,http://zbbf2.ahbztv.com/live/416.m3u8?zanhd
福州生活,http://live.zohi.tv:80/video/s10001-fztv-3/index.m3u8
福建公共,https://live.264788.xyz/channel/fujianxiangcungonggong?streamid=1cf7fc3a8f6d160c33b43c2f9507a0cc&livekey=01WgOR41rriMmMkzNsd0UoaxJRwetZdxIvtVk
福建新闻,http://satellitepull.cnr.cn/live/wx32fjxwgb/playlist.m3u8
福建旅游,https://live.264788.xyz/channel/fujianlvyou?streamid=221239fcf3c7edb274f2f0760fe47f96&livekey=01WgOR41rriMmMkzNsd0UoaxJRwetZdxIvtVk
福建经济,http://satellitepull.cnr.cn/live/wx32fjdnjjgb/playlist.m3u8
第一财经,http://satellitepull.cnr.cn/live/wx32dycjgb/playlist.m3u8
绍兴公共,http://live.shaoxing.com.cn/video/s10001-sxtv2/index.m3u8
绍兴电视台公共,http://live.shaoxing.com.cn/video/s10001-sxtv2/index.m3u8?%E5%85%B3%E6%B3%A8%E5%BE%AE%E4%BF%A1%E5%85%AC%E4%BC%97%E5%8F%B7[%E6%99%B4%E5%9B%AD]
缙云新闻综合,http://l.cztvcloud.com/channels/lantian/SXjinyun1/720p.m3u8
缙云综合,http://l.cztvcloud.com/channels/lantian/SXjinyun1/720p.m3u8?zzhed?
舒兰新闻综合,http://stream8.jlntv.cn/shulan/sd/live.m3u8?_upt=332db6421699196585
苍南新闻综合,https://l.cztvcloud.com/channels/lantian/SXcangnan1/720p.m3u8
苏州文化生活,https://live-auth.51kandianshi.com/szgd/csztv3.m3u8
苏州新闻综合,https://live-auth.51kandianshi.com/szgd/csztv1.m3u8
苏州生活资讯,https://live-auth.51kandianshi.com/szgd/csztv5.m3u8
苏州社会经济,https://live-auth.51kandianshi.com/szgd/csztv2.m3u8
荆门新闻综合,http://stream.jmtv.com.cn/xwzh/sd/live.m3u8
荥经综合,https://m3u8channel-yj.yunxya.com/nmip-media/channellive/channel101140/playlist.m3u8
荥阳综合,http://tvpull.dxhmt.cn:9081/tv/10182-1.m3u8
营山电视台,http://file.ysxtv.cn/cms/videos/nmip-media/channellive/channel4/playlist.m3u8?zsicd#http://file.ysxtv.cn/cms/videos/nmip-media/channellive/channel4/playlist.m3u8
萧山新闻综合,https://l.cztvcloud.com/channels/lantian/SXxiaoshan1/720p.m3u8
萧山生活,http://l.cztvcloud.com/channels/lantian/SXxiaoshan2/720p.m3u8?zzhed
萧山综合,http://l.cztvcloud.com/channels/lantian/SXxiaoshan1/720p.m3u8
衡水公共,http://ls.qingting.fm/live/2810.m3u8
衡阳新闻综合,https://liveplay-srs.voc.com.cn/hls/tv/183_554704.m3u8
衢江新闻综合,http://l.cztvcloud.com/channels/lantian/SXqujiang1/720p.m3u8?zzhed
西宁新闻综合,https://liveout.xntv.tv/a65jur/96iln2.m3u8?zqinghd
西安新闻,http://112.46.105.20:8009/hls/28/index.m3u8
西安都市,http://112.46.105.20:8009/hls/29/index.m3u8
西峰综合,https://play.kankanlive.com/live/1683944827526991.m3u8
诸暨新闻综合,http://l.cztvcloud.com/channels/lantian/SXzhuji3/720p.m3u8?zzhed
象山新闻综合,http://l.cztvcloud.com/channels/lantian/SXxiangshan1/720p.m3u8
象山综合,http://play-sh13.quklive.com/live/1702360350551252.m3u8?auth_key=2037107484-800189c57a5a44d3b823b60cf84f6756-0-a6f6828a62d5c167cff5e68735fa0d39
辉南新闻综合,http://stream5.jlntv.cn/hn/sd/live.m3u8
辽宁都市,https://ls.qingting.fm/live/1099/64k.m3u8
通化县综合,http://stream3.jlntv.cn:80/aac_thxgb/playlist.m3u8
通海电视台,https://zb-live.ynurl.com/tonghai/3bfe3a9e-48e6-4c1e-8770-1df66447cc6c.m3u8
遂昌综合,http://l.cztvcloud.com/channels/lantian/SXsuichang1/720p.m3u8?zzhed
邢台生活,https://jwcdnqx.hebyun.com.cn/live/xtcsshpd/1500k/tzwj_video.m3u8
邢台综合,https://jwplay.hebyun.com.cn:443/live/xtsrmtzs/1500k/tzwj_video.m3u8
邯郸公共频道,https://jwcdnqx.hebyun.com.cn/live/hdgg/1500k/tzwj_video.m3u8
邯郸新闻,https://jwcdnqx.hebyun.com.cn/live/hdxwzh/1500k/tzwj_video.m3u8
邯郸科技教育,https://jwcdnqx.hebyun.com.cn/live/hdkj/1500k/tzwj_video.m3u8
都市剧场,https://satellitepull.cnr.cn/live/wxcqxwgb/playlist.m3u8
金川乡村,http://live.jinchuanrmt.com:90/live/jcxc.m3u8?zsicd
金川新闻综合,http://live.jinchuanrmt.com:90/live/zhxw.m3u8?zsicd
铜梁综合,http://183.64.174.171:40123/ch1.m3u8?zzhongqd
铜陵新闻综合,https://ls.qingting.fm/live/21303/64k.m3u8
镇江二套社会民生,http://zjtv-wshls.homecdn.com/live/2aa16.m3u8
镇江新闻综合,http://cm-wshls.homecdn.com/live/2aa50.m3u8
长子综合,https://www.wxhcgbds.com:8081/channelTv/WXTV_1.m3u8?zshanxd
长影频道,http://tpc.x3322.net:9901/tsfile/live/1010_1.m3u8
长沙新闻综合,http://ls.qingting.fm/live/4877.m3u8
长白山电视台,http://stream8.jlntv.cn/cbstv/sd/live.m3u8?zjild
长白朝语,http://hplayer1.juyun.tv:80/camera/11344136.m3u8
陕西公共,http://ls.qingting.fm/live/1222.m3u8
陕西新闻咨询,http://112.46.105.20:8009/hls/18/index.m3u8
陕西秦腔,http://112.46.105.20:8009/hls/22/index.m3u8
陕西都市青春,http://112.46.105.20:8009/hls/19/index.m3u8
陕西银龄,http://112.46.105.20:8009/hls/20/index.m3u8
雅安新闻综合,https://play.yunxya.com/channellive/xinwen.m3u8
青川综合,http://qcfile.qcrmt.com/nmip-media/channellive/channel100933/playlist.m3u8
青田电视台,http://l.cztvcloud.com/channels/lantian/SXqingtian1/720p.m3u8
靖宇综合,http://stream9.jlntv.cn:80/aac_jygb/playlist.m3u8
靖江新闻综合,http://ls.qingting.fm/live/23797.m3u8
黑龙江文体,https://idclive.hljtv.com:4430/live/hljwy_hd.m3u8
黑龙江新闻,https://ls.qingting.fm/live/4974/64k.m3u8
黑龙江都市,https://idclive.hljtv.com:4430/live/dushi_hd.m3u8
龙井综合,http://stream9.jlntv.cn:80/aac_longjinggb/playlist.m3u8
龙泉新闻综合,http://l.cztvcloud.com/channels/lantian/SXlongquan1/720p.m3u8
龙游新闻综合,https://l.cztvcloud.com/channels/lantian/SXlongyou1/720p.m3u8
龙游生活娱乐,http://l.cztvcloud.com/channels/lantian/SXlongyou2/720p.m3u8?zzhed
CGTN纪录,https://english-livetx.cgtn.com/hls/yypdjlctzb_hd.m3u8
航拍中国第二季,http://newcntv.qcloudcdn.com/asp/hls/4000/0303000a/3/default/2bdfdad540b342f592f9817cb7f3b79a/4000.m3u8
东丰,http://stream5.jlntv.cn/df/sd/live.m3u8?zjild
中国村庄,http://newcntv.qcloudcdn.com/asp/hls/4000/0303000a/3/default/93fc12dbf14241c18c23da104fbade23/4000.m3u8
之江纪录,https://ali-m-l.cztv.com/channels/lantian/channel12/720p.m3u8
九台,http://stream10.jlntv.cn/jiutaitv/sd/live.m3u8?zjild
人与自然,http://newcntv.qcloudcdn.com/asp/hls/1200/0303000a/3/default/1425e1d505654cb48ba82b807b221193/1200.m3u8
伊犁维吾尔,http://110.153.180.106:55555/out_2/index.m3u8?zxinjd
兵团五师双河影,https://liveout.btzx.com.cn/62ds9e/6o77s4.m3u8?zxinjd
双辽,http://stream5.jlntv.cn/sl/sd/live.m3u8?zjild
地理中国,http://newcntv.qcloudcdn.com/asp/hls/1200/0303000a/3/default/c6baf6f74bb944aeacee1065ea72c798/1200.m3u8
奎屯汉语,http://218.84.12.186:8001/hls/main/playlist.m3u8?zxinjd
敦化一套,http://stream8.jlntv.cn/dhtv/playlist.m3u8?zjild
柳河,http://stream5.jlntv.cn/lh/sd/live.m3u8?zjild
桦甸,http://stream10.jlntv.cn/huadian/sd/live.m3u8?zjild
江津新闻,http://222.179.155.21:1935/ch1.m3u8?zzhongqd
汪清,http://stream5.jlntv.cn/wq/sd/live.m3u8?zjild
玛纳斯,http://218.84.127.245:1026/hls/main1/playlist.m3u8?zxinjd
珲春新闻,http://stream8.jlntv.cn/hctv/sd/live.m3u8?zjild
白山公共,http://stream8.jlntv.cn/baishan2/playlist.m3u8?zjild
磐石,http://stream5.jlntv.cn/ps/sd/live.m3u8?zjild
自然传奇,http://newcntv.qcloudcdn.com/asp/hls/1200/0303000a/3/default/81a1ad3a661748bfb8560c92d38204ca/1200.m3u8
舒兰新闻,http://stream8.jlntv.cn/shulan/sd/live.m3u8?zjild
辉南新闻,http://stream5.jlntv.cn/hn/sd/live.m3u8?zjild
通化县,http://stream5.jlntv.cn/thx/sd/live.m3u8?zjild
靖宇,http://stream8.jlntv.cn/jytv/sd/live.m3u8?zjild
飞碟之谜01,https://hls.cntv.lxdns.com/asp/hls/2000/0303000a/3/default/f0a47e155d32450daa1d36a04fd7d262/2000.m3u8
飞碟之谜02,https://newcntv.qcloudcdn.com/asp/hls/2000/0303000a/3/default/d2454bbb542d4613a9db478dab2addfd/2000.m3u8
龙井,http://stream8.jlntv.cn/ljtv/sd/live.m3u8?zjild
精品体育,https://epg.pw/stream/866a097a0907c9832440f8df38272dd555abf05200dfbafcc137e214c9b30ca7.m3u8
纬来体育,https://epg.pw/stream/4f18dfe0593db5c686eb64ae8edaf2a9202d4d46bdc9bbde2cee27708e12ea01.m3u8
安徽综艺体育,http://112.27.235.94:8000/hls/25/index.m3u8
AMC音乐,https://AMChls.wns.live/hls/stream.m3u8
音乐欣赏,http://61.221.215.25:8800/hls/49/index.m3u8
音乐现场,https://satellitepull.cnr.cn/live/wx32nmgyygb/playlist.m3u8
风云音乐,https://live.264788.xyz/channel/fengyunyinyue?streamid=be37d16b874e7ba11dd383d7ecd75752&livekey=01WgOR41rriMmMkzNsd0UoaxJRwetZdxIvtVk
1987年春晚,https://txmov2.a.kwimgs.com/bs3/video-hls/5195746663405928031_hlsb.m3u8
1988年春晚,https://txmov2.a.kwimgs.com/bs3/video-hls/5216575810935394655_hlsb.m3u8
1989年春晚,https://txmov2.a.kwimgs.com/bs3/video-hls/5194620763762726260_hlsb.m3u8
1993年春晚,https://alimov2.a.kwimgs.com/upic/2023/01/13/22/BMjAyMzAxMTMyMjEwMDNfNDAzMDAxOTlfOTM1MTIzMzYwODJfMF8z_b_B647d10e431b4cc5e48e6c77347d69021.mp4
1994年春晚,https://alimov2.a.kwimgs.com/upic/2023/01/13/22/BMjAyMzAxMTMyMjEwMDNfNDAzMDAxOTlfOTM1MTIzMzYxMjNfMF8z_b_B3dde97f36273f04403d4dc5eec611a35.mp4
1995年春晚,https://alimov2.a.kwimgs.com/upic/2023/01/13/20/BMjAyMzAxMTMyMDA5MjJfNDAzMDAxOTlfOTM0OTkwNDQwNzVfMF8z_b_B811c0dec6b9a3d3074a18522c185010a.mp4
1996年春晚,https://alimov2.a.kwimgs.com/upic/2023/01/13/22/BMjAyMzAxMTMyMjEwMDNfNDAzMDAxOTlfOTM1MTIzMzYxNTJfMF8z_b_Bd841eae10ab1c9955ef55fbedfae6c45.mp4
2000年春晚,https://alimov2.a.kwimgs.com/upic/2023/01/13/21/BMjAyMzAxMTMyMTE4MzRfNDAzMDAxOTlfOTM1MDY4ODIxMTNfMF8z_b_Bdddf4e7ef0ff6cfd477857bb40e78419.mp4
2001年春晚,https://alimov2.a.kwimgs.com/upic/2023/01/13/20/BMjAyMzAxMTMyMDA5MjJfNDAzMDAxOTlfOTM0OTkwNDQyMDFfMF8z_b_B70592cb7c4054e9cabb675e849bbf4bd.mp4
2002年春晚,https://alimov2.a.kwimgs.com/upic/2023/01/13/21/BMjAyMzAxMTMyMTE4MzRfNDAzMDAxOTlfOTM1MDY4ODIxNDdfMF8z_b_Ba6271d10b7e6cfae83759033a091f257.mp4
2003年春晚,https://alimov2.a.kwimgs.com/upic/2023/01/14/23/BMjAyMzAxMTQyMzQxNDdfNDAzMDAxOTlfOTM2MTU0MTk1NDFfMF8z_b_B182749d2cd2ea9323639254af385f24b.mp4
2004年春晚,https://alimov2.a.kwimgs.com/upic/2023/01/13/21/BMjAyMzAxMTMyMTE4MzRfNDAzMDAxOTlfOTM1MDY4ODIxOTVfMF8z_b_B86c4430b82ff5a7f4e8132f6ee558536.mp4
2005年春晚,https://alimov2.a.kwimgs.com/upic/2023/01/13/20/BMjAyMzAxMTMyMDA5MjJfNDAzMDAxOTlfOTM0OTkwNDQyMzhfMF8z_b_B35ad7cc86aec8fc9e5ddfb31fc7bed63.mp4
2006年春晚,https://alimov2.a.kwimgs.com/upic/2023/01/13/20/BMjAyMzAxMTMyMDA5MjJfNDAzMDAxOTlfOTM0OTkwNDQyNzlfMF8z_b_Bbc3703fc331dc994c50859c19aad28ff.mp4
2007年春晚,https://alimov2.a.kwimgs.com/upic/2023/01/13/20/BMjAyMzAxMTMyMDA5MjJfNDAzMDAxOTlfOTM0OTkwNDQzMjNfMF8z_b_B00b069c7899976459ceeaa99353dfefe.mp4
2009年春晚,https://alimov2.a.kwimgs.com/upic/2023/01/13/20/BMjAyMzAxMTMyMDA5MjJfNDAzMDAxOTlfOTM0OTkwNDQzOTBfMF8z_b_B29a36a85e0277f6c2a1f033ef7c10708.mp4
2010年春晚,https://alimov2.a.kwimgs.com/upic/2023/01/13/20/BMjAyMzAxMTMyMDA5MjJfNDAzMDAxOTlfOTM0OTkwNDQ0MjlfMF8z_b_B8818807a00eed329a69fb494f405bd43.mp4
2013年春晚,https://alimov2.a.kwimgs.com/upic/2023/01/13/20/BMjAyMzAxMTMyMDA5MjJfNDAzMDAxOTlfOTM0OTkwNDQ1NjNfMF8z_b_B4fea55408dca4471a68a963ae096be59.mp4
2014年春晚,https://alimov2.a.kwimgs.com/upic/2023/01/06/16/BMjAyMzAxMDYxNjMxMTNfNDAzMDAxOTlfOTI4OTY2ODAzNjlfMF8z_b_Bdee65c77f9e7b2120a185c919dad81d2.mp4
2018年春晚,https://alimov2.a.kwimgs.com/upic/2023/01/06/16/BMjAyMzAxMDYxNjMxMTRfNDAzMDAxOTlfOTI4OTY2ODE2MTBfMF8z_b_B11a778e34390a21de42d407e94f45b91.mp4
2024年春晚,https://p2.bdstatic.com/rtmp.liveshow.lss-user.baidubce.com/live/stream_bduid_6488563992_8982723413/merged_1707497046297_88536_25144_41936.m3u8
2025年春晚,https://svip.high24-playback.com/20250129/17159_7bca93c4/2000k/hls/mixed.m3u8
2026-08-02 18:44:01,https://vd2.bdstatic.com/mda-sctj0f6r4u1bpebc/1080p/cae_h264/1774706523506678171/mda-sctj0f6r4u1bpebc.mp4
CGTN英语,https://0472.org/hls/cgtn.m3u8
CGTN记录,https://0472.org/hls/cgtnd.m3u8
CGTN俄语,https://0472.org/hls/cgtne.m3u8
CGTN法语,https://0472.org/hls/cgtnf.m3u8
CGTN西语,https://0472.org/hls/cgtnx.m3u8
CGTN阿语,https://0472.org/hls/cgtna.m3u8
延边卫视,http://[2409:8087:8:21::18]:6610/otttv.bj.chinamobile.com/PLTV/88888888/224/3221227045/1.m3u8?GuardEncType=2&accountinfo=%7E%7EV2.0%7Eq0D3NdTUN7FuRzr8eJsbQA%7EtP4-l0lmSfjwLWEfK_el1vH_mv-s1zo4AQJwdedaVwG9xkuFTDg8J26cwOrNJzn20BErrHdLhuZ9EzLUCD3PMW-OMx4MGteHV2vLeW6BqoY%2CEND
康巴卫视,http://[2409:8087:8:21::18]:6610/otttv.bj.chinamobile.com/PLTV/88888888/224/3221227027/1.m3u8?GuardEncType=2&accountinfo=%7E%7EV2.0%7EkHMvBpWz4rccMxNvSRekpQ%7EtP4-l0lmSfjwLWEfK_el1vH_mv-s1zo4AQJwdedaVwG9xkuFTDg8J26cwOrNJzn20BErrHdLhuZ9EzLUCD3PMW-OMx4MGteHV2vLeW6BqoY%2CEND
快乐垂钓,http://drive.mxmy.net:8888/udp/239.3.1.164:8001
七台河新闻综合,http://live.qthnews.org.cn:1935/live/live1/800k/tzwj_video.m3u8
七台河民生社教,http://live.qthnews.org.cn:1935/live/live2/800k/tzwj_video.m3u8
万荣综合,http://60.222.246.220:19433/hls1.m3u8
三明新闻综合,https://ls.qingting.fm/live/5022100/64k.m3u8
上海第一财经,https://satellitepull.cnr.cn/live/wx32dycjgb/playlist.m3u8
上虞文化影院,http://l.cztvcloud.com/channels/lantian/SXshangyu2/720p.m3u8
上虞新商都,http://l.cztvcloud.com/channels/lantian/SXshangyu3/720p.m3u8
上虞新闻综合,http://l.cztvcloud.com/channels/lantian/SXshangyu1/720p.m3u8?zzhed
东丰综合,http://stream3.jlntv.cn:80/aac_dfgb/playlist.m3u8
东莞新闻综合,https://stream.sun0769.com/dgrtv1/mp4tv1_800/index.m3u8
东莞生活资讯,https://stream.sun0769.com/dgrtv1/mp4tv2_800/index.m3u8
中国蓝新闻,http://ali-m-l.cztv.com/channels/lantian/channel009/1080p.m3u8
乐至综合,http://175.155.106.72:89/live1/live1.m3u8
九台综合,http://stream10.jlntv.cn/jiutaitv/sd/live.m3u8
云南娱乐,https://hwapi.yntv.net/62hdvf/q9vs1b.m3u8
云南都市,https://hwapi.yntv.net/62hdvf/rjwt14.m3u8
云和新闻综合,http://l.cztvcloud.com/channels/lantian/SXyunhe1/720p.m3u8
云霄综合,https://live.zzyxxw.com:2443/live/xwzh.m3u8
井研综合,http://tvfile.jyrmt.cn/nmip-media/channellive/channel104452/playlist.m3u8
亳州农村,http://zbbf2.ahbztv.com/live/418.m3u8?zanhd
仁寿综合,https://play.scrstv.com.cn/DT/live.m3u8?auth_key=60001724663204-0-0-c1cc4ded9841ac34f63cdbd3aec647ef
伊犁哈萨克,http://110.153.180.106:55555/out_3/index.m3u8
伊犁经济法制,http://110.153.180.106:55555/out_4/index.m3u8
伊犁维吾尔,http://110.153.180.106:55555/out_2/index.m3u8
余姚姚江文化,https://l.cztvcloud.com/channels/lantian/SXyuyao3/720p.m3u8
余姚新闻综合,http://l.cztvcloud.com/channels/lantian/SXyuyao1/720p.m3u8
余姚综合,https://l.cztvcloud.com/channels/lantian/SXyuyao1/720p.m3u8
余杭未来E,http://l.cztvcloud.com/channels/lantian/SXyuhang3/720p.m3u8
余杭综合,http://l.cztvcloud.com/channels/lantian/SXyuhang1/720p.m3u8
六安公共,http://ls.qingting.fm/live/1794199.m3u8
六安新闻综合,http://ls.qingting.fm/live/267.m3u8
兰溪新闻综合,http://l.cztvcloud.com/channels/lantian/SXlanxi1/720p.m3u8
兴隆综合,https://jwcdnqx.hebyun.com.cn/live/xlzh/1500k/tzwj_video.m3u8
兵团五师双河新闻综合,http://liveout.btzx.com.cn/62ds9e/4nxdih.m3u8?fbl=
兵团八师石河子新闻综合,http://124.88.144.73:1935/live/xwzh/playlist.m3u8?zxinjd
剑阁综合,https://m3u8.channel.dzsm.com/nmip-media/channellive/channel105549/playlist.m3u8
北京新闻,https://satellitepull.cnr.cn/live/wxbjxwgb/playlist.m3u8
南京教科,http://nklive.nbs.cn/hls/75b3c462-b831-4de7-a34b-5d3221db2069/index.m3u8
南京新闻综合,http://nklive.nbs.cn/hls/d511bc9d-a694-4453-b3a2-4fc842cc97a1/index.m3u8
南国都市,http://tencentplay.gztv.com/live/nanguodushi.m3u8?txSecret=140110ae3d6c936a77f94c4f4d85b0d3&txTime=18d57929bd4
南宁都市生活,http://615bbf179ba53515dccad7b1da5d1ad9.livehwc3.cn/hls.nntv.cn/nnlive/WLSH_24.m3u8?sub_m3u8=true&edge_slice=true&user_session_id=2598844eaee8a4265e706fc14b3fc11d
双辽综合,http://stream3.jlntv.cn:80/aac_slgb/playlist.m3u8
古县综合,https://l2fpdktp.live.sxmty.com/live/hls/e4c3b363cc4549788e2d983f403e07db/d99ce1eb686e41b9afc888110bd95aa7.m3u8?zshanxd
句容党建,http://jrlive.jrntv.com/live/_definst_/dangjians/playlist.m3u8?%E5%85%B3%E6%B3%A8%E5%BE%AE%E4%BF%A1%E5%85%AC%E4%BC%97%E5%8F%B7[%E6%99%B4%E5%9B%AD]
句容影院,http://jrlive.jrntv.com/live/_definst_/yingshis/chunklist_w1994429382.m3u8?zjiangsd
句容生活,http://jrlive.jrntv.com/live/_definst_/shenghuos/playlist.m3u8?%E5%85%B3%E6%B3%A8%E5%BE%AE%E4%BF%A1%E5%85%AC%E4%BC%97%E5%8F%B7[%E6%99%B4%E5%9B%AD]
可克达拉综合,http://file.loulannews.cn/nmip-media/channellive/channel103824/playlist.m3u8
合肥新闻,http://112.27.235.94:8000/hls/18/index.m3u8
吉林乡村,https://satellitepull.cnr.cn/live/wxjlxcgb/playlist.m3u8
名山综合,https://m3u8channel-bx.yunxya.com/nmip-media/channellive/channel104666/playlist.m3u8
哈尔滨娱乐,https://stream.hrbtv.net/ylpd/sd/live.m3u8
哈尔滨新闻综合,http://stream.hrbtv.net/xwzh/sd/live.m3u8?zheild
哈尔滨生活,http://stream.hrbtv.net/shpd/sd/live.m3u8?zheild
哈尔滨资讯,http://stream.hrbtv.net/zxpd/sd/live.m3u8
哈尔滨都市咨询,http://stream.hrbtv.net/zxpd/sd/live.m3u8?zheild
嘉兴新闻综合,http://live.zohi.tv/video/s10001-fztv-1/index.m3u8
嘉峪关综合,http://play.kankanlive.com/live/1720583434627241.m3u8
固镇新闻,http://www.guzhenm.com:7001/hls/hd-live.m3u8
大宁综合,http://live.daningtv.com/aac_dngb/playlist.m3u8
天祝综合,https://play.kankanlive.com/live/1656487214793905.m3u8
太谷新闻综合,https://p2.vzan.com/slowlive/596867413819827251/live.m3u8?zbid=1725814272&tpid=1516989100&type=0
夹江新闻综合,http://tvfile.jjrm.org.cn/nmip-media/channellive/channel106282/playlist.m3u8?zsicd
奎屯哈萨克语,http://218.84.12.186:8002/hls/main/playlist.m3u8?zxinjd
安徽导视,http://dspdhls.appcoo.com:8888/live/dspd/index.m3u8
安顺新闻,https://ls.qingting.fm/live/5022203/64k.m3u8
定襄综合,http://lbyzztfe.live.sxmty.com/live/hls/645ff4c60e0a49f0a203abbd73dd8be9/0720e665f10f48e98c9639f4f492fb4a-1.m3u8?zshanxd
山东生活,http://ls.qingting.fm/live/60260.m3u8
嵊州新闻综合,http://l.cztvcloud.com/channels/lantian/SXshengzhou1/720p.m3u8?zzhed#http://l.cztvcloud.com/channels/lantian/SXshengzhou1/720p.m3u8
嵊泗综合,http://l.cztvcloud.com/channels/lantian/SXshengsi1/720p.m3u8
常熟民生,http://3gvod.zjgonline.com.cn:1935/live/_definst_/shehuishenghuo_app/chunklist.m3u8
平泉综合,https://jwcdnqx.hebyun.com.cn/live/pqzh/1500k/tzwj_video.m3u8
平湖新闻综合,http://l.cztvcloud.com/channels/lantian/SXpinghu1/720p.m3u8?zzhed
平湖民生休闲,http://l.cztvcloud.com/channels/lantian/SXpinghu2/720p.m3u8
广元公共,https://m3u8.channel.dzsm.com/nmip-media/channellive/channel101257/playlist.m3u8
广元综合,https://m3u8.channel.dzsm.com/nmip-media/channellive/channel100999/playlist.m3u8
广安公共,http://live1.gatv.com.cn:85/live/GGPD_ggpdzm.m3u8
广州新闻,http://tencentplay.gztv.com/live/xinwen.m3u8?txSecret=d2c2db0b598c02ec1b5623728434d367&txTime=18d57929bd3
广德生活,https://live.gdtv.ah.cn/live/newsTV.m3u8
广西国际,https://hlscdn.liangtv.cn/live/0234c48e0bc24fe1b41b9999a253e581/1075ee38e04f490690f6a36a16e09c79.m3u8
庆元新闻综合,http://l.cztvcloud.com/channels/lantian/SXqingyuan1/720p.m3u8?fbl=
庆元综合,http://l.cztvcloud.com/channels/lantian/SXqingyuan1/720p.m3u8
延边2,http://stream5.jlntv.cn/wq/playlist.m3u8
开化国家公园,http://l.cztvcloud.com/channels/lantian/SXkaihua2/720p.m3u8
开化新闻综合,http://l.cztvcloud.com/channels/lantian/SXkaihua1/720p.m3u8?zzhed
张掖新闻综合,https://play.kankanlive.com/live/1720583434627241.m3u8
德惠综合,http://stream11.jlntv.cn/dehuitv/sd/live.m3u8
怀仁综合,https://1yp7hc5p.live.sxmty.com/live/hls/bff8529922344209985b6e49baa9555a/efa2543628fc4a7ea93d3d6c975f77dc-1.m3u8
敦化一套,http://stream8.jlntv.cn/dhtv/playlist.m3u8
数码时代,http://ali-m-l.cztv.com/channels/lantian/channel12/720p.m3u8?zzhed
文成新闻综合,http://l.cztvcloud.com/channels/lantian/SXwencheng1/720p.m3u8
文成综合,http://l.cztvcloud.com/channels/lantian/SXwencheng1/720p.m3u8?zzhed
新昌新闻综合,https://l.cztvcloud.com/channels/lantian/SXxinchang1/720p.m3u8
新昌生活,http://l.cztvcloud.com/channels/lantian/SXxinchang2/720p.m3u8
新沂新闻,http://live.xysrmt.cn/xwzh/sd/live.m3u8?zjiangsd"
新沂生活,http://live.xysrmt.cn/shpd/sd/live.m3u8?zjiangsd
新野综合,http://tvpull.dxhmt.cn:9081/tv/11329-1.m3u8
新闻综合,https://m3u8channel.yunxya.com/nmip-media/channellive/channel100028/playlist.m3u8
无锡娱乐,https://stream.thmz.com/wxtv2/playlist.m3u8
无锡新闻综合,http://stream.thmz.com/wxtv1/playlist.m3u8
无锡生活,https://stream.thmz.com/wxtv4/playlist.m3u8
无锡经济,https://stream.thmz.com/wxtv5/playlist.m3u8
无锡都市资讯,http://stream.thmz.com/wxtv3/playlist.m3u8
旺苍新闻综合,http://channel.wcrmt.cn:80/nmip-media/channellive/channel105268/playlist.m3u8
昌黎综合,https://jwcdnqx.hebyun.com.cn/live/clzhpd/1500k/tzwj_video.m3u8
易门综合,https://zb-live.ynurl.com/yimen/3b75a2f9-7941-46b7-992d-a9796fbca5fe.m3u8
普陀新闻综合,http://l.cztvcloud.com/channels/lantian/SXputuo1/720p.m3u8
普陀电视台,https://l.cztvcloud.com/channels/lantian/SXputuo1/720p.m3u8
朝天综合,https://m3u8.channel.dzsm.com/nmip-media/channellive/channel104601/playlist.m3u8
来宾综合,http://zb.gxlbamc.com:1935/live/lbzh.stream/playlist.m3u8
松潘新闻综合,http://live.spccmc.com:90/live/spxwzh.m3u8
松阳综合,http://l.cztvcloud.com/channels/lantian/SXsongyang1/720p.m3u8
柳河综合,http://stream3.jlntv.cn:80/aac_lhgb/sd/live.m3u8
桦甸综合,http://stream9.jlntv.cn:80/aac_huadiangb/playlist.m3u8
梅河口综合,http://stream3.jlntv.cn:80/aac_mhkgb/playlist.m3u8
梨园,https://dxtx.hntv.tv/live/lypd.m3u8?txSecret=10c771842a0be59e8b575d765173ec96&txTime=7B923E0A&wsSecret=41543190cdf375f1c73207222bb96542&wsTime=1769313549
武义新闻综合,http://l.cztvcloud.com/channels/lantian/SXwuyi1/720p.m3u8
武乡新闻综合,http://uzoiczhh.live.sxmty.com/live/hls/0d41f1480c4042d49927858f01fde707/53130407737b417b9a6259b57246bae3.m3u8?zshanxd
武汉一台新闻综合,https://ls.qingting.fm/live/20198/64k.m3u8
武进新闻,https://live.wjyanghu.com/live/CH1.m3u8
武进生活,http://live.wjyanghu.com/live/CH2.m3u8
永嘉新闻综合,http://l.cztvcloud.com/channels/lantian/SXyongjia1/720p.m3u8
永城综合,http://tvpull.dxhmt.cn:9081/tv/11481-1.m3u8
永昌综合,https://play.kankanlive.com/live/1652755738635915.m3u8
江夏新闻综合,http://59.175.226.142:280/gb28181/xwzh.m3u8?zhubd
汪清综合,http://stream5.jlntv.cn/wq/sd/live.m3u8
汶川新闻综合,http://live.iwcmt.cn:90/live/zhxw.m3u8
汾西综合,https://qmmqvzoz.live.sxmty.com/live/hls/f24f8a390c084386a564074c9260100c/be3fdf07606145739ab2c4b80fe0136a.m3u8?zshanxd
沐川综合,http://file.ysxtv.cn/cms/videos/nmip-media/channellive/channel4/playlist.m3u8?zsicd
河北农民,https://ls.qingting.fm/live/1650/64k.m3u8
河北都市,https://radio.pull.hebtv.com/live/hebnczx.m3u8
泗洪新闻综合,http://live1.habctv.com/ggpdsl/sd/live.m3u8?zjiangsd#http://live1.habctv.com/ggpdsl/sd/live.m3u8
泸县新闻综合,http://lxfile.lxxcb.cn:80/nmip-media/channellive/channel103799/playlist.m3u8
洞头综合,http://l.cztvcloud.com/channels/lantian/SXdongtou1/720p.m3u8
津南一套,http://play.jinnantv.top/live/JNTV1.m3u8?ztianjd
浙江休闲台,http://ali-m-l.cztv.com/channels/lantian/channel006/720p.m3u8
浙江公共新闻,https://ali-m-l.cztv.com/channels/lantian/channel007/1080p.m3u8
浙江国际,https://ali-m-l.cztv.com/channels/lantian/channel010/1080p.m3u8
浙江教科,http://ali-m-l.cztv.com/channels/lantian/channel004/1080p.m3u8
浙江教育,http://ali-m-l.cztv.com/channels/lantian/channel04/720p.m3u8
浙江数码时代,http://ali-m-l.cztv.com/channels/lantian/channel012/1080p.m3u8
浙江新闻,https://ali-m-l.cztv.com/channels/lantian/channel07/1080p.m3u8
浙江民生,http://ali-m-l.cztv.com/channels/lantian/channel006/1080p.m3u8
浙江民生休闲,https://ali-m-l.cztv.com/channels/lantian/channel006/1080p.m3u8
浙江生活,http://ls.qingting.fm/live/1099.m3u8
浙江留学,http://ali-vl.cztv.com/channels/lantian/channel009/360p.m3u8
浙江经济,http://ali-m-l.cztv.com/channels/lantian/channel003/1080p.m3u8
浙江经济生活,http://ali-m-l.cztv.com/channels/lantian/channel03/1080p.m3u8#https://ali-m-l.cztv.com/channels/lantian/channel003/1080p.m3u8#http://ali-m-l.cztv.com/channels/lantian/channel003/1080p.m3u8
浙江经视,http://ali-m-l.cztv.com/channels/lantian/channel003/720p.m3u8
浙江遂昌,http://l.cztvcloud.com/channels/lantian/SXsuichang1/720p.m3u8
浙江钱江,http://l.cztvcloud.com/channels/lantian/SXyuyao2/720p.m3u8
浙江钱江都市,https://ali-m-l.cztv.com/channels/lantian/channel002/1080p.m3u8
浙江钱江频道,http://ali-m-l.cztv.com/channels/lantian/channel02/1080p.m3u8
海南新闻,http://ls.qingting.fm/live/1861.m3u8
海宁新闻综合,https://p2hs.vzan.com/slowlive/317913155078575177/live.m3u8
涟水电视台综合,http://live1.habctv.com/ggpdsl/sd/live.m3u8
淮安影院娱乐,http://live1.habctv.com/ysylsl/sd/live.m3u8
清河经济综艺,https://jwcdnqx.hebyun.com.cn/live/qinghe1/1500k/tzwj_video.m3u8
渭源新闻,http://play.kankanlive.com/live/1720408280309109.m3u8
湖州公共民生,http://hzcm-live.media.hugd.com/1e6b554b9ab74513958c0e1ffe664d22/9acaa7634309494cb29a85eb12136607.m3u8?auth_key=2272900830-9a2389b8bf4e49d580d4ad807423d326-0-ea78a5c7a678c436263582d368f5009e
湖州文化娱乐,http://hzcm-live.media.hugd.com/613c47f0ab0d4eaa98b21378d0db6ded/0051d31c9dd543a7825eea4e49675b2a.m3u8?auth_key=2277598059-0a5ebfa1c0dc4671b42a60810fc37039-0-fa625b7d1feab612062453c12e3c8887
湖州新闻综合,http://hzcm-live.media.hugd.com/3f5fa7d64c7c46a38c6bd8ad35e836cc/65128273761b4731ae53729ea6dcf932.m3u8?auth_key=2277598215-9d21c15111244bea8d298c361d31a72e-0-d031198f58d44b0e91ba2e3f3b188865
滦平新闻,http://jwplay.hebyun.com.cn/live/LPTV001/1500k/tzwj_video.m3u8
滨海新闻综合,http://traffic.jbh.tjbh.com/live/bhtv10/playlist.m3u8
灌阳新闻综合,https://ls.qingting.fm/live/5043/64k.m3u8
烟台公共,http://live.yantaitv.cn/live/e50f104a4ffe4a41b2217cbda534146f/d86092e69df94668b33390278b061700-1.m3u8
烟台新闻综合,http://live.yantaitv.cn/live/3e81a8879da44c5dadf3bd9c10468e1c/9b776d420ee4438199b7657c8eb88f07-1.m3u8
烟台经济科技,http://live.yantaitv.cn/live/27f84144e95a4652ae9e5c211b2a6b55/405f3e33ba384aa0a16014d0becd1261-1.m3u8
玛纳斯综合,http://218.84.127.245:1026/hls/main1/playlist.m3u8?zxinjd,
璧山综合,http://222.179.42.129:8181/hls1.m3u8
甘南县综合,https://stream.hrbtv.net/zxpd/sd/live.m3u8
甘孜综合,http://tv.drs.ganzitv.com:8100/channellive/gztv.flv
甘肃经济,https://satellitepull.cnr.cn/live/wxgshhzs/playlist.m3u8
甘肃都市,https://satellitepull.cnr.cn/live/wxgsdstb/playlist.m3u8
番禺综合,http://video.epaper.pybtv.cn:8080/live/rtmp_live_demo.flv
白银综合,http://play.kankanlive.com/live/1720408089419110.m3u8
磐石综合,http://stream3.jlntv.cn:80/aac_psgb/sd/live.m3u8
祁门综合,http://zbbf2.ahbztv.com/live/416.m3u8?zanhd
福州生活,http://live.zohi.tv:80/video/s10001-fztv-3/index.m3u8
福建公共,https://live.264788.xyz/channel/fujianxiangcungonggong?streamid=1cf7fc3a8f6d160c33b43c2f9507a0cc&livekey=01WgOR41rriMmMkzNsd0UoaxJRwetZdxIvtVk
福建新闻,http://satellitepull.cnr.cn/live/wx32fjxwgb/playlist.m3u8
福建旅游,https://live.264788.xyz/channel/fujianlvyou?streamid=221239fcf3c7edb274f2f0760fe47f96&livekey=01WgOR41rriMmMkzNsd0UoaxJRwetZdxIvtVk
福建经济,http://satellitepull.cnr.cn/live/wx32fjdnjjgb/playlist.m3u8
第一财经,http://satellitepull.cnr.cn/live/wx32dycjgb/playlist.m3u8
绍兴公共,http://live.shaoxing.com.cn/video/s10001-sxtv2/index.m3u8
绍兴电视台公共,http://live.shaoxing.com.cn/video/s10001-sxtv2/index.m3u8?%E5%85%B3%E6%B3%A8%E5%BE%AE%E4%BF%A1%E5%85%AC%E4%BC%97%E5%8F%B7[%E6%99%B4%E5%9B%AD]
缙云新闻综合,http://l.cztvcloud.com/channels/lantian/SXjinyun1/720p.m3u8
缙云综合,http://l.cztvcloud.com/channels/lantian/SXjinyun1/720p.m3u8?zzhed?
舒兰新闻综合,http://stream8.jlntv.cn/shulan/sd/live.m3u8?_upt=332db6421699196585
苍南新闻综合,https://l.cztvcloud.com/channels/lantian/SXcangnan1/720p.m3u8
苏州文化生活,https://live-auth.51kandianshi.com/szgd/csztv3.m3u8
苏州新闻综合,https://live-auth.51kandianshi.com/szgd/csztv1.m3u8
苏州生活资讯,https://live-auth.51kandianshi.com/szgd/csztv5.m3u8
苏州社会经济,https://live-auth.51kandianshi.com/szgd/csztv2.m3u8
荆门新闻综合,http://stream.jmtv.com.cn/xwzh/sd/live.m3u8
荥经综合,https://m3u8channel-yj.yunxya.com/nmip-media/channellive/channel101140/playlist.m3u8
荥阳综合,http://tvpull.dxhmt.cn:9081/tv/10182-1.m3u8
营山电视台,http://file.ysxtv.cn/cms/videos/nmip-media/channellive/channel4/playlist.m3u8?zsicd#http://file.ysxtv.cn/cms/videos/nmip-media/channellive/channel4/playlist.m3u8
萧山新闻综合,https://l.cztvcloud.com/channels/lantian/SXxiaoshan1/720p.m3u8
萧山生活,https://l.cztvcloud.com/channels/lantian/SXxiaoshan2/720p.m3u8
萧山综合,http://l.cztvcloud.com/channels/lantian/SXxiaoshan1/720p.m3u8
衡水公共,http://ls.qingting.fm/live/2810.m3u8
衡阳新闻综合,https://liveplay-srs.voc.com.cn/hls/tv/183_554704.m3u8
衢江新闻综合,http://l.cztvcloud.com/channels/lantian/SXqujiang1/720p.m3u8?zzhed
西宁新闻综合,https://liveout.xntv.tv/a65jur/96iln2.m3u8?zqinghd
西安新闻,http://112.46.105.20:8009/hls/28/index.m3u8
西安都市,http://112.46.105.20:8009/hls/29/index.m3u8
西峰综合,https://play.kankanlive.com/live/1683944827526991.m3u8
诸暨新闻综合,https://l.cztvcloud.com/channels/lantian/SXzhuji3/720p.m3u8
象山新闻综合,http://l.cztvcloud.com/channels/lantian/SXxiangshan1/720p.m3u8
象山综合,http://l.cztvcloud.com/channels/lantian/SXxiangshan1/720p.m3u8?zzhed
辉南新闻综合,http://stream5.jlntv.cn/hn/sd/live.m3u8
辽宁都市,https://ls.qingting.fm/live/1099/64k.m3u8
通化县综合,http://stream3.jlntv.cn:80/aac_thxgb/playlist.m3u8
通海电视台,https://zb-live.ynurl.com/tonghai/3bfe3a9e-48e6-4c1e-8770-1df66447cc6c.m3u8
遂昌综合,http://l.cztvcloud.com/channels/lantian/SXsuichang1/720p.m3u8?zzhed
邢台生活,https://jwcdnqx.hebyun.com.cn/live/xtcsshpd/1500k/tzwj_video.m3u8
邢台综合,https://jwplay.hebyun.com.cn:443/live/xtsrmtzs/1500k/tzwj_video.m3u8
邯郸公共频道,https://jwcdnqx.hebyun.com.cn/live/hdgg/1500k/tzwj_video.m3u8
邯郸新闻,https://jwcdnqx.hebyun.com.cn/live/hdxwzh/1500k/tzwj_video.m3u8
邯郸科技教育,https://jwcdnqx.hebyun.com.cn/live/hdkj/1500k/tzwj_video.m3u8
都市剧场,https://satellitepull.cnr.cn/live/wxcqxwgb/playlist.m3u8
金川乡村,http://live.jinchuanrmt.com:90/live/jcxc.m3u8?zsicd
金川新闻综合,http://live.jinchuanrmt.com:90/live/zhxw.m3u8?zsicd
铜陵新闻综合,https://ls.qingting.fm/live/21303/64k.m3u8
镇江二套社会民生,http://zjtv-wshls.homecdn.com/live/2aa16.m3u8
镇江新闻综合,http://cm-wshls.homecdn.com/live/2aa50.m3u8
长子综合,https://www.wxhcgbds.com:8081/channelTv/WXTV_1.m3u8?zshanxd
长影频道,http://tpc.x3322.net:9901/tsfile/live/1010_1.m3u8
长沙新闻综合,http://ls.qingting.fm/live/4877.m3u8
长白山电视台,http://stream8.jlntv.cn/cbstv/sd/live.m3u8?zjild
长白朝语,http://hplayer1.juyun.tv:80/camera/11344136.m3u8
陕西公共,http://ls.qingting.fm/live/1222.m3u8
陕西新闻咨询,http://112.46.105.20:8009/hls/18/index.m3u8
陕西秦腔,http://112.46.105.20:8009/hls/22/index.m3u8
陕西都市青春,http://112.46.105.20:8009/hls/19/index.m3u8
陕西银龄,http://112.46.105.20:8009/hls/20/index.m3u8
雅安新闻综合,https://play.yunxya.com/channellive/xinwen.m3u8
青川综合,http://qcfile.qcrmt.com/nmip-media/channellive/channel100933/playlist.m3u8
青田电视台,http://l.cztvcloud.com/channels/lantian/SXqingtian1/720p.m3u8
靖宇综合,http://stream9.jlntv.cn:80/aac_jygb/playlist.m3u8
靖江新闻综合,http://ls.qingting.fm/live/23797.m3u8
黑龙江文体,https://idclive.hljtv.com:4430/live/hljwy_hd.m3u8
黑龙江新闻,https://ls.qingting.fm/live/4974/64k.m3u8
黑龙江都市,https://idclive.hljtv.com:4430/live/dushi_hd.m3u8
龙井综合,http://stream9.jlntv.cn:80/aac_longjinggb/playlist.m3u8
龙泉新闻综合,http://l.cztvcloud.com/channels/lantian/SXlongquan1/720p.m3u8
龙游新闻综合,https://l.cztvcloud.com/channels/lantian/SXlongyou1/720p.m3u8
龙游生活娱乐,https://l.cztvcloud.com/channels/lantian/SXlongyou2/720p.m3u8
CHC家庭影院,http://61.162.52.6:8088/newlive/live/hls/60/live.m3u8
CHC电影,http://183.237.95.108:9901/tsfile/live/1008_1.m3u8?key=txiptv&playlive=0&authid=0
TVB翡翠台,http://ali.hlspull.yximgs.com/live/tboxprofhwwqpthqyqtqqqxcxbfhqqfqvhdtqdvbtvqsqxqfsqqcvbctvbfc.flv
TVB明珠台,http://avd.iptviptv.site:9694/hls/103/index.m3u8
TVB无线新闻,http://avd.iptviptv.site:9694/hls/906/index.m3u8
TVB无线财经,http://live.cooltv.top/tv/tvb.php?id=2&hq
澳门澳视,https://iptv.hiper25.com/TDM/video.m3u8
中天新闻,http://ali.hlspull.yximgs.com/live/tboxpropqqtvvqqqyquuqqfvbscvqdqtwqfsqqsqqqcvuyqemqeqtxw.flv
中天综合,http://ali.hlspull.yximgs.com/live/tboxpropqqtvvqqqyquuqqfvbscvqdqtwqfsqqsqqqcvuyqemqeqtxw.flv
中天亚洲,http://extraott.com:80/live/7921751389/6097373662/5555.m3u8
中天娱乐,https://histar.zapi.us.kg/?id=cti-yule
TVBS,http://tianhewan.top/ZIPP.php?url=http://211.72.65.236:8575/.m3u8
三立新闻,http://ali.hlspull.yximgs.com/live/tboxprohmcyoywqqubqdfqfvchtquqxcqxvcbsqfsdxcbmqsllivexw.flv
台视新闻,http://ali.hlspull.yximgs.com/live/tboxproncqqtqqudtqlqcvbcvntqqqsfwetqfvcbcxvdqbqfflvcqtsxw.flv
东森新闻,http://ali.hlspull.yximgs.com/live/tboxpromhqttuqqcvbyquoqdqqeqywefqqfbxfbxxvbqqqlqqhqsxw.flv
东森超视,http://tianhewan.top/ZIPP.php?url=http://211.72.65.236:8525/.m3u8
东森综合,http://tianhewan.top/ZIPP.php?url=http://211.72.65.236:8524/.m3u8
寰宇新闻,http://ali.hlspull.yximgs.com/live/tboxprophxehmffquxcxqveqeqyhmnqqxqqhqdhnqbnxfdqfhyxw.flv
直播中国,https://gcalic.v.myalicdn.com/gc/wgw05_1/index.m3u8?contentid=2820180516001
广东深圳福田红树林,https://gcalic.v.myalicdn.com/gc/djyqyl1_1/index.m3u8
西藏山南浪卡子县鲁日拉景观台,https://gcalic.v.myalicdn.com/gc/hkts07_1/index.m3u8
西藏林芝米林岷山彩门民宿,https://gcalic.v.myalicdn.com/gc/hkylxs06_1/index.m3u8
❌西藏日喀则珠穆朗玛峰,https://gcalic.v.myalicdn.com/gc/qdls02_1/index.m3u8
❌西藏林芝工布江达县岷山错高民宿,https://gcalic.v.myalicdn.com/gc/zjjybf_1/index.m3u8
❌西藏林芝南迦巴瓦,https://gcalic.v.myalicdn.com/gc/jhs05_1/index.m3u8
新疆昌吉州天山天池海西平台,https://gcalic.v.myalicdn.com/gc/drs01_1/index.m3u8
新疆昌吉州天山天池定海神针,http://gctxyc.liveplay.myqcloud.com/gc/xjtcdhsz_1/index.m3u8
新疆天山天池马牙山,https://gcalic.v.myalicdn.com/gc/hkylxs05_1/index.m3u8
云南普洱景东县无量山羊山瀑布,https://gcalic.v.myalicdn.com/gc/blg05_1/index.m3u8
云南丽江玉龙雪山,https://gcalic.v.myalicdn.com/gc/ylxs11_1/index.m3u8
云南保山板桥镇青龙街,https://gcalic.v.myalicdn.com/gc/ylxs12_1/index.m3u8
云南德宏勐焕大金塔,https://gcalic.v.myalicdn.com/gc/dhyyqsm_1/index.m3u8
云南保山比顿咖啡产业文化园,https://gcalic.v.myalicdn.com/gc/zyqcdx01_1/index.m3u8
云南昆明寻甸县城区,https://gcalic.v.myalicdn.com/gc/mdjxxmhjyxj_1/index.m3u8
云南西双版纳千年古寨曼丢,https://gcalic.v.myalicdn.com/gc/fcw03_1/index.m3u8
云南普洱澜沧县景迈山,https://gcalic.v.myalicdn.com/gc/tms05_1/index.m3u8
云南红河民族风情旅游月亮小镇,https://gcalic.v.myalicdn.com/gc/hsyg_1/index.m3u8
❌云南丽江古城大研花巷观景,https://gcalic.v.myalicdn.com/gc/ljgcdyhxgjt_1/index.m3u8
❌云南大理南涧县无量村古树茶园,https://gcalic.v.myalicdn.com/gc/ztn_1/index.m3u8
❌云南丽江古城万古楼遥望玉龙雪山,https://gcalic.v.myalicdn.com/gc/ljgcwglytylxs_1/index.m3u8
❌云南保山隆阳区拦河坝水库,https://gcalic.v.myalicdn.com/gc/sgns02_1/index.m3u8
❌云南大理云南驿茶马古道,https://gcalic.v.myalicdn.com/gc/tyhjtys_1/index.m3u8
❌云南大理无量樱花谷,https://gcalic.v.myalicdn.com/gc/taishan01_1/index.m3u8
浙江舟山东极岛,https://gcalic.v.myalicdn.com/gc/djd01_1/index.m3u8
浙江舟山嵊泗县中心渔港,https://gcalic.v.myalicdn.com/gc/emsyh_1/index.m3u8
浙江乌镇白莲塔,https://gcalic.v.myalicdn.com/gc/zjwzblt_1/index.m3u8
浙江乌镇蓝印花布,https://gcalic.v.myalicdn.com/gc/zjwzlyhb_1/index.m3u8
浙江乌镇西市河,https://gcalic.v.myalicdn.com/gc/zjwzbblh_1/index.m3u8
浙江乌镇龙形田,https://gcalic.v.myalicdn.com/gc/zjwzlxt_1/index.m3u8
四川峨眉山云海日出,https://gcalic.v.myalicdn.com/gc/emsarm_1/index.m3u8
❌乐山大佛全景,https://gcalic.v.myalicdn.com/gc/lsdfgfl_1/index.m3u8
北京密云古水北镇,https://gcalic.v.myalicdn.com/gc/dlst03_1/index.m3u8
❌北京门头沟清水镇黄安坨村,https://gcalic.v.myalicdn.com/gc/lpsgmjng01_1/index.m3u8
❌北京黄花城水长城,https://gcalic.v.myalicdn.com/gc/wgw01_1/index.m3u8
安徽黄山卧云峰,http://gctxyc.liveplay.myqcloud.com/gc/wgw02_1/index.m3u8
安徽黄山飞来石,https://gcalic.v.myalicdn.com/gc/hsptgy_1/index.m3u8
安徽黟县西递半山亭,https://gcalic.v.myalicdn.com/gc/xywfl_1/index.m3u8
安徽宣城溪桃大桥,https://gcalic.v.myalicdn.com/gc/zjjbfh_1/index.m3u8
❌安徽黟县芦村远眺,https://gcalic.v.myalicdn.com/gc/yxlcyt_1/index.m3u8
❌安徽黟县西递牌坊,https://gcalic.v.myalicdn.com/gc/yxxdpf_1/index.m3u8
江苏宿迁骆马湖罗曼园,https://gcalic.v.myalicdn.com/gc/ljgcszsnkgc_1/index.m3u8
江苏南京玄武湖公园,https://gcalic.v.myalicdn.com/gc/xwh01_1/index.m3u8
❌江苏无锡大剧院,https://gcalic.v.myalicdn.com/gc/taishan05_1/index.m3u8
❌江苏徐州之夜,https://gcalic.v.myalicdn.com/gc/hspyt_1/index.m3u8
甘肃敦煌月牙泉,https://gcalic.v.myalicdn.com/gc/dhyyqst_1/index.m3u8
山东济南趵突泉,https://gcalic.v.myalicdn.com/gc/wgw03_1/index.m3u8
沈阳辽宁浑河桥,https://gcalic.v.myalicdn.com/gc/ljgcdsc_1/index.m3u8
陕西西安大雁塔,https://gcalic.v.myalicdn.com/gc/hkylxs01_1/index.m3u8
陕西西安钟楼,https://gcalic.v.myalicdn.com/gc/blg03_1/index.m3u8
陕西咸阳乾陵景区,https://gcalic.v.myalicdn.com/gc/taishan02_1/index.m3u8
陕西渭南潼关县东山景区,https://gcalic.v.myalicdn.com/gc/hkylxs03_1/index.m3u8
陕西渭南韩城市党家村景区,https://gcalic.v.myalicdn.com/gc/gly01_1/index.m3u8
陕西渭南蒲城县中心广场,https://gcalic.v.myalicdn.com/gc/hsxksqj_1/index.m3u8
❌陕西西安长安三河水库,https://gcalic.v.myalicdn.com/gc/ahhs01_1/index.m3u8
❌陕西西安阎良关山石川河风景区,https://gcalic.v.myalicdn.com/gc/nss01_1/index.m3u8
湖南邵阳莨山八角寨,https://gcalic.v.myalicdn.com/gc/hkts02_1/index.m3u8
❌湖南邵阳崀山骆驼峰,https://gcalic.v.myalicdn.com/gc/dlst01_1/index.m3u8
黑龙江哈尔滨霁虹桥,https://gcalic.v.myalicdn.com/gc/hkts09_1/index.m3u8
❌黑龙江萝北县嘟噜河省级自然保护区,https://gcalic.v.myalicdn.com/gc/taishan03_1/index.m3u8
福建南平武夷山玉女峰,https://gcalic.v.myalicdn.com/gc/wysynf_1/index.m3u8
❌福建漳州六鳌翡翠湾,http://gcalic.v.myalicdn.com/gc/fcw01_1/index.m3u8?contentid=2820180516001
内蒙古乌审旗萨拉乌苏考古遗迹公园,https://gcalic.v.myalicdn.com/gc/taishan06_1/index.m3u8
河北承德金山岭长城,https://gcalic.v.myalicdn.com/gc/hkts03_1/index.m3u8
贵州黔东南加榜梯田,https://gcalic.v.myalicdn.com/gc/qdls03_1/index.m3u8
❌贵州遵义赤水大瀑布,https://gcalic.v.myalicdn.com/gc/zjjsrsm_1/index.m3u8
❌山西晋城釜山泫水湖,https://gcalic.v.myalicdn.com/gc/zh02_1/index.m3u8
❌山西大同鼓楼,https://gcalic.v.myalicdn.com/gc/emswfs_1/index.m3u8
青海门源仙米国家森林公园,https://gcalic.v.myalicdn.com/gc/mdjxxdsb_1/index.m3u8
❌青海省祁连山国家公园,https://gcalic.v.myalicdn.com/gc/emspxps_1/index.m3u8
❌五彩池,https://gcalic.v.myalicdn.com/gc/hlwcc_1/index.m3u8
❌广西桂林漓江景区,https://gcalic.v.myalicdn.com/gc/gllj01_1/index.m3u8
❌望乡台,https://gcalic.v.myalicdn.com/gc/hlwxt_1/index.m3u8
❌重庆渝中李子坝,https://gcalic.v.myalicdn.com/gc/ylh04_1/index.m3u8
❌河南南阳方城德云山景区,https://gcalic.v.myalicdn.com/gc/ztd_1/index.m3u8
❌河南焦作云台山红石峡,https://gcalic.v.myalicdn.com/gc/pts01_1/index.m3u8
❌河南商丘永城市日月湖景区,https://gcalic.v.myalicdn.com/gc/hgsspzxdpb_1/index.m3u8
❌河南鹤壁浚县古城景区北城门,https://gcalic.v.myalicdn.com/gc/hlzycc_1/index.m3u8
延边卫视,http://[2409:8087:8:21::18]:6610/otttv.bj.chinamobile.com/PLTV/88888888/224/3221227045/1.m3u8?GuardEncType=2&accountinfo=%7E%7EV2.0%7Eq0D3NdTUN7FuRzr8eJsbQA%7EtP4-l0lmSfjwLWEfK_el1vH_mv-s1zo4AQJwdedaVwG9xkuFTDg8J26cwOrNJzn20BErrHdLhuZ9EzLUCD3PMW-OMx4MGteHV2vLeW6BqoY%2CEND
康巴卫视,http://[2409:8087:8:21::18]:6610/otttv.bj.chinamobile.com/PLTV/88888888/224/3221227027/1.m3u8?GuardEncType=2&accountinfo=%7E%7EV2.0%7EkHMvBpWz4rccMxNvSRekpQ%7EtP4-l0lmSfjwLWEfK_el1vH_mv-s1zo4AQJwdedaVwG9xkuFTDg8J26cwOrNJzn20BErrHdLhuZ9EzLUCD3PMW-OMx4MGteHV2vLeW6BqoY%2CEND
浙江新闻,https://ali-m-l.cztv.com/channels/lantian/channel007/1080p.m3u8
浙江国际,https://ali-m-l.cztv.com/channels/lantian/channel010/1080p.m3u8
浙江少儿,https://ali-m-l.cztv.com/channels/lantian/channel008/1080p.m3u8
浙江教科,https://ali-m-l.cztv.com/channels/lantian/channel004/1080p.m3u8
之江纪录,https://ali-m-l.cztv.com/channels/lantian/channel012/1080p.m3u8
浙江民生,https://ali-m-l.cztv.com/channels/lantian/channel006/1080p.m3u8
浙江经济,https://ali-m-l.cztv.com/channels/lantian/channel003/1080p.m3u8
浙江钱江,https://ali-m-l.cztv.com/channels/lantian/channel002/1080p.m3u8
内蒙新闻,https://livestream-bt.nmtv.cn/nmtv/2316general.m3u8?txSecret=b4373417a82ed64e52b0982a66da8df2&txTime=771E8800
内蒙经济,https://livestream-bt.nmtv.cn/nmtv/2317general.m3u8?txSecret=112b2c4c872de52b0f37aff6ead63ef0&txTime=771E8800
内蒙少儿,https://livestream-bt.nmtv.cn/nmtv/2318general.m3u8?txSecret=a2c948908728a0733cecbe1fadea23dc&txTime=771E8800
内蒙文体,https://livestream-bt.nmtv.cn/nmtv/2319general.m3u8?txSecret=c7b5c515d2bb6df442492d54955329a3&txTime=771E8800
内蒙农牧,https://livestream-bt.nmtv.cn/nmtv/2320general.m3u8?txSecret=4d368a175afa19737a9f5be10af24fe2&txTime=771E8800
蒙语卫视,https://livestream-bt.nmtv.cn/nmtv/2315general.m3u8?txSecret=4971666599ef9411629213c9a300bf66&txTime=771EF880
蒙语文化,https://livestream-bt.nmtv.cn/nmtv/2321general.m3u8?txSecret=d9d0fd7a252ef56b515c46a2e21830f4&txTime=771E8800
呼市新闻综合,https://livestream-bt.nmtv.cn/nmtv/2331general.m3u8?txSecret=4d7342ca5cd74480526ab6d292247aff&txTime=771E8800
包头新闻综合,https://livestream-bt.nmtv.cn/nmtv/2358general.m3u8?txSecret=98390a77c143a68f0fd64bfe6e181dcb&txTime=771E8800
鄂尔多斯新闻,https://livestream-bt.nmtv.cn/nmtv/2349general.m3u8?txSecret=e44477052aba305cadeea45aaf1c674a&txTime=771E8800
巴彦淖尔新闻,https://livestream-bt.nmtv.cn/nmtv/2348general.m3u8?txSecret=6a4ddce077e41b976fe33619fbef2b30&txTime=771E8800
赤峰新闻综合,https://livestream-bt.nmtv.cn/nmtv/2351general.m3u8?txSecret=8857087aeec2cec44d178a18550fdb8a&txTime=771E8800
乌兰察布新闻,https://livestream-bt.nmtv.cn/nmtv/2354general.m3u8?txSecret=cf5f71d0000862b18f5813607b3dfd5b&txTime=771E8800
CGTN英语,https://0472.org/hls/cgtn.m3u8
CGTN记录,https://0472.org/hls/cgtnd.m3u8
CGTN俄语,https://0472.org/hls/cgtne.m3u8
CGTN法语,https://0472.org/hls/cgtnf.m3u8
CGTN西语,https://0472.org/hls/cgtnx.m3u8
CGTN阿语,https://0472.org/hls/cgtna.m3u8
老故事,http://gslbmgsplive.miguvideo.com/migu/kailu/cctvlaogushi/50/20231109/index.m3u8?msisdn=202605221600140ac90d02bb734bddb99108bb8c9e3aa9&mdspid=&spid=699004&netType=0&sid=5910022002&pid=2028597139&timestamp=20260522160014&Channel_ID=0116_2600000900-99000-201600010010027&ProgramID=884121956&ParentNodeID=-99&assertID=5910022002&client_ip=159.75.12.57&SecurityKey=20260522160014&promotionId=&mvid=5900006372&mcid=500020&playurlVersion=WX-A1-9.5.1.2-RELEASE&userid=&jmhm=&videocodec=h264&appCode=miguvideo_android&bean=mgspad&tid=android&conFee=0&puData=a3dad81d56e29a3245fa398c15500b52&ddCalcu=2a53ebd20a40d058511dc5869e32a9fa5342
中学生,http://gslbmgsplive.miguvideo.com/migu/kailu/20210415/cctvzhongxuesheng/50/index.m3u8?msisdn=20260522160015c7c72f46750d422c9d5fd31b49b0a9b0&mdspid=&spid=699004&netType=0&sid=5910019355&pid=2028597139&timestamp=20260522160015&Channel_ID=0116_2600000900-99000-201600010010027&ProgramID=708869532&ParentNodeID=-99&assertID=5910019355&client_ip=159.75.12.57&SecurityKey=20260522160015&promotionId=&mvid=5900002149&mcid=500020&playurlVersion=WX-A1-9.5.1.2-RELEASE&userid=&jmhm=&videocodec=h264&appCode=miguvideo_android&bean=mgspad&tid=android&conFee=0&puData=35a7668762e5622121f20aadd6ed3a07&ddCalcu=7305eaa2378d60e668d7d6a2ae0526f21221
2026-08-02 19:25:09,http://gslbmgsplive.miguvideo.com/wd_r2/cctv/cctv1hd/600/index.m3u8?msisdn=20260522160012fb1f1245ca954c52bd361203cf26fc2d&mdspid=&spid=699004&netType=0&sid=2201057821&pid=2028597139&timestamp=20260522160012&Channel_ID=0116_2600000900-99000-201600010010027&ProgramID=608807420&ParentNodeID=-99&assertID=2201057821&client_ip=159.75.12.57&SecurityKey=20260522160012&promotionId=&mvid=2201057821&mcid=500020&playurlVersion=WX-A1-9.5.1.2-RELEASE&userid=&jmhm=&videocodec=h264&appCode=miguvideo_android&bean=mgspad&tid=android&conFee=0&puData=12a987802ac2b33f9226d0d8522eb85b&ddCalcu=b152e8a2b98e8027285082da0cd26b23239f
[BD]cctv-11戏曲,https://stream1.freetv.fun/fcb5c811d0b32e96680235181c937f92691c44facf0460f417eea6a1159f4375.m3u8
[HD]cctv-14少儿,https://stream1.freetv.fun/16b39a17c3bc3f5982d0796055c25699d7ffc0948274e5f69da181d74d680bc8.m3u8
[HD]cctv15音乐,https://stream1.freetv.fun/4ff2aa344b71cc6bb0ec541e9c3f4b51f71dfa9c283f7c1a73d6de05dd7b8db9.ctv
[HD]cctv2财经,https://stream1.freetv.fun/ec761a960ccb8c0ba303401520130845efb5823211a2e74127985bda02c2b5f3.ctv
[HD]cctv4欧洲,https://stream1.freetv.fun/28d6db18c9a13daff3f7e4d484bdff06c731b94a220c0b73cc5033e8c838337e.ctv
[HD]cctv4欧洲,https://stream1.freetv.fun/dbc48c59c46569fb8efdd2de483a203a460a4060c8c6baf86e76cd6b6e2b0266.ctv
[BD]cctv-4k高清,https://stream1.freetv.fun/e168c6dffa66d0e2bd8966908352a688ca22cd4837ecfd9f5f61d52fd83c44df.m3u8
[BD]cctv-4中文国际,https://stream1.freetv.fun/53004f637662dacde55985b1617344fb47c6df89d8326930439086eeb29d1bfc.m3u8
[HD]cctv4中文国际,https://stream1.freetv.fun/8a07250a04529fe52772a7995691f04a3153bf67960964ad6a63dd6cc7878659.ctv
[HD]cctv-5 plus体育赛事,https://stream1.freetv.fun/46426c5508230b3191d6e2f8741db45084d30a8dff4b789fbcf7ec48bdce110a.m3u8
[BD]cctv-第一剧场,https://stream1.freetv.fun/62caf261ff5c23c742e464f4875e53eaff8f262cdd1ea1b612a6537163a32a7a.m3u8
[BD]cctv-风云足球,https://stream1.freetv.fun/2938fff94d8309aabb9c1df0ab8668be2a326e05c78df4d3a20a6c0a976f3724.m3u8
[BD]cctv-风云音乐,https://stream1.freetv.fun/6224290ea7d17738447d9d6c02c1d33ee4f0a39d9f668426a6f313a52b5ddb7e.m3u8
[HD]Celestial Classic @v,https://stream1.freetv.fun/b3e2c3e84e9e3a94b2510797fb384ba2bd1cc0119af83d81f0c48fe14ef03ea8.ctv
[HD]cgtn,https://stream1.freetv.fun/ebfc70216ae7a55ce8252f8904975b24136bb105c80c05f76b473ddf633345cc.m3u8
[BD]cgtn documentary,https://stream1.freetv.fun/bb88fd2e2af000c20e9f8a2c29c19b3c5b35fcc045ee9864b319736e7dcc33c7.m3u8
[BD]cgtn-español,https://stream1.freetv.fun/23dac25fd3aa576bacfd8279376947917772f38281a0fe320eb8c16281049bde.m3u8
[VGA]cgtn français,https://stream1.freetv.fun/f0f9213e217513611adbc4fe3507700fecb70879311a18aefd2de6e692f11ac3.m3u8
[BD]cgtn русский,https://stream1.freetv.fun/52d89051acb0bae00f4496cd4c9a7968d9a57d1f4db4fe1f520f2b46e6a835d1.m3u8
[BD]CHC动作电影 *$,https://stream1.freetv.fun/68cbb6faf681e640f559e7d9adb748e58faae60621d8e0f20bf7406c3700d8a3.m3u8
[BD]CHC家庭影院 *$,https://stream1.freetv.fun/5187a80d5c942ec03b2b65a0f9f2003c6f5e5c594cb64db5f7af2307fe8dae9b.m3u8
[HD]chc影迷电影,https://stream1.freetv.fun/5874e272f5ee0537a896af935df0fe8b792e4eadef2b829879b5070d883af5e6.ctv
[BD]三沙卫视,https://stream1.freetv.fun/bcfab00c817cae7e7a274dd8e9127c5fefebd554ff87673fdb8df8153834ac05.m3u8
[HD]上海新闻综合,https://stream1.freetv.fun/ae1e5ba924f70d20ff760d1eb8f0ab71583a7fe6549edb506193b0c54387d9a0.ctv
[HD]上海都市,https://stream1.freetv.fun/739243957c92ecc3c5cc8e2d33bbc6ef1fd8529992bbf7ab1a9dcef5e17429d4.m3u8
[BD]上虞文化影院,https://stream1.freetv.fun/4e2143bf3e8f14a15f42a8850a51fe183c621a3fc614c517e36cb0946cd727c7.ctv
[BD]上虞新商都,https://stream1.freetv.fun/3304d40ab080cfdc62386a8b26bd04cdbc7330f96858e3e1a69326aa4a94ed2a.m3u8
[HD]东莞新闻综合,https://stream1.freetv.fun/0e4ec0d4d0c1ee3ba02ddb214dc5cc5a5f754b50fbf81ee700f1af9d67eeb9d0.m3u8
[BD]五星体育,https://stream1.freetv.fun/3790bf8630d515781cf6b215eebc059b6662c50a8a51aa0017183f0bfddd9101.m3u8
[SD]珲春新闻综合,https://stream1.freetv.fun/a00165c7e2f02d531f807233f03aaa048d27fb00573a4c6754c8a158172d394f.m3u8
[VGA]凉山新闻综合,https://stream1.freetv.fun/94276ab3a3abadd022187cab0d4f55b9929831b49368245201f8f7b97760178a.m3u8
[BD]优漫卡通,https://stream1.freetv.fun/4f3e660db4b75f218546c35fbdf55813ca1cd497ebcaa5fa4d873cff81c402f5.m3u8
[HD]内江科教生活,https://stream1.freetv.fun/69d200fb9259c32355dbc3bddea43915a3fd6ae3b4c1ae7fe98a98060e2ad797.m3u8
[VGA]内江综合,https://stream1.freetv.fun/acdb0c67bd1e814d27ae5f8d31376a50f348b0a028df08c99c1496fea63f3cb5.m3u8
[BD]内蒙古卫视,https://stream1.freetv.fun/1e5dc1f802d7775ea9cde7b7b874b914365797c6718c5e95448aa26648e136e6.m3u8
[SD]兵团卫视,https://stream1.freetv.fun/7e0d9638f60dca70ddc3a2437eb10e874587f11f9d3efd833e71acfbdf2de2d6.m3u8
[VGA]南京教科,https://stream1.freetv.fun/728c1aa723417ba38b322b0785a3682945237a79836b71a40ce60c778143f7ce.ctv
[VGA]南京新闻综合,https://stream1.freetv.fun/5b4b16310f8c33dd6977992d1d1fa402cff0c85f10d68bbfc4e0415e95a74492.ctv
[BD]广州南国都市,https://stream1.freetv.fun/6270de04948770700f5901f847ec357c046c90cfa35ab11f3f41d083c59f6527.m3u8
[HD]南宁新闻综合,https://stream1.freetv.fun/407744f7fb47c88ea74cdafe06903296c02e65ec29ef487568b8a2a2ac66c80e.m3u8
[VGA]平凉新闻综合,rtmp://play.kankanlive.com/live/1694661314645984
[SD]合肥新闻,https://stream1.freetv.fun/447bc23a2af7194a517d4869389c2d56eedb85e856a65720a10edd6f50cb6ec6.m3u8
[SD]吉林生活,https://stream1.freetv.fun/a271b02d92c34f992634fce93db0f6b20e08356a63800b72273f60eaea156c72.m3u8
[SD]吉林综艺文化,https://stream1.freetv.fun/6ae4ffafe3b4d1c07ff72d446295aa3a8e9112efcdc77da98792f23176e45514.m3u8
[BD]吉林卫视,https://stream1.freetv.fun/657b3cc8f2106d0e0b52d0bc7f0e15db544b37b3e86bf5f486f351b9db61fa2e.m3u8
[SD]吉林都市,https://stream1.freetv.fun/233d672c3058b07eab24f2329d0c33ac7336e71c57ce4d37bfc2b4b05bd9b24b.m3u8
[BD]咪咕体育,https://stream1.freetv.fun/d8047855af4e70cdb8ed1698e49d90d7564184575e36e04d3fbc861326e39bf3.m3u8
[SD]哈哈炫动,https://stream1.freetv.fun/85aec22da72dbb69d4271fbde70b929f467b7d1b7c3c21639939b3d7865a00ac.m3u8
[VGA]哈尔滨娱乐,https://stream1.freetv.fun/2bbb83987353f278de8023703a2c974ccdd5042777367191c1b91edaeab5eedd.m3u8
[VGA]哈尔滨影视,https://stream1.freetv.fun/58ef82df3778ca830f8f904b85c0165f5b2e134910c81617a525c6fd8f65f2af.m3u8
[VGA]哈尔滨新闻综合,https://stream1.freetv.fun/585b0e84823ffa37063309a0324233793a3def0cc6b723df90478b5facd1c92a.m3u8
[SD]嘉佳卡通,https://stream1.freetv.fun/bee9044f047d4458c631c35b7af51298a624b14d6f9b74a4ea6985c8e4b36106.m3u8
[BD]嘉兴新闻综合,https://stream1.freetv.fun/896ca707b844180e10fd9501bddd73f95d1493423adb2f0ae0acdff060297426.m3u8
[BD]大竹新闻综合,https://stream1.freetv.fun/91cf02555fb8759ed1c001162eeb0f531b1ff13884f68e9714f4cdffe495f769.m3u8
[HD]大湾区卫视,https://stream1.freetv.fun/5541653e7ec9b88139ad499c274fd765cae9c0f1a2277deaa6a713cffa1cc7a3.m3u8
[BD]天津卫视,https://stream1.freetv.fun/a700de96dc13188f1532d89bbb699c4232e8c8c62418eaca13e737017ea8eec7.m3u8
[HD]太谷新闻综合,https://stream1.freetv.fun/63a19973d726fe3a5047df542074d4f01d156e4756dfc656240239aee1433dc1.m3u8
[VGA]东莞新闻综合,https://stream1.freetv.fun/9f43896bbea68d05a4ca43c45893f843057deab8532475242b0a525f089a33f6.m3u8
[BD]安多卫视,https://stream1.freetv.fun/290a71e47606fa713caa0f79a0812e332e24e5ec6d51610020d3031c34fb2857.m3u8
[BD]安徽影视,https://stream1.freetv.fun/8417f6fe392213c086813588cfaa37c038b50ea1d95f9dab8f2468631a6b0b7d.m3u8
[BD]安徽综艺体育,https://stream1.freetv.fun/630b2bb372d38991c9e4b5c30479aac38614b0565cd3e6f1507f10eed30f6f7d.m3u8
[BD]安徽卫视,https://stream1.freetv.fun/aa9b31c1dbeffb511830532e0b8f1413b48dd2c61e59e843d19ba9fc3a073241.m3u8
[HD]淳安新闻综合,https://stream1.freetv.fun/56ceb8eb06e1d8dcdbd23a019880dc6a18a1e5a84184aca560c3e9f1c7879165.ctv
[VGA]衡阳新闻综合,https://stream1.freetv.fun/7736c570e160eec2b8924716990f4cbd7539a6f8bea13d7b83f2efe3d414962e.m3u8
[HD]宜兴新闻综合,https://stream1.freetv.fun/cc25ca7085f266ed90bac8c44cd5a73e8e6020ce7b6418a3144a2e9814569baf.ctv
[VGA]宿迁新闻综合,https://stream1.freetv.fun/5ce46be9b867b200e38da449e0ebe474c790788de3afa06728a0c3d28b1af72f.ctv
[BD]宁夏卫视,https://stream1.freetv.fun/c3a22585493b5fbb62ab4b873bbf60ce767e779781bf178117fcf0918e2de201.m3u8
[BD]宁波新闻综合,https://stream1.freetv.fun/5eee88e93c5b7681cfbae7b627b7cd4cfd90bed45a87eb8290a933f15ad81aca.m3u8
[BD]山东卫视,https://stream1.freetv.fun/3b97ca6daa3a8451a385b7db783b1c5622e979ec500532a2ff7145e99e78fab5.m3u8
[HD]山西卫视,https://stream1.freetv.fun/f3585857f1474c6f9527ea29a7a99115a86855d9addb67619aa9a033299b48eb.m3u8
[SD]岭南戏曲,https://stream1.freetv.fun/d8c1f771130d42888b28704dab5b9d860223af864e4ba941a7dd30d6f6efcce7.m3u8
[BD]广德新闻综合,https://stream1.freetv.fun/d4687ff6210363da3bdebe8d1dabcbb0a553eac58b88e2fa793a456e8c709c76.ctv
[SD]康巴卫视,https://stream1.freetv.fun/295dab8dd3a41d46b785fb58e7500b7009075daa90a521415f2aa8c5f90d94fa.m3u8
[BD]厦门卫视,https://stream1.freetv.fun/a927444efa3d55d3d42d4d80fc9dd565caeae93fe0328d6e078367c2120df3d4.m3u8
[HD]广州新闻,https://stream1.freetv.fun/ed61829ac0bb1a28d5b4b48fc44b922c449965f788f0366b085dbe80185d915b.m3u8
[HD]广州综合,https://stream1.freetv.fun/91ae862b8b3ce7a58fb837900e84984ae323afa312699797c3eb21ac4ff060df.m3u8
[HD]广州综合,https://stream1.freetv.fun/a4bc1a7a542265801d3d8b625c1713f91c9b5610a5ecdcebd9293ceb864cf9b6.m3u8
[HD]广东4k超高清,https://stream1.freetv.fun/2c001125e9971ba7ea1c832a04dcb6339a08c0202b42f28aa231364e92345378.m3u8
[BD]广东少儿高清,https://stream1.freetv.fun/9f3e33c6a37116c66b6d9630d2811d1cd233a02c2aedd96130ceb94323d70411.ctv
[BD]广东影视高清,https://stream1.freetv.fun/6bebaac90570df001f0cdefe9391601e6d109033ab27618c4d82efb1eb7a88e4.ctv
[SD]广东新闻,https://stream1.freetv.fun/468ecbac0873f6bf73428cfcffcc5c254b0c9b6ce5dc755b94a0bf61bb0e73b0.m3u8
[BD]广东民生,https://stream1.freetv.fun/d705bf2698d0b56ef2db9514c5bdf14406bd0c7fbdfd887eb3b649750bb83361.ctv
[HD]广东移动,https://stream1.freetv.fun/b81ea1956dfa606444658bc78dc71d1d41892edc769e5d7ca147ffdf8fc8fc2a.m3u8
[BD]广东卫视,https://stream1.freetv.fun/6787e35b48df7529fb25c86cd92936335e75d68881015ff99c3e969f57177987.m3u8
[HD]广东体育,https://stream1.freetv.fun/7b470f9fc5c305db0c8622117b7b25ca00eb35ba3e93e865cf0ff9df5c736681.m3u8
[HD]广东体育,https://stream1.freetv.fun/bcb4599efdd18b814588a0ccc527f5ec903cb2130caef6e01ea02784c19124dc.m3u8
[BD]广西综艺旅游,https://stream1.freetv.fun/daf3dbf6d04bf3379c9219793315c3160019d47e28323281ac04e53c4372d579.m3u8
[SD]广西卫视,https://stream1.freetv.fun/3899ee96bfc51a8e53baa9d48c86b9b9a52907112fffcb33e94df2c05cc02d3c.m3u8
[BD]延边卫视,https://stream1.freetv.fun/d2ea3a364fa453b29060ebccb5a06a1941755859c0182ab0f071473c08738fc2.m3u8
[HD]溧阳新闻综合,https://stream1.freetv.fun/b8c64ad04bfc79a185f0e5b412ca9a2f6036b61c2592122c426a295cb499e393.ctv
[BD]新疆卫视,https://stream1.freetv.fun/345c53fbea8456cd1cc4c91283ea05745ba501069d006845745d9bf453f1ab53.m3u8
[BD]晋城公共,https://stream1.freetv.fun/906138969e04bb17662c36afe229862daf7f6d4f21e727ef3f9c2e6647a82435.m3u8
[BD]晋城新闻,https://stream1.freetv.fun/da893d9b0113218f080fe13e82cae10b9502c0be8f3ca470983cc8b1722f8558.m3u8
[HD]东南卫视,https://stream1.freetv.fun/3ad6599415990b0f15bec3d681fb934f53a2f82aac7584375237a83573efe5c7.m3u8
[BD]东方卫视,https://stream1.freetv.fun/83c3a916916d31715425b6e333fa1bc61dd7401ec2e546e2e62e0dacdeac543a.m3u8
[HD]东莞新闻综合,https://stream1.freetv.fun/f1d20f3c5cef5eafd9c816bec781027fb28accf44dd0f3421ab35728914aecfa.m3u8
[VGA]东莞综合,https://stream1.freetv.fun/d8e73ca102368276e14bb06176fea0d69be787f785677be0e005362b3467d3c4.m3u8
[VGA]武义新闻综合,https://stream1.freetv.fun/7e77f511779e7c74f536943021a40eefa5046b0341940759bad369b02c8353bb.m3u8
[BD]汕尾综合高清,https://stream1.freetv.fun/d29f0e32508e86e8984f07d065a8a2372d51962ac8234a83b750958a43ba7748.ctv
[BD]汕头生活高清,https://stream1.freetv.fun/61fa28af24b2c2e5518954a50e0e9e743682c6ceafab6dfd7a5c12ee780ea748.ctv
[BD]汕头综合高清,https://stream1.freetv.fun/dd32f6d2ef2242ba2c4fcfb92531fa34b0fe4cdcedbacd33bfac1f47d60978ad.ctv
[BD]浙江公共新闻,https://stream1.freetv.fun/d1c3b4513b9de5c1602cce87e243474a66546d88b2f61b0f8e39aad40ff198b7.m3u8
[VGA]江苏城市,https://stream1.freetv.fun/382af609ebebedcd3beff96d1a1690f0d93113599507454e0695a2d002ae7623.ctv
[VGA]江苏影视,https://stream1.freetv.fun/ff51b87d5cd5bd439c8c794400e57cef00030333c15716915efdb774a013b129.ctv
[VGA]江苏教育,https://stream1.freetv.fun/38c52ac794874983f6d5f2df6443cb38df0ce082d1484f231b7147b7d3bae3c2.ctv
[VGA]江苏综艺,https://stream1.freetv.fun/f8ef469943662bed2abc6609d9ef1720b9e93a8a0bd6f5789133461e36763f37.ctv
[BD]江苏卫视,https://stream1.freetv.fun/d603dff9bd97cd0af111d22f7e7559d5811119df07427c3896440285361868da.m3u8
[HD]江苏卫视,https://stream1.freetv.fun/7a6d3954006400de357972825cc8f9c0696be3736691866afef894a14b5a4550.ctv
[HD]江西新闻,https://stream1.freetv.fun/9e1104563bc983ebad480bc392a3225de8680a227ee8729c65ba97665899c5d6.m3u8
[BD]江西卫视,https://stream1.freetv.fun/bc4d49bde015fc24aafb924423536d9ec2f09ad3d55313e4a482ba85ae48b175.m3u8
[BD]河北卫视,https://stream1.freetv.fun/53800b472ac1869f0e75f5c2b17fdee144590e10b746f523425fd6ee5cc9b490.m3u8
[BD]河南卫视,https://stream1.freetv.fun/ea842ab34e6da31e0eae5bd8be6c4b7d67f0b0c214efaca7ff2c5a1718f7fe55.ctv
[VGA]泰州新闻综合,https://stream1.freetv.fun/a1cec8b6b1673ab615ca831df10e7add9adb480255f4fe5012100bebd5b6cc4a.ctv
[BD]浙江国际,https://stream1.freetv.fun/85946246ab7fd0c04a997e854c5a6a90f9f74f0fec769c6bfb77a60526c6d729.m3u8
[BD]浙江少儿,https://stream1.freetv.fun/50c4a249494de61824ce97ab733b7617ab321cbe8dcb427681e0a93701dbf02a.m3u8
[VGA]浙江少儿,https://stream1.freetv.fun/d148043df6b2f6d9464b41a73a6da05d758d0ad15a0d1d8a38a95b817d0a34e3.ctv
[BD]浙江教科,https://stream1.freetv.fun/3f41e71745381e4f3fd90b31d50e8ef2c755c29e2e27255445ed2f045d8586ac.m3u8
[BD]浙江新闻,https://stream1.freetv.fun/03d41c16ba390e8c132dda44c07c14d196b43567d8d030a6a69515bb2a1bb4c5.m3u8
[BD]浙江民生休闲,https://stream1.freetv.fun/d7aed8b4df920d57d796b43c9bbc06917dda6e92dc426da1b32fc6545816cafb.m3u8
[BD]浙江经济,https://stream1.freetv.fun/4d8b9fe3035f2e18ad4cfd932ed099f54c0bc5196cba62f0bc4c77e3a9bb7a17.m3u8
[HD]浙江卫视,https://stream1.freetv.fun/7f280c90c0c7647b6816a25c4b4ec1732c7d84bd85d08cdd5f60489b14d7e33f.m3u8
[BD]浙江钱江,https://stream1.freetv.fun/beb59949dcf45099dd66ed89aa84c89f902ad796f85026c28fb3ad2925d545e2.m3u8
[BD]海南卫视,https://stream1.freetv.fun/468b29e1bee51764e3cf09ee70bf730e44aaeead942f39c43e9010e9da7b7a4a.ctv
[BD]乌海新闻综合,https://stream1.freetv.fun/70f34e395a3ad3bed2026b85d131ce4c546c1a90efbace5bdd88fc3ae6c7e27b.m3u8
[BD]海峡卫视,https://stream1.freetv.fun/ba0cb96ba000eebc5a91bd4ffcaed72334b786255d15f293d5f09f19c344cc0f.m3u8
[VGA]海绵宝宝,https://stream1.freetv.fun/a9423b0805090240a90e6212c46a3ab1f6732f23ed1fb94d85f2f2d9a7691e14.ctv
[BD]深圳卫视,https://stream1.freetv.fun/7d757fa493739ff207393df39f8f3802fb8ad230acf5ccb8917c0d3c6f37ef70.m3u8
[HD]深圳电视剧,https://stream1.freetv.fun/d998541f0ea7980bd3269e70cb06bc71a468f5e6c34afe58cd0673a3dcfd7578.m3u8
[BD]湖北卫视,https://stream1.freetv.fun/f159656e972aa17ba9ff4e974713a0f92b152108582d298455b0bed215d2427b.m3u8
[HD]湖南娱乐,https://stream1.freetv.fun/d823f63f178d27fa744c94a23baa86fac9d249923cf03843d769b3bae2e70a8a.m3u8
[HD]湖南教育,https://stream1.freetv.fun/354283335738ca823e457e68ba3f4cd00437a1ea7d1ab361f38b38fdde7423b6.m3u8
[HD]湖州公共,https://stream1.freetv.fun/6a35cfa79352d8aefbded0e0224faaa330d4720664c5b3cde45a74d815aa74c5.m3u8
[HD]湖州文化娱乐,https://stream1.freetv.fun/fb0069a691128b913e0e96e43df7b03eed42a37307164c3f32e934b187742a15.m3u8
[HD]泸州新闻综合,https://stream1.freetv.fun/78ff2a1906b458cac0f424556a4d75cad5a332397e9f103400ef6d2264c97b95.m3u8
[BD]重庆|江津新闻综合,https://stream1.freetv.fun/48e8e8d0fc6a429f90921269888907d31e377c22e5fc3018702e6a9762873a42.m3u8
[BD]经济科教高清,https://stream1.freetv.fun/1de148cf5218954c6deb78802bc948aa2312f032679a7368cf73b881f8ae3893.ctv
[BD]潮州综合高清,https://stream1.freetv.fun/6f60d2f0c11750b138929b982c3fb04c375a7005d91bafadbebc48cae7903171.ctv
[SD]甘肃卫视,https://stream1.freetv.fun/f11146c2006e7910b9afafb28d2862756fb9da148e957c0d32c92e8714b57f5c.m3u8
[HD]眉山丹棱综合,https://stream1.freetv.fun/0261a754e99b7c3e4b739b1bb3835d5470b62b3b0a2735a5bcc08238c57f1778.m3u8
[VGA]上海第一财经,https://stream1.freetv.fun/1c1c19899c0486623d6de62430a7ac31436d608147b0c9b981f5635f2c8a87ed.ctv
[HD]绍兴文化影视,https://stream1.freetv.fun/e46895f728cf01af107df98927c3bd0664dc452a60f2d117abef3ab9b0b6768f.m3u8
[SD]绍兴新闻,https://stream1.freetv.fun/3ebead7dcef07f7ea24dbdf1f24299de2dec8ddecf20737e5a00dce01b26cc3c.m3u8
[HD]萧山新闻综合,https://stream1.freetv.fun/1c41768e993a54617b9a22c65c9d4dcaea80759097ee0a859f1e8590955ddad7.m3u8
[BD]荆门新闻综合,https://stream1.freetv.fun/93151160c381a034f6cf7e560a6fa981282baea3f54a177ee39ec6c5222f5f01.m3u8
[BD]西藏卫视,https://stream1.freetv.fun/b6fd525230d5e936f16a8f7e029daee6271d0c67f492af57f4de23e14f9daa1a.m3u8
[BD]贵州卫视,https://stream1.freetv.fun/cc54b485fc3912265c9dbb24fe2b6d1ba2b65412d0ff45b904bc4d53ea02bf67.m3u8
[SD]农林卫视,https://stream1.freetv.fun/4509b28aa6870b6723880c39a01a00ab539461605d227f22a85ba3d105592ad9.m3u8
[VGA]连云港新闻综合,https://stream1.freetv.fun/c026e00e084889aff791df402170b37bbdf55244f8f595ea61c37416e94b5c1e.ctv
[BD]辽宁卫视,https://stream1.freetv.fun/b2bebbb6d53b62ec21c3dca43f81123f14218a573e3986c8d65755142700cba7.m3u8
[HD]邢台生活,https://stream1.freetv.fun/15c753e55509e76adcacaea1e9fd25e488f46288bb427a147d28166da66a75c0.m3u8
[HD]邢台综合,https://stream1.freetv.fun/22a727200d94fded7d5071e1fa312eea44c9131f2597e7bf0e6fafbef44071b9.m3u8
[VGA]徐州新闻综合,https://stream1.freetv.fun/3c2473fa6a0b1cfb37b354e3262d69e720a9706148ca3b1312315cb76cdb228a.ctv
[BD]重庆卫视,https://stream1.freetv.fun/2af0c7392453c9de383e05a4ae3af9a959fb2ed1172733a27f7b5286bd6be067.m3u8
[BD]金川新闻综合,https://stream1.freetv.fun/506c3267cad24416b7cac2f65e053b9d32e3a702c36e2dd4dddfc69ec776a6cf.m3u8
[SD]金鹰卡通,https://stream1.freetv.fun/ad5d5c067f153977856869304a9f72417ffbd5adf6fc215041b1c1c0bcbcf01c.m3u8
[SD]江夏新闻综合,https://stream1.freetv.fun/b721fd17d5166827b490ce21270dce5dd9736ae6e5fc2b5795c609252f252d01.m3u8
[SD]长春双阳综合,https://stream1.freetv.fun/a432d72c4736270bad647499420a3fbffef515044f96f2be844c2266b49fe7b5.m3u8
[HD]陕西新闻资讯,https://stream1.freetv.fun/bc29e85798a33bfb1b0e49cc9c8b14a379ee73626b52053b1a0f6c28a56d4d08.ctv
[BD]陕西卫视,https://stream1.freetv.fun/eb1d7157459fe4c37bbfad23252b85ab628f4e3d14d81aea7b4a014d2658ae41.m3u8
[SD]陕西都市青春,https://stream1.freetv.fun/1b5c2948073df91c08fdc1b18bf158ca6c9cc35c9b7c77bd7bc0727c2c3bb6c4.m3u8
[VGA]体育休闲,https://stream1.freetv.fun/85a90a699ed0a7f768a21eb7b777d70882019db35818f8258c33d272a3be662d.ctv
[HD]云南影视,rtmp://hwzbout.yntv.net/62hdvf/utrat7
[BD]云南卫视,https://stream1.freetv.fun/368e59cc43274d4c5380dfd940d1f40ee03a4b9cb5b1648b01c42b47f2516d8b.m3u8
[HD]云南都市,https://stream1.freetv.fun/c7f89783268c13760aff864a0e464360ea9335ac3ef8a5ef52a354d7fd305ef2.m3u8
[HD]电影,https://stream1.freetv.fun/03c515367b515b15a1abfe4b18a750a17a1e0e1629def3e263d815a67bd71c24.ctv
[HD]盐城新闻综合,https://stream1.freetv.fun/ee730abf7f00cf19da98b49f0f8cfe02c2c6a9ce62eaa9b1e3a5ba0510bc4168.ctv
[HD]溧水新闻综合,https://stream1.freetv.fun/1a079c059eb130d33f8a0b23c616b77e1390d13bed99002dda920d83163b8808.ctv
[SD]黑龙江卫视,https://stream1.freetv.fun/cfa2ed9d4f96d20f3dd2eb920e17de8ecd8482cfff2328d8cfdcaba050a03a4b.ctv
2026-08-02 15:37:21,http:///ottrrs.hl.chinamobile.com/PLTV/88888888/8/3221226016/index.m3u8
浙江钱江,https://ali-m-l.cztv.com/channels/lantian/channel002/1080p.m3u8
浙江民生,https://ali-m-l.cztv.com/channels/lantian/channel006/1080p.m3u8
浙江新闻,https://ali-m-l.cztv.com/channels/lantian/channel007/1080p.m3u8
浙江少儿,https://ali-m-l.cztv.com/channels/lantian/channel008/1080p.m3u8
浙江教科,https://ali-m-l.cztv.com/channels/lantian/channel004/1080p.m3u8
浙江经济,https://ali-m-l.cztv.com/channels/lantian/channel003/1080p.m3u8
之江纪录,https://ali-m-l.cztv.com/channels/lantian/channel012/1080p.m3u8
浙江国际,https://ali-m-l.cztv.com/channels/lantian/channel010/1080p.m3u8
龙泉新闻综合,http://l.cztvcloud.com/channels/lantian/SXlongquan1/720p.m3u8
青田电视台,http://l.cztvcloud.com/channels/lantian/SXqingtian1/720p.m3u8
象山新闻综合,http://l.cztvcloud.com/channels/lantian/SXxiangshan1/720p.m3u8
文成新闻综合,http://l.cztvcloud.com/channels/lantian/SXwencheng1/720p.m3u8
云和新闻综合,http://l.cztvcloud.com/channels/lantian/SXyunhe1/720p.m3u8
北京卡酷少儿,http:///ottrrs.hl.chinamobile.com/PLTV/88888888/8/3221225654/index.m3u8
北京卡酷少儿,https://zby.130519.xyz/PLTV/11/224/3221226019/index.m3u8
北京卡酷少儿,http://[2409:8087:1a01:df::4077]/ottrrs.hl.chinamobile.com/PLTV/88888888/8/3221225654/index.m3u8
北京新闻,http://iptv.huuc.edu.cn/hls/btv9hd.m3u8
上海纪实,http://iptv.huuc.edu.cn/hls/docuchina.m3u8
上海都市,https://zby.130519.xyz/PLTV/11/224/3221225749/index.m3u8
东方影视,https://zby.130519.xyz/PLTV/11/224/3221225744/index.m3u8
东方财经,https://zby.130519.xyz/PLTV/11/224/3221226134/index.m3u8
动漫秀场,https://zby.130519.xyz/PLTV/11/224/3221225764/index.m3u8
哈哈炫动,https://zby.130519.xyz/PLTV/11/224/3221226161/index.m3u8
新闻综合,https://zby.130519.xyz/PLTV/11/224/3221226136/index.m3u8
欢笑剧场,https://zby.130519.xyz/PLTV/11/224/3221225771/index.m3u8
法治天地,https://zby.130519.xyz/PLTV/11/224/3221225994/index.m3u8
生活时尚,https://zby.130519.xyz/PLTV/11/224/3221225768/index.m3u8
第一财经,https://zby.130519.xyz/PLTV/11/224/3221225737/index.m3u8
都市剧场,https://zby.130519.xyz/PLTV/11/224/3221225762/index.m3u8
新沂新闻,http://live.xysrmt.cn/xwzh/playlist.m3u8
新沂生活,http://live.xysrmt.cn/shpd/playlist.m3u8
无锡娱乐,http://stream.thmz.com/wxtv2/playlist.m3u8
无锡生活,http://stream.thmz.com/wxtv4/playlist.m3u8
无锡经济,http://stream.thmz.com/wxtv5/playlist.m3u8
江苏城市,https://stream1.freetv.fun/675206b8446ce719bfb293b5a5296db3aa26521c9810de7c996838247cc56964.ctv
江苏影视,https://stream1.freetv.fun/a89dd489fa013bc4f36bcc4afe388f1783e2251c276e2566a9359d68a61c6d91.ctv
江苏教育,https://stream1.freetv.fun/7174b4fd66ddb2a7456b7040105dc27a1e57c166593870bb773cb5f6b4546c54.ctv
淮安公共,http://live1.habctv.com/ggpdsl/playlist.m3u8
苏州文化生活,https://live-auth.51kandianshi.com/szgd/csztv3.m3u8
苏州新闻综合,https://live-auth.51kandianshi.com/szgd/csztv1.m3u8
苏州生活资讯,https://live-auth.51kandianshi.com/szgd/csztv5.m3u8
苏州社会经济,https://live-auth.51kandianshi.com/szgd/csztv2.m3u8
朝阳新闻综合,http://120.76.248.139/live/bfgd/4200000282.m3u8
辽宁北方,http://dassby.qqff.top:99/live/辽宁北方/index.m3u8
辽宁影视剧,http://120.76.248.139/live/bfgd/4200000070.m3u8
辽宁教育青少,http://120.76.248.139/live/bfgd/4200000075.m3u8
辽宁生活,http://120.76.248.139/live/bfgd/4200000073.m3u8
辽宁生活,http://dassby.qqff.top:99/live/辽宁生活/index.m3u8
辽宁经济,http://120.76.248.139/live/bfgd/4200000480.m3u8
辽宁经济,http://120.76.248.139/live/bfgd/4200000076.m3u8
辽宁经济,http://dassby.qqff.top:99/live/辽宁经济/index.m3u8
辽宁都市,http://120.76.248.139/live/bfgd/4200000610.m3u8
辽宁都市,http://120.76.248.139/live/bfgd/4200000068.m3u8
辽宁都市,http://dassby.qqff.top:99/live/辽宁都市/index.m3u8
金鹰纪实,http://iptv.huuc.edu.cn/hls/gedocu.m3u8
金鹰纪实,http://rrs01.hw.gmcc.net:8088/PLTV/81/224/3221226667/1.m3u8
湖北综合,http://[2409:8087:4c0a:22:1::11]:6410/170000001115/UmaiCHAN638072216f7da/index.m3u8?AuthInfo=9kOOdBn7MFF%2F2bWjKgahUUAdKgLqNB5aOAUhcp5CeNLx3R3LdIBdA5q61lut1LwZcw4SC2tJubc%2Bq5t%2F61jvWCtjrJL0x%2BHncPgdmcbBW9I
湖北生活,http://[2409:8087:4c0a:22:1::11]:6410/170000001115/UmaiCHAN638072c62e405/index.m3u8?AuthInfo=9kOOdBn7MFF%2F2bWjKgahUUAdKgLqNB5aOAUhcp5CeNKJPodw5BcDirSOw7egztI5bUvJjqPzSNAhrA37GrbRBIAjGQpzP0QmgsmuHnQyd2c
湖北教育,http://[2409:8087:4c0a:22:1::11]:6410/170000001115/UmaiCHAN638072a6cbbf6/index.m3u8?AuthInfo=9kOOdBn7MFF%2F2bWjKgahUUAdKgLqNB5aOAUhcp5CeNKTFQuOKNd5i0HMa3ydMWIQ6kJ2fBJGJ77BLTXK72CqUYQsX3ZguYt0954s9hfZTfc
湖北垄上,http://[2409:8087:4c0a:22:1::11]:6410/170000001115/UmaiCHAN638072463c333/index.m3u8?AuthInfo=9kOOdBn7MFF%2F2bWjKgahUUAdKgLqNB5aOAUhcp5CeNL%2Be1h4FfA5QqwJ7IPOz3p2qIS7djSxm17Htd%2FckZkm%2FVqsKHEJFJt26ju9iibzMEo
江夏新闻综合,http://59.175.226.142:280/gb28181/xwzh.m3u8?zhubd
乐至综合,http://175.155.106.72:89/live1/live1.m3u8?zsicd
剑阁综合,https://m3u8.channel.dzsm.com/nmip-media/channellive/channel105549/playlist.m3u8
四川科教,http://182.150.115.21:8030/pcgacg/pcgacg_0.m3u8
广元公共,https://m3u8.channel.dzsm.com/nmip-media/channellive/channel101257/playlist.m3u8
广元综合,https://m3u8.channel.dzsm.com/nmip-media/channellive/channel100999/playlist.m3u8
广安公共,http://live1.gatv.com.cn:85/live/GGPD_ggpdzm.m3u8?zsicd
朝天综合,https://m3u8.channel.dzsm.com/nmip-media/channellive/channel104601/playlist.m3u8
汉源综合,http://live.hyxrmt.com:85/live/xwpd.m3u8
沐川综合,rtmp://tv.mcrm.org.cn:1935/channellive/tv01
石棉综合,rtmp://tv.yunxya.com:1937/channellive/shimian
荥经综合,https://m3u8channel-yj.yunxya.com/nmip-media/channellive/channel101140/playlist.m3u8
金川乡村,http://live.jinchuanrmt.com:90/live/jcxc.m3u8?zsicd
金川新闻综合,http://live.jinchuanrmt.com:90/live/zhxw.m3u8?zsicd
雅安新闻综合,https://play.yunxya.com/channellive/xinwen.m3u8
青川综合,http://qcfile.qcrmt.com/nmip-media/channellive/channel100933/playlist.m3u8
厦门卫视,http://e2.woc.iiiya.cn:28888/rtp/239.61.2.11:8060
河南都市,http://1.94.31.214/php/hntv.php?id=hnds
河南民生,http://www.lwfz.fun:8800/rtp/239.16.20.165:11650
鹿泉一套,https://jwcdnqx.hebyun.com.cn/live/luquanyi/1500k/tzwj_video.m3u8
邯郸科技教育,https://jwcdnqx.hebyun.com.cn/live/hdkj/1500k/tzwj_video.m3u8
邢台综合,http://jwplay.hebyun.com.cn/live/xtsrmtzs/1500k/tzwj_video.m3u8
河北都市,http://1.94.31.214/php/hebei.php?id=hbds
河北农民,http://1.94.31.214/php/hebei.php?id=nmpd
昌黎综合,https://jwcdnqx.hebyun.com.cn/live/clzhpd/1500k/tzwj_video.m3u8
甘肃经济,https://hls.gstv.com.cn/49048r/10iv1j.m3u8
甘肃都市,https://hls.gstv.com.cn/49048r/l54391.m3u8
甘肃少儿,https://hls.gstv.com.cn/49048r/922k96.m3u8
山东教育,http://iptv.huuc.edu.cn/hls/sdetv.m3u8
日照公共,http://live.rzw.com.cn/kzpd/playlist.m3u8
日照科教,http://live.rzw.com.cn/ggpd/playlist.m3u8
银川生活,http://www.ycen.com.cn/ycxw/playlist.m3u8
银川公共,http://www.ycen.com.cn/ycgg/playlist.m3u8
银川文体,http://www.ycen.com.cn/ycwt/playlist.m3u8
靖宇综合,http://stream8.jlntv.cn/jytv/playlist.m3u8
桦甸综合,http://stream10.jlntv.cn/huadian/playlist.m3u8
东丰综合,http://stream5.jlntv.cn/df/playlist.m3u8
柳河综合,http://stream5.jlntv.cn/lh/playlist.m3u8
黑龙江文体,http:///ottrrs.hl.chinamobile.com/PLTV/88888888/8/3221226239/index.m3u8
黑龙江文体,http://[2409:8087:1a01:df::7005]/ottrrs.hl.chinamobile.com/PLTV/88888888/224/3221226239/index.m3u8
黑龙江文体,http://[2409:8087:1a01:df::4077]/ottrrs.hl.chinamobile.com/PLTV/88888888/8/3221226239/index.m3u8
黑龙江新闻法治,http:///ottrrs.hl.chinamobile.com/PLTV/88888888/8/3221226330/index.m3u8
黑龙江新闻法治,http://[2409:8087:1a01:df::7005]/ottrrs.hl.chinamobile.com/PLTV/88888888/224/3221226330/index.m3u8
黑龙江新闻法治,http://[2409:8087:1a01:df::4077]/ottrrs.hl.chinamobile.com/PLTV/88888888/8/3221226330/index.m3u8
黑龙江影视,http:///ottrrs.hl.chinamobile.com/PLTV/88888888/8/3221226298/index.m3u8
黑龙江影视,http://[2409:8087:1a01:df::7005]/ottrrs.hl.chinamobile.com/PLTV/88888888/224/3221226298/index.m3u8
黑龙江影视,http://[2409:8087:1a01:df::4077]/ottrrs.hl.chinamobile.com/PLTV/88888888/8/3221226298/index.m3u8
黑龙江都市,http:///ottrrs.hl.chinamobile.com/PLTV/88888888/8/3221226301/index.m3u8
黑龙江都市,http://[2409:8087:1a01:df::7005]/ottrrs.hl.chinamobile.com/PLTV/88888888/224/3221226301/index.m3u8
黑龙江都市,http://[2409:8087:1a01:df::4077]/ottrrs.hl.chinamobile.com/PLTV/88888888/8/3221226301/index.m3u8
黑龙江少儿,http:///ottrrs.hl.chinamobile.com/PLTV/88888888/8/3221226304/index.m3u8
黑龙江少儿,http://[2409:8087:1a01:df::7005]/ottrrs.hl.chinamobile.com/PLTV/88888888/224/3221226304/index.m3u8
黑龙江少儿,http://[2409:8087:1a01:df::4077]/ottrrs.hl.chinamobile.com/PLTV/88888888/8/3221226304/index.m3u8
哈尔滨新闻综合,http://stream.hrbtv.net/xwzh/sd/live.m3u8?zheild
哈尔滨影视,http://stream.hrbtv.net/yspd/playlist.m3u8
哈尔滨影视,http://stream.hrbtv.net/yspd/sd/live.m3u8?zheild
哈尔滨资讯,http://stream.hrbtv.net/zxpd/playlist.m3u8
哈尔滨生活,http://stream.hrbtv.net/shpd/playlist.m3u8
哈尔滨生活,http://stream.hrbtv.net/shpd/sd/live.m3u8?zheild
哈尔滨娱乐,http://stream.hrbtv.net/ylpd/sd/live.m3u8?zheild
哈尔滨娱乐,http://stream.hrbtv.net/ylpd/playlist.m3u8
七台河新闻综合,http://live.qthnews.org.cn:1935/live/live1/800k/tzwj_video.m3u8
佳木斯新闻综合,http:///ottrrs.hl.chinamobile.com/PLTV/88888888/8/3221226451/index.m3u8
佳木斯新闻综合,http://[2409:8087:1a01:df::4077]/ottrrs.hl.chinamobile.com/PLTV/88888888/8/3221226451/index.m3u8
七台河民生社教,http://live.qthnews.org.cn:1935/live/live2/800k/tzwj_video.m3u8
翡翠台,http://r.jdshipin.com/qClQf
更新时间: 2026-08-02 18:01:27（北京时间）仅供娱乐,切勿商用。
2026-08-02 18:01:27,http://kakaxi.indevs.in/Disclaimer.mp4
CCTV4欧洲,http://182.127.153.16:1234/608807419
CCTV4欧洲,http://8.135.27.147:1234/608807419
CCTV4欧洲,http://116.52.173.95:1234/608807419
CCTV4欧洲,http://222.130.32.99:7788/608807419
翡翠台,http://r.jdshipin.com/qrfbg
翡翠台,http://r.jdshipin.com/62WM7
翡翠台,http://r.jdshipin.com/n90gt
翡翠台,http://r.jdshipin.com/GeWKr
翡翠台,http://api.kkitv.itv888.vip:8080/streams/91wc8xdtj8/index.m3u8
翡翠台,http://cdn9.163189.xyz/smt1.1.php?id=jade_twn
翡翠台,http://cdn6.163189.xyz/163189/fct4k
翡翠台,http://php.jdshipin.com:8880/TVOD/iptv.php?id=fct4
明珠台,http://r.jdshipin.com/ZQ4kN
明珠台,http://r.jdshipin.com/jUx8K
CCTV4欧洲,http://27.12.12.107:1234/608807419
CCTV4欧洲,http://110.154.192.36:7788/608807419
明珠台,http://api.kkitv.itv888.vip:8080/streams/qi0oiujn7hh/index.m3u8
明珠台,http://cdn9.163189.xyz/smt1.1.php?id=pearl_twn
明珠台,http://php.jdshipin.com/TVOD/iptv.php?id=mzt2
凤凰中文,http://r.jdshipin.com/cCCzW
凤凰中文,http://cdn6.163189.xyz/163189/fhzw
凤凰资讯,http://r.jdshipin.com/0Rp07
凤凰资讯,http://api.kkitv.itv888.vip:8080/streams/wzt3qbit80m/index.m3u8
凤凰香港,http://r.jdshipin.com/yDoTN
凤凰香港,http://r.jdshipin.com/NfC0f
凤凰香港,http://api.kkitv.itv888.vip:8080/streams/mty4v56ud39/index.m3u8
凤凰香港,http://cdn6.163189.xyz/163189/fhhk
凤凰香港,http://php.jdshipin.com/TVOD/iptv.php?id=fhhk
凤凰卫视,http://api.kkitv.itv888.vip:8080/streams/vny1wblsnch/index.m3u8
纬来体育,rtmp://f13h.mine.nu/sat/tv721
纬来育乐,rtmp://f13h.mine.nu/sat/tv701
J2,http://api.kkitv.itv888.vip:8080/streams/48uxa7dlbga/index.m3u8
CCTV4欧洲,http://223.247.25.227:1234/608807419
CCTV4欧洲,http://116.147.108.169:7788/608807419
CCTV4欧洲,http://106.42.108.174:7788/608807419
CCTV4欧洲,http://116.236.204.18:1234/608807419
CCTV4欧洲,http://111.231.6.102:1234/608807419
CCTV4欧洲,http://42.94.210.221:7788/608807419
CCTV4欧洲,http://113.120.243.10:7788/608807419
CCTV4欧洲,http://gslbmgsplive.miguvideo.com/migu/kailu/20200324/cctv4ouhd/51/index.m3u8?msisdn=61f37404ab73a9cc0f3e66592cc3fa5a&mdspid=&spid=699004&netType=0&sid=2200179315&pid=2028597139&timestamp=20260802172034&Channel_ID=0116_2600034600-99000-201600010010028&ProgramID=608807419&ParentNodeID=-99&assertID=2200179315&client_ip=39.103.188.159&SecurityKey=20260802172034&promotionId=&mvid=2200179315&mcid=500020&playurlVersion=ZQ-A1-9.7.2-SNAPSHOT&userid=&jmhm=&videocodec=h264&appCode=miguvideo_android&bean=mgspad&tid=android&conFee=0&puData=c47edf1c878bf76ca8fc2eb5ac9745a6&ddCalcu=6ca4v57a4ey7da9fc1ac58b7e82bcff786ac&sv=10004&ct=android
CCTV4欧洲,http://14.153.176.108:1234/608807419
2026-08-02 19:30:17,http://59.39.89.130:60901/tsfile/live/0001_1.m3u8?key=txiptv&playlive=1&authid=0
CHC家庭影院,http://61.162.52.6:8088/newlive/live/hls/60/live.m3u8
CHC家庭影院,http://kkk.jjjj.jiduo.me/api.php?n=tttt&id=0321&tk=a0c4f6cfaba3
CHC家庭影院,rtsp://115.153.212.72/PLTV/88888888/224/3221226959/86128800.smil
兵团卫视,http://gslbmgsplive.miguvideo.com/migu/kailu/btws/50/20250804/index.m3u8?msisdn=202605221600174d43d12a33e740fbb25d6e876288cdb8&mdspid=&spid=600697&netType=0&sid=5910022192&pid=2028597139&timestamp=20260522160017&Channel_ID=0116_2600000900-99000-201600010010027&ProgramID=956923145&ParentNodeID=-99&assertID=5910022192&client_ip=159.75.12.57&SecurityKey=20260522160017&promotionId=&mvid=5900006716&mcid=500020&playurlVersion=WX-A1-9.5.1.2-RELEASE&userid=&jmhm=&videocodec=h264&appCode=miguvideo_android&bean=mgspad&tid=android&conFee=0&puData=f16b1196d5fbf21be2eab53695c8e430&ddCalcu=0f31e462eb6810c159966d355fbbafe221eb
CCTV4美洲,http://14.153.176.108:1234/608807416
CCTV4美洲,http://116.147.108.169:7788/608807416
CCTV4美洲,http://182.127.153.16:1234/608807416
东森超视,rtmp://f13h.mine.nu/sat/tv331
淘剧场,http://[2409:8087:1:20:20::26]/otttv.bj.chinamobile.com/PLTV/88888888/224/3221226553/1.m3u8?GuardEncType=2&accountinfo=%7E%7EV2.0%7EQaJ92NID2SpQlY6_VJVogg%7E_eNUbgU9sJGUcVVduOMKhafLvQUgE_zlz_7pvDimJNOuQYJeiYEeFWTkFfE86Vq-%2CEND
淘娱乐,http://[2409:8087:1:20:20::2c]/otttv.bj.chinamobile.com/PLTV/88888888/224/3221226551/1.m3u8?GuardEncType=2&accountinfo=%7E%7EV2.0%7Ex0efg9fpenP8E8lWJUb5Lg%7E_eNUbgU9sJGUcVVduOMKhafLvQUgE_zlz_7pvDimJNNg3bzRax0E9tLmO9xgXVx8%2CEND
淘电影,http://[2409:8087:1:20:20::26]/otttv.bj.chinamobile.com/PLTV/88888888/224/3221226552/1.m3u8?GuardEncType=2&accountinfo=%7E%7EV2.0%7EXOsrWMA-UCdUl1hQSR9EKw%7E_eNUbgU9sJGUcVVduOMKhafLvQUgE_zlz_7pvDimJNNg3bzRax0E9tLmO9xgXVx8%2CEND
NewTV惊悚悬疑,http://[2409:8087:5e00:24::2d]:6610/000000001000/1/1000000004000024282/index.m3u8?channel-id=ystenlive&Contentid=1000000004000024282&livemode=1&stbId=YanG-1989
天映经典,http://php.jdshipin.com:8880/smt.php?id=Celestial2
五星体育,https://zby.130519.xyz/PLTV/11/224/3221225732/index.m3u8
辽宁体育,http://dassby.qqff.top:99/live/辽宁体育/index.m3u8
睛彩篮球,https://zby.130519.xyz/PLTV/11/224/3221226118/index.m3u8
天元围棋,http://wouu.net:9977/udp/239.93.42.55:5140
快乐垂钓,http://drive.mxmy.net:8888/udp/239.3.1.164:8001
CCTV4美洲,http://27.12.12.107:1234/608807416
CHC家庭影院,rtsp://115.153.254.81/PLTV/88888888/224/3221226959/86128800.smil
兵团卫视,https://zby.130519.xyz/PLTV/11/224/3221226111/index.m3u8
康巴卫视,https://zby.130519.xyz/PLTV/11/224/3221225773/index.m3u8
山东教育,http://gslbmgsplive.miguvideo.com/migu/kailu/sdjyws/50/20250915/index.m3u8?msisdn=20260522160022ae29d6cf6d844e32937e0bf68661e0c1&mdspid=&spid=600697&netType=0&sid=5910022199&pid=2028597139&timestamp=20260522160022&Channel_ID=0116_2600000900-99000-201600010010027&ProgramID=609154353&ParentNodeID=-99&assertID=5910022199&client_ip=159.75.12.57&SecurityKey=20260522160022&promotionId=&mvid=2200208305&mcid=500020&playurlVersion=WX-A1-9.5.1.2-RELEASE&userid=&jmhm=&videocodec=h264&appCode=miguvideo_android&bean=mgspad&tid=android&conFee=0&puData=808ab550a4aa8c20bc31de98dc71d32b&ddCalcu=b820e382da91b075c5d08a94eada183cc2b0
中国农林卫视,http://gslbmgsplive.miguvideo.com/migu/kailu/zgnlws/50/20250804/index.m3u8?msisdn=20260522160017119432b50bea47fdbffc1fa0d407a1da&mdspid=&spid=600572&netType=0&sid=5910022186&pid=2028597139&timestamp=20260522160017&Channel_ID=0116_2600000900-99000-201600010010027&ProgramID=956904896&ParentNodeID=-99&assertID=5910022186&client_ip=159.75.12.57&SecurityKey=20260522160017&promotionId=&mvid=5900006709&mcid=500020&playurlVersion=WX-A1-9.5.1.2-RELEASE&userid=&jmhm=&videocodec=h264&appCode=miguvideo_android&bean=mgspad&tid=android&conFee=0&puData=90ee2e659789254cd9074b864d8973de&ddCalcu=e9d0e3e27e69208ed6456987b849720594dc
厦门卫视,https://zby.130519.xyz/PLTV/11/224/3221226008/index.m3u8
2026-07-20 07:40:18,https://zby.130519.xyz/PLTV/11/224/3221225739/index.m3u8
CCTV4美洲,http://116.52.173.95:1234/608807416
CCTV4美洲,http://223.247.25.227:1234/608807416
CCTV4美洲,http://222.130.32.99:7788/608807416
CCTV4美洲,http://110.154.192.36:7788/608807416
CCTV4美洲,http://113.120.243.10:7788/608807416
CHC家庭影院,rtsp://115.153.240.228:554/PLTV/88888888/224/3221226959/86128800.smil
CHC家庭影院,rtsp://115.153.247.80/PLTV/88888888/224/3221226959/86128800.smil
CHC家庭影院,rtsp://115.153.230.145/PLTV/88888888/224/3221226959/86128800.smil
CHC家庭影院,rtsp://115.153.222.112:554/PLTV/88888888/224/3221226959/86128800.smil
CHC家庭影院,rtsp://115.153.233.154/PLTV/88888888/224/3221226959/86128800.smil
CHC动作电影,http://kkk.jjjj.jiduo.me/api.php?n=tttt&id=6009&tk=a0c4f6cfaba3
CHC动作电影,rtsp://118.212.169.134/PLTV/88888888/224/3221227214/10000100000000060000000000680177_0.smil
CHC动作电影,rtsp://115.153.212.72/PLTV/88888888/224/3221226992/86128817.smil
CHC动作电影,rtsp://115.153.254.81/PLTV/88888888/224/3221226992/86128817.smil
CHC动作电影,rtsp://115.153.240.228:554/PLTV/88888888/224/3221226992/86128817.smil
CHC动作电影,rtsp://115.153.247.80/PLTV/88888888/224/3221226992/86128817.smil
CHC动作电影,rtsp://115.153.230.145/PLTV/88888888/224/3221226992/86128817.smil
CHC动作电影,rtsp://115.153.222.112:554/PLTV/88888888/224/3221226992/86128817.smil
CHC动作电影,rtsp://115.153.233.154/PLTV/88888888/224/3221226992/86128817.smil
CHC高清电影,http://183.237.95.108:9901/tsfile/live/1008_1.m3u8?key=txiptv&playlive=0&authid=0
CHC高清电影,rtsp://115.153.247.80/PLTV/88888888/224/3221226990/86128784.smil
CHC高清电影,rtsp://115.153.230.145/PLTV/88888888/224/3221226990/86128784.smil
CHC高清电影,rtsp://115.153.222.112:554/PLTV/88888888/224/3221226990/86128784.smil
NewTV动作电影,http://dassby.qqff.top:99/live/CHC动作电影/index.m3u8
黑莓电影,http://kkk.jjjj.jiduo.me/api.php?n=tttt&id=6356&tk=abed47f08529
纬来电影,http://free.cnlive.club/channel/581b458b.m3u8
靖天映画,http://220.135.64.124:5050/li-4gtv-4gtv055/index.m3u8?proxy=true
靖天戏剧,http://220.135.64.124:5050/li-4gtv-4gtv058/index.m3u8?proxy=true
星卫娱乐,http://61.162.52.6:8088/newlive/live/hls/60/live.m3u8
经典电影,rtsp://118.212.169.207:554/PLTV/88888888/224/3221227322/10000100000000060000000001946404_0.smil
经典电影,rtsp://115.153.245.70/PLTV/88888888/224/3221227010/86440860.smil
经典电影,rtsp://115.153.254.81/PLTV/88888888/224/3221227010/86440860.smil
经典电影,rtsp://115.153.240.228:554/PLTV/88888888/224/3221227010/86440860.smil
经典电影,rtsp://115.153.212.72/PLTV/88888888/224/3221227010/86440860.smil
经典电影,rtsp://115.153.247.80/PLTV/88888888/224/3221227010/86440860.smil
经典电影,rtsp://115.153.230.145/PLTV/88888888/224/3221227010/86440860.smil
经典电影,rtsp://115.153.233.154/PLTV/88888888/224/3221227010/86440860.smil
经典电影,rtsp://115.153.222.112:554/PLTV/88888888/224/3221227010/86440860.smil
星空卫视,rtmp://58.200.131.2:1935/livetv/startv
CCTV4美洲,http://106.42.108.174:7788/608807416
CCTV4美洲,http://8.135.27.147:1234/608807416
CCTV4美洲,http://gslbmgsplive.miguvideo.com/migu/kailu/20200324/cctv4meihd/51/index.m3u8?msisdn=b2302b232b886b98321b7543e4927b3a&mdspid=&spid=699004&netType=0&sid=2200179344&pid=2028597139&timestamp=20260802172034&Channel_ID=0116_2600034600-99000-201600010010028&ProgramID=608807416&ParentNodeID=-99&assertID=2200179344&client_ip=39.103.188.159&SecurityKey=20260802172034&promotionId=&mvid=2200179344&mcid=500020&playurlVersion=ZQ-A1-9.7.2-SNAPSHOT&userid=&jmhm=&videocodec=h264&appCode=miguvideo_android&bean=mgspad&tid=android&conFee=0&puData=b880c57fb0d655ca253853948146bf59&ddCalcu=9b58vf8ab0y6ca45178f4b903d5685355c2a&sv=10004&ct=android
CCTV4美洲,http://111.231.6.102:1234/608807416
CCTV4美洲,http://116.236.204.18:1234/608807416
CCTV4美洲,http://42.94.210.221:7788/608807416
老故事,http://116.147.108.169:7788/884121956
老故事,http://gslbmgsplive.miguvideo.com/migu/kailu/cctvlaogushi/50/20231109/index.m3u8?msisdn=c23794058ada4da6a7cd83711ac646fe&mdspid=&spid=699004&netType=0&sid=5910022002&pid=2028597139&timestamp=20260802172036&Channel_ID=0116_2600034600-99000-201600010010028&ProgramID=884121956&ParentNodeID=-99&assertID=5910022002&client_ip=39.103.188.159&SecurityKey=20260802172036&promotionId=&mvid=5900006372&mcid=500020&playurlVersion=ZQ-A1-9.7.2-SNAPSHOT&userid=&jmhm=&videocodec=h264&appCode=miguvideo_android&bean=mgspad&tid=android&conFee=0&puData=5ace36dc25d72d526c59c3392d81903c&ddCalcu=c53av0ca9el13a86dd2c92353dc7925dc562&sv=10004&ct=android
老故事,http://106.42.108.174:7788/884121956
老故事,http://113.120.243.10:7788/884121956
老故事,http://110.154.192.36:7788/884121956
老故事,http://182.127.153.16:1234/884121956
老故事,http://27.12.12.107:1234/884121956
老故事,http://14.153.176.108:1234/884121956
老故事,http://8.135.27.147:1234/884121956
老故事,http://42.94.210.221:7788/884121956
老故事,http://223.247.25.227:1234/884121956
老故事,http://116.236.204.18:1234/884121956
老故事,http://111.231.6.102:1234/884121956
老故事,http://222.130.32.99:7788/884121956
老故事,http://116.52.173.95:1234/884121956
中学生,http://222.130.32.99:7788/708869532
中学生,http://116.147.108.169:7788/708869532
中学生,http://111.231.6.102:1234/708869532
中学生,http://gslbmgsplive.miguvideo.com/migu/kailu/20210415/cctvzhongxuesheng/51/index.m3u8?msisdn=66c31c6c1dde60669184eac0d322c0f8&mdspid=&spid=699004&netType=0&sid=5910019355&pid=2028597139&timestamp=20260802172037&Channel_ID=0116_2600034600-99000-201600010010028&ProgramID=708869532&ParentNodeID=-99&assertID=5910019355&client_ip=39.103.188.159&SecurityKey=20260802172037&promotionId=&mvid=5900002149&mcid=500020&playurlVersion=ZQ-A1-9.7.2-SNAPSHOT&userid=&jmhm=&videocodec=h264&appCode=miguvideo_android&bean=mgspad&tid=android&conFee=0&puData=7021f5d664987e98b15d8a7681b14496&ddCalcu=6790v42a41z1fab51d866674a988d75e19b8&sv=10004&ct=android
中学生,http://110.154.192.36:7788/708869532
中学生,http://27.12.12.107:1234/708869532
中学生,http://42.94.210.221:7788/708869532
中学生,http://113.120.243.10:7788/708869532
中学生,http://116.52.173.95:1234/708869532
中学生,http://116.236.204.18:1234/708869532
中学生,http://106.42.108.174:7788/708869532
中学生,http://182.127.153.16:1234/708869532
中学生,http://8.135.27.147:1234/708869532
中学生,http://14.153.176.108:1234/708869532
中学生,http://223.247.25.227:1234/708869532
发现之旅,http://116.147.108.169:7788/624878970
发现之旅,http://111.231.6.102:1234/624878970
发现之旅,http://14.153.176.108:1234/624878970
发现之旅,http://42.94.210.221:7788/624878970
发现之旅,http://gslbmgsplive.miguvideo.com/wd_r3/cnr/faxianzhilv/2000/index.m3u8?msisdn=bfeca030a1a8f7ef6887e7aaaea5b331&mdspid=&spid=699004&netType=0&sid=5500212893&pid=2028597139&timestamp=20260802172036&Channel_ID=0116_2600034600-99000-201600010010028&ProgramID=624878970&ParentNodeID=-99&assertID=5500212893&client_ip=39.103.188.159&SecurityKey=20260802172036&promotionId=&mvid=5100001701&mcid=500020&playurlVersion=ZQ-A1-9.7.2-SNAPSHOT&userid=&jmhm=&videocodec=h264&appCode=miguvideo_android&bean=mgspad&tid=android&conFee=0&puData=aebe7779911dc2dec2a0c0309bf7b4f8&ddCalcu=8afev4babel77af7b799093101cd0ca22dce&sv=10004&ct=android
发现之旅,http://106.42.108.174:7788/624878970
发现之旅,http://222.130.32.99:7788/624878970
发现之旅,http://8.135.27.147:1234/624878970
发现之旅,http://223.247.25.227:1234/624878970
发现之旅,http://116.52.173.95:1234/624878970
发现之旅,http://113.120.243.10:7788/624878970
发现之旅,http://110.154.192.36:7788/624878970
发现之旅,http://182.127.153.16:1234/624878970
发现之旅,http://116.236.204.18:1234/624878970
发现之旅,http://27.12.12.107:1234/624878970
兵团卫视,http://110.154.192.36:7788/956923145
星空卫视,rtmp://ivi.bupt.edu.cn:1935/livetv/startv
东森电影,http://kkk.jjjj.jiduo.me/api.php?n=tttt&id=9901&tk=e640d0a1bf70
龙祥电影,http://free.cnlive.club/channel/67548a4f.m3u8
东森超视,http://38.64.72.148:80/hls/modn/list/2013/chunklist0.m3u8#rtmp://f13h.mine.nu/sat/tv331
东森超视,http://kkk.jjjj.jiduo.me/api.php?n=tttt&id=9639&tk=e640d0a1bf70
东森超视,rtmp://116.93.98.236/sat/tv331.flv
东森超视,rtmp://220.130.201.73/sat/tv331
东森超视,rtmp://60.248.77.83/sat/tv331
东森超视,rtmp://9hv9.mine.nu/sat/tv331.flv
少儿动画,rtsp://118.212.169.207:554/PLTV/88888888/224/3221227318/10000100000000060000000001945936_0.smil
少儿动画,rtsp://115.153.245.70/PLTV/88888888/224/3221227006/86440922.smil
少儿动画,rtsp://115.153.254.81/PLTV/88888888/224/3221227006/86440922.smil
少儿动画,rtsp://115.153.240.228:554/PLTV/88888888/224/3221227006/86440922.smil
少儿动画,rtsp://115.153.212.72/PLTV/88888888/224/3221227006/86440922.smil
少儿动画,rtsp://115.153.247.80/PLTV/88888888/224/3221227006/86440922.smil
少儿动画,rtsp://115.153.230.145/PLTV/88888888/224/3221227006/86440922.smil
少儿动画,rtsp://115.153.222.112:554/PLTV/88888888/224/3221227006/86440922.smil
少儿动画,rtsp://115.153.233.154/PLTV/88888888/224/3221227006/86440922.smil
动漫秀场,http://139.196.214.238/rtp/239.45.3.134:5140
动漫秀场,http://139.196.151.191:2051/rtp/239.45.3.134:5140
动漫秀场,rtsp://115.153.245.70/PLTV/88888888/224/3221225613/iptv7997.smil
动漫秀场,rtsp://115.153.254.81/PLTV/88888888/224/3221225613/iptv7997.smil
动漫秀场,rtsp://115.153.240.228:554/PLTV/88888888/224/3221225613/iptv7997.smil
动漫秀场,rtsp://115.153.212.72/PLTV/88888888/224/3221225613/iptv7997.smil
动漫秀场,rtsp://115.153.247.80/PLTV/88888888/224/3221225613/iptv7997.smil
动漫秀场,rtsp://115.153.230.145/PLTV/88888888/224/3221225613/iptv7997.smil
动漫秀场,rtsp://115.153.222.112:554/PLTV/88888888/224/3221225613/iptv7997.smil
动漫秀场,rtsp://115.153.233.154/PLTV/88888888/224/3221225613/iptv7997.smil
新动漫,rtsp://115.153.245.70/PLTV/88888888/224/3221226973/86129004.smil
新动漫,rtsp://115.153.254.81/PLTV/88888888/224/3221226973/86129004.smil
新动漫,rtsp://115.153.240.228:554/PLTV/88888888/224/3221226973/86129004.smil
新动漫,rtsp://115.153.212.72/PLTV/88888888/224/3221226973/86129004.smil
新动漫,rtsp://115.153.230.145/PLTV/88888888/224/3221226973/86129004.smil
新动漫,rtsp://115.153.247.80/PLTV/88888888/224/3221226973/86129004.smil
新动漫,rtsp://115.153.222.112:554/PLTV/88888888/224/3221226973/86129004.smil
新动漫,rtsp://115.153.233.154/PLTV/88888888/224/3221226973/86129004.smil
青春动漫,http://kkk.jjjj.jiduo.me/api.php?n=tttt&id=1055&tk=23a9aca1f79f
宝宝动画,http://kkk.jjjj.jiduo.me/api.php?n=tttt&id=6379&tk=23a9aca1f79f
优漫卡通,http://kkk.jjjj.jiduo.me/api.php?n=tttt&id=2476&tk=a0c4f6cfaba3
兵团卫视,http://116.236.204.18:1234/956923145
兵团卫视,http://223.247.25.227:1234/956923145
兵团卫视,http://106.42.108.174:7788/956923145
兵团卫视,http://27.12.12.107:1234/956923145
兵团卫视,http://14.153.176.108:1234/956923145
兵团卫视,http://222.130.32.99:7788/956923145
兵团卫视,http://111.231.6.102:1234/956923145
兵团卫视,http://116.52.173.95:1234/956923145
兵团卫视,http://182.127.153.16:1234/956923145
兵团卫视,http://113.120.243.10:7788/956923145
兵团卫视,http://42.94.210.221:7788/956923145
兵团卫视,http://8.135.27.147:1234/956923145
兵团卫视,http://116.147.108.169:7788/956923145
兵团卫视,http://gslbmgsplive.miguvideo.com/migu/kailu/btws/51/20250804/index.m3u8?msisdn=d84ea48b56b107f17ac7c556af4e3aea&mdspid=&spid=600697&netType=0&sid=5910022192&pid=2028597139&timestamp=20260802172044&Channel_ID=0116_2600034600-99000-201600010010028&ProgramID=956923145&ParentNodeID=-99&assertID=5910022192&client_ip=39.103.182.111&SecurityKey=20260802172044&promotionId=&mvid=5900006716&mcid=500020&playurlVersion=ZQ-A1-9.7.2-SNAPSHOT&userid=&jmhm=&videocodec=h264&appCode=miguvideo_android&bean=mgspad&tid=android&conFee=0&puData=4416ced205235dbcebce3982b9ffb5bd&ddCalcu=d4b4v51ab6dfcafe9db220859233e5cdbbec&sv=10004&ct=android
山东教育卫视,http://116.52.173.95:1234/609154353
山东教育卫视,http://116.147.108.169:7788/609154353
山东教育卫视,http://110.154.192.36:7788/609154353
山东教育卫视,http://42.94.210.221:7788/609154353
山东教育卫视,http://27.12.12.107:1234/609154353
山东教育卫视,http://111.231.6.102:1234/609154353
山东教育卫视,http://182.127.153.16:1234/609154353
山东教育卫视,http://8.135.27.147:1234/609154353
山东教育卫视,http://223.247.25.227:1234/609154353
山东教育卫视,http://113.120.243.10:7788/609154353
山东教育卫视,http://gslbmgsplive.miguvideo.com/migu/kailu/sdjyws/51/20250915/index.m3u8?msisdn=2980194a4ede426635ce71975f285777&mdspid=&spid=600697&netType=0&sid=5910022199&pid=2028597139&timestamp=20260802172112&Channel_ID=0116_2600034600-99000-201600010010028&ProgramID=609154353&ParentNodeID=-99&assertID=5910022199&client_ip=39.103.182.111&SecurityKey=20260802172112&promotionId=&mvid=2200208305&mcid=500020&playurlVersion=ZQ-A1-9.7.2-SNAPSHOT&userid=&jmhm=&videocodec=h264&appCode=miguvideo_android&bean=mgspad&tid=android&conFee=0&puData=b90b8ac3f88cd21f9cd90f82d1f6a783&ddCalcu=3b89v70aabb68afa1cd32f88f80c9dd2c19f&sv=10004&ct=android
山东教育卫视,http://14.153.176.108:1234/609154353
山东教育卫视,http://222.130.32.99:7788/609154353
山东教育卫视,http://116.236.204.18:1234/609154353
山东教育卫视,http://106.42.108.174:7788/609154353
CHC动作电影,http://116.236.204.18:1234/644368714
CHC动作电影,http://223.247.25.227:1234/644368714
CHC动作电影,http://182.127.153.16:1234/644368714
CHC动作电影,http://14.153.176.108:1234/644368714
CHC动作电影,http://110.154.192.36:7788/644368714
CHC动作电影,http://116.52.173.95:1234/644368714
CHC动作电影,http://27.12.12.107:1234/644368714
CHC动作电影,http://222.130.32.99:7788/644368714
CHC动作电影,http://8.135.27.147:1234/644368714
CHC动作电影,http://106.42.108.174:7788/644368714
CHC动作电影,http://116.147.108.169:7788/644368714
CHC动作电影,http://42.94.210.221:7788/644368714
CHC动作电影,http://111.231.6.102:1234/644368714
CHC动作电影,http://113.120.243.10:7788/644368714
CHC家庭影院,http://116.147.108.169:7788/644368373
CHC家庭影院,http://110.154.192.36:7788/644368373
CHC家庭影院,http://106.42.108.174:7788/644368373
CHC家庭影院,http://223.247.25.227:1234/644368373
CHC家庭影院,http://113.120.243.10:7788/644368373
CHC家庭影院,http://27.12.12.107:1234/644368373
CHC家庭影院,http://42.94.210.221:7788/644368373
CHC家庭影院,http://116.236.204.18:1234/644368373
CHC家庭影院,http://14.153.176.108:1234/644368373
CHC家庭影院,http://116.52.173.95:1234/644368373
CHC家庭影院,http://222.130.32.99:7788/644368373
CHC家庭影院,http://182.127.153.16:1234/644368373
CHC家庭影院,http://111.231.6.102:1234/644368373
CHC家庭影院,http://8.135.27.147:1234/644368373
CHC影迷电影,http://116.52.173.95:1234/952383261
金鹰卡通,http://183.11.239.36:808/hls/69/index.m3u8
金鹰卡通,http://139.196.151.191:2051/rtp/239.45.3.118:5140
金鹰卡通,http://kkk.jjjj.jiduo.me/api.php?n=tttt&id=2015&tk=e640d0a1bf70
金鹰卡通,rtsp://180.95.143.19/PLTV/88888910/224/3221225564/10000100000000060000000000107344_0.smil
金鹰卡通,rtsp://116.176.26.18/PLTV/88888910/224/3221225564/10000100000000060000000000107344_0.smil
金鹰卡通,rtsp://116.176.26.19/PLTV/88888910/224/3221225564/10000100000000060000000000107344_0.smil
金鹰卡通,rtsp://118.212.169.207:554/PLTV/88888888/224/3221226969/10000100000000060000000000568711_0.smil
金鹰卡通,rtsp://115.153.245.70/PLTV/88888888/224/3221226972/80382319.smil
金鹰卡通,rtsp://115.85.232.19/PLTV/88888910/224/3221225564/10000100000000060000000000107344_0.smil
金鹰卡通,rtsp://60.13.39.19/PLTV/88888910/224/3221225564/10000100000000060000000000107344_0.smil
黑莓动画,http://kkk.jjjj.jiduo.me/api.php?n=tttt&id=2912&tk=e503191f8e20
炫动卡通,rtsp://118.212.169.207:554/PLTV/88888888/224/3221226968/10000100000000060000000000568712_0.smil
炫动卡通,rtsp://115.153.245.70/PLTV/88888888/224/3221225583/iptv7982.smil
炫动卡通,rtsp://115.153.254.81/PLTV/88888888/224/3221225583/iptv7982.smil
炫动卡通,rtsp://115.153.240.228:554/PLTV/88888888/224/3221225583/iptv7982.smil
炫动卡通,rtsp://115.153.212.72/PLTV/88888888/224/3221225583/iptv7982.smil
炫动卡通,rtsp://115.153.247.80/PLTV/88888888/224/3221225583/iptv7982.smil
炫动卡通,rtsp://115.153.230.145/PLTV/88888888/224/3221225583/iptv7982.smil
炫动卡通,rtsp://115.153.222.112:554/PLTV/88888888/224/3221225583/iptv7982.smil
炫动卡通,rtsp://115.153.233.154/PLTV/88888888/224/3221225583/iptv7982.smil
浙江少儿,http://ali-m-l.cztv.com/channels/lantian/channel008/1080p.m3u8?fbl=#migu5://611318244
浙江少儿,https://ali-m-l.cztv.com/channels/lantian/channel008/1080p.m3u8?
浙江少儿,http://ali-vl.cztv.com/channels/lantian/channel008/360p.m3u8
火影忍者,https://hd.ijycnd.com/play/Yer3NWLa/index.m3u8
风云音乐,rtsp://115.153.245.70/PLTV/88888888/224/3221226994/86128897.smil
风云音乐,rtsp://115.153.247.80/PLTV/88888888/224/3221226994/86128897.smil
风云音乐,rtsp://115.153.222.112:554/PLTV/88888888/224/3221226994/86128897.smil
音乐现场,https://satellitepull.cnr.cn/live/wx32nmgyygb/playlist.m3u8
音乐现场,rtsp://118.212.169.207:554/PLTV/88888888/224/3221227338/10000100000000060000000001946523_0.smil
音乐现场,rtsp://115.153.245.70/PLTV/88888888/224/3221227001/86441055.smil
音乐现场,rtsp://115.153.254.81/PLTV/88888888/224/3221227001/86441055.smil
音乐现场,rtsp://115.153.240.228:554/PLTV/88888888/224/3221227001/86441055.smil
音乐现场,rtsp://115.153.212.72/PLTV/88888888/224/3221227001/86441055.smil
音乐现场,rtsp://115.153.247.80/PLTV/88888888/224/3221227001/86441055.smil
音乐现场,rtsp://115.153.230.145/PLTV/88888888/224/3221227001/86441055.smil
音乐现场,rtsp://115.153.222.112:554/PLTV/88888888/224/3221227001/86441055.smil
音乐现场,rtsp://115.153.233.154/PLTV/88888888/224/3221227001/86441055.smil
西游记,https://txmov2.a.kwimgs.com/bs3/video-hls/5239093806671579134_hlsb.m3u8
CHC影迷电影,http://113.120.243.10:7788/952383261
CHC影迷电影,http://gslbmgsplive.miguvideo.com/migu/kailu/chcymdy/51/20250415/index.m3u8?msisdn=2bda3c6fff40ed4d72dbe6e1d8f29039&mdspid=&spid=699004&netType=0&sid=5910022176&pid=2028597139&timestamp=20260802172104&Channel_ID=0116_2600034600-99000-201600010010028&ProgramID=952383261&ParentNodeID=-99&assertID=5910022176&client_ip=39.103.188.159&SecurityKey=20260802172104&promotionId=&mvid=5900006704&mcid=500020&playurlVersion=ZQ-A1-9.7.2-SNAPSHOT&userid=&jmhm=&videocodec=h264&appCode=miguvideo_android&bean=mgspad&tid=android&conFee=0&puData=37f6b18de057a7a32db4824ae10c7d1f&ddCalcu=f317vdfa76acba0118edae4025874ab7da23&sv=10004&ct=android
CHC影迷电影,http://14.153.176.108:1234/952383261
CHC影迷电影,http://182.127.153.16:1234/952383261
CHC影迷电影,http://106.42.108.174:7788/952383261
CHC影迷电影,http://27.12.12.107:1234/952383261
CHC影迷电影,http://223.247.25.227:1234/952383261
CHC影迷电影,http://111.231.6.102:1234/952383261
CHC影迷电影,http://110.154.192.36:7788/952383261
CHC影迷电影,http://116.236.204.18:1234/952383261
CHC影迷电影,http://116.147.108.169:7788/952383261
CHC影迷电影,http://8.135.27.147:1234/952383261
CHC影迷电影,http://42.94.210.221:7788/952383261
CHC影迷电影,http://222.130.32.99:7788/952383261
经典香港电影,http://223.247.25.227:1234/625703337
经典香港电影,http://gslbmgsplive.miguvideo.com/wd_r2/virtuallive/5100180869/150/index.m3u8?msisdn=d5b4472c8d9bf09b18182917f75015ec&mdspid=&spid=800033&netType=0&sid=5500242089&pid=2028597139&timestamp=20260802172104&Channel_ID=0116_2600034600-99000-201600010010028&ProgramID=625703337&ParentNodeID=-99&assertID=5500242089&client_ip=39.103.182.111&SecurityKey=20260802172104&promotionId=&mvid=5100180869&mcid=500020&playurlVersion=ZQ-A1-9.7.2-SNAPSHOT&userid=&jmhm=&videocodec=h264&appCode=miguvideo_android&bean=mgspad&tid=android&conFee=0&puData=9b441f7fa1198c6dd1380aeab9f50b0c&ddCalcu=c90bvb4a04b51aff97bfaae1a109883c16dd&sv=10004&ct=android
经典香港电影,http://8.135.27.147:1234/625703337
经典香港电影,http://14.153.176.108:1234/625703337
经典香港电影,http://116.147.108.169:7788/625703337
经典香港电影,http://42.94.210.221:7788/625703337
经典香港电影,http://182.127.153.16:1234/625703337
经典香港电影,http://113.120.243.10:7788/625703337
经典香港电影,http://110.154.192.36:7788/625703337
经典香港电影,http://27.12.12.107:1234/625703337
经典香港电影,http://222.130.32.99:7788/625703337
经典香港电影,http://111.231.6.102:1234/625703337
经典香港电影,http://116.236.204.18:1234/625703337
经典香港电影,http://116.52.173.95:1234/625703337
经典香港电影,http://106.42.108.174:7788/625703337
抗战经典影片,http://8.135.27.147:1234/617432318
抗战经典影片,http://111.231.6.102:1234/617432318
抗战经典影片,http://113.120.243.10:7788/617432318
抗战经典影片,http://42.94.210.221:7788/617432318
抗战经典影片,http://222.130.32.99:7788/617432318
抗战经典影片,http://116.147.108.169:7788/617432318
抗战经典影片,http://106.42.108.174:7788/617432318
抗战经典影片,http://116.52.173.95:1234/617432318
抗战经典影片,http://14.153.176.108:1234/617432318
抗战经典影片,http://116.236.204.18:1234/617432318
抗战经典影片,http://110.154.192.36:7788/617432318
抗战经典影片,http://27.12.12.107:1234/617432318
抗战经典影片,http://182.127.153.16:1234/617432318
抗战经典影片,http://223.247.25.227:1234/617432318
快乐垂钓,http://113.120.243.10:7788/961930263
快乐垂钓,http://116.236.204.18:1234/961930263
快乐垂钓,http://14.153.176.108:1234/961930263
快乐垂钓,http://42.94.210.221:7788/961930263
快乐垂钓,http://223.247.25.227:1234/961930263
快乐垂钓,http://116.52.173.95:1234/961930263
快乐垂钓,http://27.12.12.107:1234/961930263
快乐垂钓,http://111.231.6.102:1234/961930263
快乐垂钓,http://222.130.32.99:7788/961930263
快乐垂钓,http://gslbmgsplive.miguvideo.com/migu/kailu/ydcmklcd/51/20251225/index.m3u8?msisdn=fb77a349a480a64db810ade3819d2444&mdspid=&spid=600603&netType=0&sid=5910022317&pid=2028597139&timestamp=20260802172101&Channel_ID=0116_2600034600-99000-201600010010028&ProgramID=961930263&ParentNodeID=-99&assertID=5910022317&client_ip=39.103.188.159&SecurityKey=20260802172101&promotionId=&mvid=5900006783&mcid=500020&playurlVersion=ZQ-A1-9.7.2-SNAPSHOT&userid=&jmhm=&videocodec=h264&appCode=miguvideo_android&bean=mgspad&tid=android&conFee=0&puData=fbb83a763242e8eb2bd4c2b7bbd62171&ddCalcu=1f7bv1ba28a63adab7b673b224c24ed8be2b&sv=10004&ct=android
快乐垂钓,http://8.135.27.147:1234/961930263
快乐垂钓,http://116.147.108.169:7788/961930263
快乐垂钓,http://106.42.108.174:7788/961930263
快乐垂钓,http://110.154.192.36:7788/961930263
快乐垂钓,http://182.127.153.16:1234/961930263
四海钓鱼,http://116.236.204.18:1234/637444975
四海钓鱼,http://113.120.243.10:7788/637444975
四海钓鱼,http://gslbmgsplive.miguvideo.com/wd_r4/peoplecn/shdiaoyu/1200/index.m3u8?msisdn=098a565d793207091d6a6d65acc9b1f7&mdspid=&spid=600697&netType=0&sid=5910022184&pid=2028597139&timestamp=20260802172100&Channel_ID=0116_2600034600-99000-201600010010028&ProgramID=637444975&ParentNodeID=-99&assertID=5910022184&client_ip=39.103.182.111&SecurityKey=20260802172100&promotionId=&mvid=5100132656&mcid=500020&playurlVersion=ZQ-A1-9.7.2-SNAPSHOT&userid=&jmhm=&videocodec=h264&appCode=miguvideo_android&bean=mgspad&tid=android&conFee=0&puData=188436f8b6e302c5538b55a4e04a7e58&ddCalcu=8158ve8a74la3a460fe84ba65e53b0823c55&sv=10004&ct=android
四海钓鱼,http://116.147.108.169:7788/637444975
四海钓鱼,http://116.52.173.95:1234/637444975
四海钓鱼,http://27.12.12.107:1234/637444975
四海钓鱼,http://111.231.6.102:1234/637444975
四海钓鱼,http://14.153.176.108:1234/637444975
四海钓鱼,http://222.130.32.99:7788/637444975
四海钓鱼,http://182.127.153.16:1234/637444975
四海钓鱼,http://110.154.192.36:7788/637444975
四海钓鱼,http://42.94.210.221:7788/637444975
四海钓鱼,http://8.135.27.147:1234/637444975
四海钓鱼,http://106.42.108.174:7788/637444975
四海钓鱼,http://223.247.25.227:1234/637444975
优漫卡通,http://116.236.204.18:1234/626064703
优漫卡通,http://111.231.6.102:1234/626064703
优漫卡通,http://113.120.243.10:7788/626064703
优漫卡通,http://222.130.32.99:7788/626064703
优漫卡通,http://14.153.176.108:1234/626064703
优漫卡通,http://182.127.153.16:1234/626064703
优漫卡通,http://116.52.173.95:1234/626064703
优漫卡通,http://116.147.108.169:7788/626064703
优漫卡通,http://110.154.192.36:7788/626064703
优漫卡通,http://106.42.108.174:7788/626064703
优漫卡通,http://8.135.27.147:1234/626064703
优漫卡通,http://42.94.210.221:7788/626064703
优漫卡通,http://223.247.25.227:1234/626064703
优漫卡通,http://27.12.12.107:1234/626064703
优漫卡通,http://gslbmgsplive.miguvideo.com/wd_r2/jstv/ymkt/600/index.m3u8?msisdn=3ee066ea7ac4c04de7cf960f3822235d&mdspid=&spid=699067&netType=0&sid=5500260553&pid=2028597139&timestamp=20260802172053&Channel_ID=0116_2600034600-99000-201600010010028&ProgramID=626064703&ParentNodeID=-99&assertID=5500260553&client_ip=39.103.188.159&SecurityKey=20260802172053&promotionId=&mvid=5100186455&mcid=500020&playurlVersion=ZQ-A1-9.7.2-SNAPSHOT&userid=&jmhm=&videocodec=h264&appCode=miguvideo_android&bean=mgspad&tid=android&conFee=0&puData=4ea056b66d392469ecdaea16e0f566fa&ddCalcu=a4fev6aa60x55af60be6661da3e9a2d4c6e9&sv=10004&ct=android
嘉佳卡通,http://182.127.153.16:1234/614952364
嘉佳卡通,http://116.147.108.169:7788/614952364
嘉佳卡通,http://111.231.6.102:1234/614952364
嘉佳卡通,http://116.236.204.18:1234/614952364
嘉佳卡通,http://gslbmgsplive.miguvideo.com/wd_r1/2018/nfmedia/jjkt/1000/index.m3u8?msisdn=e7ffd857030a77841ba77a2f75731979&mdspid=&spid=699054&netType=0&sid=2206172388&pid=2028597139&timestamp=20260802172107&Channel_ID=0116_2600034600-99000-201600010010028&ProgramID=614952364&ParentNodeID=-99&assertID=2206172388&client_ip=39.103.188.159&SecurityKey=20260802172107&promotionId=&mvid=2206172388&mcid=500020&playurlVersion=ZQ-A1-9.7.2-SNAPSHOT&userid=&jmhm=&videocodec=h264&appCode=miguvideo_android&bean=mgspad&tid=android&conFee=0&puData=2b9a706bc22f2d88325048e8d37e0d87&ddCalcu=728bvd9a0abe7a7036db8ce2824f025d2838&sv=10004&ct=android
嘉佳卡通,http://223.247.25.227:1234/614952364
嘉佳卡通,http://27.12.12.107:1234/614952364
嘉佳卡通,http://42.94.210.221:7788/614952364
嘉佳卡通,http://116.52.173.95:1234/614952364
嘉佳卡通,http://106.42.108.174:7788/614952364
嘉佳卡通,http://110.154.192.36:7788/614952364
嘉佳卡通,http://8.135.27.147:1234/614952364
嘉佳卡通,http://14.153.176.108:1234/614952364
嘉佳卡通,http://113.120.243.10:7788/614952364
嘉佳卡通,http://222.130.32.99:7788/614952364
中国天气,http://8.135.27.147:1234/959986621
中国天气,http://113.120.243.10:7788/959986621
中国天气,http://106.42.108.174:7788/959986621
中国天气,http://110.154.192.36:7788/959986621
中国天气,http://gslbmgsplive.miguvideo.com/migu/kailu/zgtq/51/20251103/index.m3u8?msisdn=e6a64ab4e7d224649b9978af609a56e7&mdspid=&spid=600697&netType=0&sid=5910022296&pid=2028597139&timestamp=20260802172109&Channel_ID=0116_2600034600-99000-201600010010028&ProgramID=959986621&ParentNodeID=-99&assertID=5910022296&client_ip=39.103.182.111&SecurityKey=20260802172109&promotionId=&mvid=5900006772&mcid=500020&playurlVersion=ZQ-A1-9.7.2-SNAPSHOT&userid=&jmhm=&videocodec=h264&appCode=miguvideo_android&bean=mgspad&tid=android&conFee=0&puData=59569782fd7d31ba6c45e5f2ccc4008a&ddCalcu=a589v05a06w49ac7c8c22ffd57ed5341cb6a&sv=10004&ct=android
中国天气,http://14.153.176.108:1234/959986621
中国天气,http://111.231.6.102:1234/959986621
中国天气,http://223.247.25.227:1234/959986621
中国天气,http://42.94.210.221:7788/959986621
中国天气,http://182.127.153.16:1234/959986621
中国天气,http://116.236.204.18:1234/959986621
中国天气,http://116.147.108.169:7788/959986621
中国天气,http://27.12.12.107:1234/959986621
中国天气,http://116.52.173.95:1234/959986621
中国天气,http://222.130.32.99:7788/959986621
橙記Orange丶,https://live.ottiptv.cc/douyu/4549169
baby丶贝贝,https://live.ottiptv.cc/douyu/431460
小毅主播e,https://live.ottiptv.cc/douyu/11851549
小毅主播q,https://live.ottiptv.cc/douyu/6906628
奇光主播,https://live.ottiptv.cc/douyu/8009547
奇光主播e,https://live.ottiptv.cc/douyu/11849873
奇光主播q,https://live.ottiptv.cc/douyu/12560807
Poison丶冰冰,https://live.ottiptv.cc/douyu/74374
怡宝妹妹丶,https://live.ottiptv.cc/douyu/434971
Only丶邵氏,https://live.ottiptv.cc/douyu/4246519
米尼影院,https://live.ottiptv.cc/douyu/7642724
苹果Zei甜,https://live.ottiptv.cc/douyu/1174353
苹果Zei妖,https://live.ottiptv.cc/douyu/2793084
网神影厅,https://live.ottiptv.cc/douyu/508118
老高与小茉的死忠粉,https://live.ottiptv.cc/douyu/236461
世界未解之谜M,https://live.ottiptv.cc/douyu/9369468
老烟斗鬼故事,https://live.ottiptv.cc/douyu/2337939
宇宙探索飞船,https://live.ottiptv.cc/douyu/9456028
铁甲影院,https://live.ottiptv.cc/douyu/1274132
龍組队长天昊,https://live.ottiptv.cc/douyu/1487654
奇兮兮悄陌,https://live.ottiptv.cc/douyu/953193
伊太刀刀,https://live.ottiptv.cc/douyu/747764
蓝翔新三国,https://live.ottiptv.cc/douyu/5908256
蓝翔新三国,https://live.ottiptv.cc/huya/15396432
竹叶的熊猫,https://live.ottiptv.cc/douyu/3870925
懒猫是只喵,https://live.ottiptv.cc/douyu/260322
万事通熊猫,https://live.ottiptv.cc/douyu/7812810
牛叔说电影,https://live.ottiptv.cc/douyu/2758565
白了个痴,https://live.ottiptv.cc/douyu/319576
火龙果讲电影本人,https://live.ottiptv.cc/douyu/2039501
电影迷小雅,https://live.ottiptv.cc/douyu/9639225
怪兽马提尼电影,https://live.ottiptv.cc/douyu/9075333
王坑坑聊电影,https://live.ottiptv.cc/douyu/9402110
刘哔电影,https://live.ottiptv.cc/douyu/2632223
贝爷求生影视,https://live.ottiptv.cc/douyu/9661369
周星驰的直播间,https://live.ottiptv.cc/douyu/8257039
小涛讲电影V,https://live.ottiptv.cc/douyu/8415464
周星星,https://live.ottiptv.cc/huya/11342412
新橙記Orange丶,https://live.ottiptv.cc/huya/30590779
武林萌主唐小姐,https://live.ottiptv.cc/huya/11336726
若芸芸,https://live.ottiptv.cc/huya/31217965
偶看见常威在打来福,https://live.ottiptv.cc/huya/30627334
萌萌小桃子,https://live.ottiptv.cc/huya/29807256
7喜先生,https://live.ottiptv.cc/huya/11342421
古惑仔,https://live.ottiptv.cc/yy/1458015189
港片 喜剧 动作,https://live.ottiptv.cc/yy/1355480591
【周星驰】搞笑电影,https://live.ottiptv.cc/yy/38670875
恐怖电影,https://live.ottiptv.cc/yy/24066336
林正英经典,https://live.ottiptv.cc/yy/1351505899
经典电影重温,https://live.ottiptv.cc/yy/1382793140
鬼片喜剧动作港剧,https://live.ottiptv.cc/yy/1355269576
更新日期: 2026-8-2 18:07:01,http://hlsztemgsplive.miguvideo.com:8080/wd_r2/cctv/cctv1hd/1200/index.m3u8?msisdn=497e6d6a6f98c752bb04c08a069279e5&mdspid=&spid=699004&netType=0&sid=2201057821&pid=2028597139&timestamp=20260802173732&Channel_ID=0116_2600034600-99000-201600010051959&ProgramID=608807420&ParentNodeID=-99&assertID=2201057821&client_ip=220.196.48.137&SecurityKey=20260802173732&promotionId=&mvid=2201057821&mcid=500020&playurlVersion=ZQ-A1-9.7.2-SNAPSHOT&userid=&jmhm=&videocodec=h264&appCode=miguvideo_android&bean=mgspad&tid=android&conFee=0&encrypt=e37d484b67f34167ad60f516ef7c0c5e&sv=10004&ct=android
兵团卫视,https://hlsbkmgsplive.miguvideo.com/migu/kailu/btws/51/20250804/01.m3u8?&HlsSubType=&encrypt=
广东影视,https://hlsbkmgsplive.miguvideo.com/wd_r1/2018/nfmedia/nfys/1000/01.m3u8?&HlsSubType=&encrypt=
长沙县新闻综合,https://liveplay-srs.voc.com.cn/hls/tv/203_10cdf5.m3u8
衡山综合,https://liveplay-srs.voc.com.cn/hls/tv/161_8d2e76.m3u8
龙山综合,https://liveplay-srs.voc.com.cn/hls/tv/146_f067fe.m3u8
平江综合,https://liveplay-srs.voc.com.cn/hls/tv/168_ce2a0c.m3u8
津市综合,https://liveplay-srs.voc.com.cn/hls/tv/187_2abf84.m3u8
花垣综合,https://liveplay-srs.voc.com.cn/hls/tv/134_d590ee.m3u8
临武综合,https://liveplay-srs.voc.com.cn/hls/tv/148_feda2f.m3u8
桂东融媒,https://liveplay-srs.voc.com.cn/hls/tv/174_6ab9f8.m3u8
衡阳县电视台,https://liveplay-srs.voc.com.cn/hls/tv/183_554704.m3u8
新化电视台,https://liveplay-srs.voc.com.cn/hls/tv/170_49c556.m3u8
桂阳新闻综合,https://liveplay-srs.voc.com.cn/hls/tv/7_7c833e.m3u8
屈原融媒体,https://liveplay-srs.voc.com.cn/hls/tv/167_0d6151.m3u8
新邵新闻综合,https://liveplay-srs.voc.com.cn/hls/tv/171_daca67.m3u8
耒阳电视台,https://liveplay-srs.voc.com.cn/hls/tv/27_e9e1e5.m3u8
永兴电视台,https://liveplay-srs.voc.com.cn/hls/tv/40_1d0ed0.m3u8
沅江电视台,https://liveplay-srs.voc.com.cn/hls/tv/163_2c7011.m3u8
蓝山电视台,https://liveplay-srs.voc.com.cn/hls/tv/26_370917.m3u8
芷江综合,https://liveplay-srs.voc.com.cn/hls/tv/20_68acda.m3u8
靖州综合,https://liveplay-srs.voc.com.cn/hls/tv/34_5156ed.m3u8
双峰电视台,https://liveplay-srs.voc.com.cn/hls/tv/131_acfb72.m3u8
嘉禾新闻综合,https://liveplay-srs.voc.com.cn/hls/tv/184_e3af1a.m3u8
城步电视台,https://liveplay-srs.voc.com.cn/hls/tv/169_b4d7a4.m3u8
衡东电视台,https://liveplay-srs.voc.com.cn/hls/tv/180_60f888.m3u8
汝城台,https://liveplay-srs.voc.com.cn/hls/tv/149_40cf24.m3u8
中方台,https://liveplay-srs.voc.com.cn/hls/tv/18_3aa230.m3u8
吉首综合,https://liveplay-srs.voc.com.cn/hls/tv/143_70175b.m3u8
安化综合,https://liveplay-srs.voc.com.cn/hls/tv/204_16cb0f.m3u8
古丈1,https://liveplay-srs.voc.com.cn/hls/tv/144_4efb38.m3u8
浙江少儿,http://ali-xwl.cztv.com/live/channel081080Plxw.m3u8
浙江少儿,http://ali-xwl.cztv.com/live/channel08720Plxw.m3u8
浙江钱江都市,http://ali-xwl.cztv.com/live/channel021080Plxw.m3u8
浙江钱江都市,http://ali-xwl.cztv.com/live/channel02720Plxw.m3u8
浙江经济生活,http://ali-xwl.cztv.com/live/channel031080Plxw.m3u8
浙江经济生活,http://ali-xwl.cztv.com/live/channel03720Plxw.m3u8
浙江民生休闲,http://ali-xwl.cztv.com/live/channel061080Plxw.m3u8
浙江民生休闲,http://ali-xwl.cztv.com/live/channel06720Plxw.m3u8
浙江新闻,http://ali-xwl.cztv.com/live/channel071080Plxw.m3u8
浙江新闻,http://ali-xwl.cztv.com/live/channel07720Plxw.m3u8
浙江教科影视,http://ali-xwl.cztv.com/live/channel041080Plxw.m3u8
浙江教科影视,http://ali-xwl.cztv.com/live/channel04720Plxw.m3u8
浙江国际,http://ali-xwl.cztv.com/live/channel101080Plxw.m3u8
浙江国际,http://ali-xwl.cztv.com/live/channel10720Plxw.m3u8
嵊州综合,http://l.cztvcloud.com/channels/lantian/SXshengzhou1/720p.m3u8
象山综合,http://l.cztvcloud.com/channels/lantian/SXxiangshan1/720p.m3u8
新昌综合,http://l.cztvcloud.com/channels/lantian/SXxinchang1/720p.m3u8
平湖新闻综合,http://l.cztvcloud.com/channels/lantian/SXpinghu1/720p.m3u8
平湖民生休闲,http://l.cztvcloud.com/channels/lantian/SXpinghu2/720p.m3u8
青田电视台,http://l.cztvcloud.com/channels/lantian/SXqingtian1/720p.m3u8
余姚新闻综合,http://l.cztvcloud.com/channels/lantian/SXyuyao1/720p.m3u8
萧山综合,http://l.cztvcloud.com/channels/lantian/SXxiaoshan1/720p.m3u8
萧山生活,http://l.cztvcloud.com/channels/lantian/SXxiaoshan2/720p.m3u8
上虞新闻综合,http://l.cztvcloud.com/channels/lantian/SXshangyu1/720p.m3u8
上虞文化影视,http://l.cztvcloud.com/channels/lantian/SXshangyu2/720p.m3u8
普陀电视台,http://l.cztvcloud.com/channels/lantian/SXputuo1/720p.m3u8
庆元电视台,http://l.cztvcloud.com/channels/lantian/SXqingyuan1/720p.m3u8
东阳影视生活,http://l.cztvcloud.com/channels/lantian/SXdongyang1/720p.m3u8
兰溪新闻综合,http://l.cztvcloud.com/channels/lantian/SXlanxi1/720p.m3u8
缙云新闻综合,http://l.cztvcloud.com/channels/lantian/SXjinyun1/720p.m3u8
龙泉电视台,http://l.cztvcloud.com/channels/lantian/SXlongquan1/720p.m3u8
南京新闻综合,http://nklive.nbs.cn/hls/d511bc9d-a694-4453-b3a2-4fc842cc97a1/index.m3u8
南京教科,http://nklive.nbs.cn/hls/75b3c462-b831-4de7-a34b-5d3221db2069/index.m3u8
南京文旅纪录,http://nklive.nbs.cn/hls/9b2005c4-046c-422f-ba45-e6adc4f4de07/index.m3u8
南京十八生活,http://nklive.nbs.cn/hls/1173a815-bfdb-4c3c-9f73-89ec37ae7716/index.m3u8
南京少儿,http://nklive.nbs.cn/hls/e0981f3f-1a20-4a59-b8d1-17feb83a4610/index.m3u8
海门教育人文,http://haimen-tv-hls.cm.jstv.com/haimen-tv/haimenjyrw.m3u8
海门经济生活,http://haimen-tv-hls.cm.jstv.com/haimen-tv/haimenjjzh.m3u8
沭阳综合,http://shuyang-tv-hls.cm.jstv.com/shuyang-tv/shuyangzh.m3u8
大丰二套,http://dafeng-tv-hls.cm.jstv.com/dafeng-tv/dafenget.m3u8
无锡新闻综合,http://stream.thmz.com/wxtv1/sd/live.m3u8
无锡都市资讯,http://stream.thmz.com/wxtv3/sd/live.m3u8
无锡生活,http://stream.thmz.com/wxtv4/sd/live.m3u8
无锡娱乐,http://stream.thmz.com/wxtv2/sd/live.m3u8
无锡经济,http://stream.thmz.com/wxtv5/sd/live.m3u8
涟水综合,http://lianshui-tv-hls.cm.jstv.com/lianshui-tv/lsxw.m3u8
哈尔滨新闻综合,https://rmplive.hljtv.com/live/haerbin.m3u8
哈尔滨新闻综合,https://stream.hrbtv.net/xwzh/sd/live.m3u8
哈尔滨新闻综合,http://stream.hrbtv.net/xwzh/sd/live.m3u8
哈尔滨生活,https://stream.hrbtv.net/shpd/sd/live.m3u8
哈尔滨生活,http://stream.hrbtv.net/shpd/sd/live.m3u8
哈尔滨资讯,https://stream.hrbtv.net/zxpd/sd/live.m3u8
哈尔滨娱乐,http://stream.hrbtv.net/ylpd/sd/live.m3u8
哈尔滨影视,https://stream.hrbtv.net/yspd/sd/live.m3u8
哈尔滨影视,http://stream.hrbtv.net/yspd/sd/live.m3u8
伊春综合,https://masterpull.hljtv.com/live/vQtnS3vX.m3u8
伊春综合,https://rmplive.hljtv.com/live/yichun.m3u8
漠河综合,https://masterpull.hljtv.com/live/rlVvbTZN.m3u8
大庆新闻综合,https://masterpull.hljtv.com/live/4WdrZLCq.m3u8
东宁综合,https://masterpull.hljtv.com/live/UQdxnsw8.m3u8
黑河新闻综合,https://masterpull.hljtv.com/live/iyoENgSP.m3u8
鹤岗综合,https://masterpull.hljtv.com/live/rApKWXbX.m3u8
鹤岗综合,https://rmplive.hljtv.com/live/hegang.m3u8
富锦综合,https://masterpull.hljtv.com/live/wOBN3GqO.m3u8
尚志电视台,https://masterpull.hljtv.com/live/EQnKvoc9.m3u8
佳木斯新闻综合,https://masterpull.hljtv.com/live/l9wQtsVs.m3u8
齐齐哈尔新闻综合,https://masterpull.hljtv.com/live/dUi8b96l.m3u8
齐齐哈尔新闻综合,https://rmplive.hljtv.com/live/qiqihaer.m3u8
七台河新闻综合,https://masterpull.hljtv.com/live/9FZ7k2XF.m3u8
七台河新闻综合,https://rmplive.hljtv.com/live/qitaihe.m3u8
勃利综合,https://masterpull.hljtv.com/live/6rx9bifO.m3u8
绥化新闻综合,https://masterpull.hljtv.com/live/v4o2g1hs.m3u8
绥化新闻综合,https://rmplive.hljtv.com/live/suihua.m3u8
安达综合,https://masterpull.hljtv.com/live/FsGxlDZQ.m3u8
海伦市综合,https://masterpull.hljtv.com/live/VFNlgeFO.m3u8
大兴安岭新闻综合,https://masterpull.hljtv.com/live/H2kVyS15.m3u8
大兴安岭新闻综合,https://rmplive.hljtv.com/live/daxinganling.m3u8
崇仁电视台,http://play-a2.quklive.com/live/1744277411242065.m3u8
崇仁电视台,http://play-a2.quklive.com/live/1744277411242065.flv
宁都综合,http://play-a2.quklive.com/live/1749084198822069.m3u8
宁都综合,http://play-a2.quklive.com/live/1749084198822069.flv
万载电视台1,http://play-a2.quklive.com/live/1739162440932308.m3u8
万载电视台1,http://play-a2.quklive.com/live/1739162440932308.flv
广丰电视台,https://play-a2.quklive.com/live/1754033359790055.m3u8
广丰电视台,https://play-a2.quklive.com/live/1754033359790055.flv
陕西新闻资讯,http://gxlive.snrtv.com/sx1-SD.m3u8
陕西都市青春,http://gxlive.snrtv.com/sx2-SD.m3u8
陕西银龄,http://gxlive.snrtv.com/sx3-SD.m3u8
陕西秦腔,http://gxlive.snrtv.com/sx5-SD.m3u8
陕西体育休闲,http://gxlive.snrtv.com/sx7-SD.m3u8
农林卫视,http://gxlive.snrtv.com/nlws-SD.m3u8
陕西西部电影,http://gxlive.snrtv.com/sx8-SD.m3u8
保定1,http://jwcdnqx.hebyun.com.cn/live/jybd/1500k/tzwj_video.m3u8
保定2,http://jwcdnqx.hebyun.com.cn/live/bdxw1/1500k/tzwj_video.m3u8
保定3,http://jwcdnqx.hebyun.com.cn/live/bddst/1500k/tzwj_video.m3u8
邯郸新闻,https://jwcdnqx.hebyun.com.cn/live/hdxwzh/1500k/tzwj_video.m3u8
邯郸公共,https://jwcdnqx.hebyun.com.cn/live/hdgg/1500k/tzwj_video.m3u8
邯郸科教,https://jwcdnqx.hebyun.com.cn/live/hdkj/1500k/tzwj_video.m3u8
兴隆综合,https://jwcdnqx.hebyun.com.cn/live/xlzh/1500k/tzwj_video.m3u8
兴隆影视,https://jwcdnqx.hebyun.com.cn/live/xlys/1500k/tzwj_video.m3u8
兴隆影视,https://jwcdnqx.hebyun.com.cn/live/xlys/1500k/tzwj_video.m3u8
迁西综合,https://jwcdnqx.hebyun.com.cn/live/qxzhpd/1500k/tzwj_video.m3u8
迁西农业,https://jwcdnqx.hebyun.com.cn/live/qxny/1500k/tzwj_video.m3u8
青县综合,http://jwcdnqx.hebyun.com.cn/live/qxtvlive1/1500k/tzwj_video.m3u8
海峡卫视,https://hlsbkmgsplive.miguvideo.com/migu/kailu/haixiaws/51/20230724/01.m3u8?&HlsSubType=&encrypt=
济源综合,http://tvpull.dxhmt.cn:9081/tv/19001-1.m3u8
兰考综合,http://tvpull.dxhmt.cn:9081/tv/10225-1.m3u8
伊川综合,http://tvpull.dxhmt.cn:9081/tv/10329-1.m3u8
长垣综合,http://tvpull.dxhmt.cn:9081/tv/10728-1.m3u8
开封新闻,http://tvpull.dxhmt.cn:9081/tv/10200-2.m3u8
开封文化旅游,http://tvpull.dxhmt.cn:9081/tv/10200-3.m3u8
内黄综合,http://tvpull.dxhmt.cn:9081/tv/10527-1.m3u8
新县电视台,http://tvpull.dxhmt.cn:9081/tv/11523-1.m3u8
淇县电视台,http://tvpull.dxhmt.cn:9081/tv/10622-1.m3u8
汤阴综合,http://tvpull.dxhmt.cn:9081/tv/10523-1.m3u8
新乡县综合,http://tvpull.dxhmt.cn:9081/tv/10721-1.m3u8
舞钢综合,http://tvpull.dxhmt.cn:9081/tv/10481-1.m3u8
灵宝新闻综合,http://tvpull.dxhmt.cn:9081/tv/11282-1.m3u8
淮滨综合,http://tvpull.dxhmt.cn:9081/tv/11527-1.m3u8
光山综合,http://tvpull.dxhmt.cn:9081/tv/11522-1.m3u8
滑县TV1,http://tvpull.dxhmt.cn:9081/tv/10526-1.m3u8
滑县TV2,http://tvpull.dxhmt.cn:9081/tv/10526-2.m3u8
清丰电视台,http://tvpull.dxhmt.cn:9081/tv/10922-1.m3u8
通许综合,http://tvpull.dxhmt.cn:9081/tv/10222-1.m3u8
沈丘新闻综合,http://tvpull.dxhmt.cn:9081/tv/11624-1.m3u8
桐柏新闻综合,http://tvpull.dxhmt.cn:9081/tv/11330-1.m3u8
夏邑综合,http://tvpull.dxhmt.cn:9081/tv/11426-1.m3u8
平兴新闻综合,http://tvpull.dxhmt.cn:9081/tv/11723-1.m3u8
偃师新闻,http://tvpull.dxhmt.cn:9081/tv/10381-1.m3u8
上街电视台,http://tvpull.dxhmt.cn:9081/tv/10106-1.m3u8
沁阳新闻综合,http://tvpull.dxhmt.cn:9081/tv/10882-1.m3u8
项城电视台,http://tvpull.dxhmt.cn:9081/tv/11681-1.m3u8
汝阳新闻综合,http://tvpull.dxhmt.cn:9081/tv/10326-1.m3u8
新安新闻综合,http://tvpull.dxhmt.cn:9081/tv/10323-1.m3u8
罗山电视台,http://tvpull.dxhmt.cn:9081/tv/11521-1.m3u8
潢川电视台,http://tvpull.dxhmt.cn:9081/tv/11526-1.m3u8
上蔡1,http://tvpull.dxhmt.cn:9081/tv/11722-1.m3u8
荥阳1,http://tvpull.dxhmt.cn:9081/tv/10182-1.m3u8
温县融媒,http://tvpull.dxhmt.cn:9081/tv/10825-1.m3u8
建安新闻,http://tvpull.dxhmt.cn:9081/tv/11003-1.m3u8
封丘新闻综合,http://tvpull.dxhmt.cn:9081/tv/10727-1.m3u8
林州电视台,http://tvpull.dxhmt.cn:9081/tv/10581-1.m3u8
鄢陵综合,http://tvpull.dxhmt.cn:9081/tv/11024-1.m3u8
邓州新闻,http://tvpull.dxhmt.cn:9081/tv/11381-1.m3u8
社旗电视台,http://tvpull.dxhmt.cn:9081/tv/11327-1.m3u8
镇平新闻综合,http://tvpull.dxhmt.cn:9081/tv/11324-1.m3u8
孟州1,http://tvpull.dxhmt.cn:9081/tv/10883-1.m3u8
郏县综合,http://tvpull.dxhmt.cn:9081/tv/10425-1.m3u8
浚县电视台,http://tvpull.dxhmt.cn:9081/tv/10621-1.m3u8
舞阳新闻综合,http://tvpull.dxhmt.cn:9081/tv/11121-1.m3u8
渑池新闻综合,http://tvpull.dxhmt.cn:9081/tv/11221-1.m3u8
武陟新闻综合,http://tvpull.dxhmt.cn:9081/tv/10823-1.m3u8
新郑1,http://tvpull.dxhmt.cn:9081/tv/10184-1.m3u8
辉县新闻综合,http://tvpull.dxhmt.cn:9081/tv/10782-1.m3u8
永城新闻,http://tvpull.dxhmt.cn:9081/tv/11481-1.m3u8
禹州综合,http://tvpull.dxhmt.cn:9081/tv/11081-1.m3u8
杞县新闻综合,http://tvpull.dxhmt.cn:9081/tv/10221-1.m3u8
林颖综合,http://tvpull.dxhmt.cn:9081/tv/11122-1.m3u8
宝丰1,http://tvpull.dxhmt.cn:9081/tv/10421-1.m3u8
新密新闻频道,http://tvpull.dxhmt.cn:9081/tv/10183-2.m3u8
嘉峪关综合,https://play.kankanlive.com/live/1658978094528926.m3u8
嘉峪关公共,https://play.kankanlive.com/live/1658978141553927.m3u8
金昌综合,http://play.kankanlive.com/live/1660096574549900.m3u8
金昌综合,http://play.kankanlive.com/live/1660096574549900.flv
张掖新闻,http://play.kankanlive.com/live/1675849013180979.m3u8
张掖新闻,http://play.kankanlive.com/live/1675849013180979.flv
定西综合,https://play.kankanlive.com/live/1675303871634928.m3u8
定西综合,http://play.kankanlive.com/live/1675303871634928.flv
定西文旅生活,http://play.kankanlive.com/live/1675303983674929.m3u8
定西文旅生活,http://play.kankanlive.com/live/1675303983674929.flv
天祝电视台,https://play.kankanlive.com/live/1656487214793905.m3u8
泰安综合,http://play.kankanlive.com/live/1680577080200944.m3u8
泰安综合,http://play.kankanlive.com/live/1680577080200944.flv
静宁新闻综合,https://play.kankanlive.com/live/1658194434596952.m3u8
景泰电视台,https://play.kankanlive.com/live/1624439143745981.m3u8
西和综合,https://play.kankanlive.com/live/1659926941626981.m3u8
古浪综合,http://play.kankanlive.com/live/1647934328544907.m3u8
古浪综合,http://play.kankanlive.com/live/1647934328544907.flv
永昌电视台,https://play.kankanlive.com/live/1652755738635915.m3u8
陇西电视台,https://play.kankanlive.com/live/1669881644081970.m3u8
平川电视台,http://play.kankanlive.com/live/1658907556249918.m3u8
平川电视台,http://play.kankanlive.com/live/1658907556249918.flv
岷县电视台,http://play.kankanlive.com/live/1672715401874967.m3u8
岷县电视台,http://play.kankanlive.com/live/1672715401874967.flv
庄浪电视台,https://play.kankanlive.com/live/1655107221272926.m3u8
金川电视台,http://play.kankanlive.com/live/1657360567739997.m3u8
金川电视台,http://play.kankanlive.com/live/1657360567739997.flv
安定电视台,https://play.kankanlive.com/live/1672881652415978.m3u8
安定电视台,http://play.kankanlive.com/live/1672881652415978.flv
靖远电视台,https://play.kankanlive.com/live/1658390970673988.m3u8
天祝电视台,https://play.kankanlive.com/live/1656487214793905.m3u8
天祝电视台,http://play.kankanlive.com/live/1656487214793905.m3u8
天祝电视台,http://play.kankanlive.com/live/1656487214793905.flv
靖远电视台,https://play.kankanlive.com/live/1658390970673988.m3u8
通渭电视台,http://play.kankanlive.com/live/1661761962676984.m3u8
通渭电视台,http://play.kankanlive.com/live/1661761962676984.flv
秦安电视台,https://play.kankanlive.com/live/1680577080200944.m3u8
秦安电视台,http://play.kankanlive.com/live/1680577080200944.flv
浙江卫视超清,http://ali-xwl.cztv.com/live/channel011080Plxw.m3u8
浙江卫视超清,http://ali-xwl.cztv.com/live/channel01720Plxw.m3u8
江苏卫视超清,http://hlsztemgsplive.miguvideo.com:8080/wd_r2/cctv/jiangsuhd/1200/index.m3u8?msisdn=2a7718e05d1a6c9be3a85a2618f13654&mdspid=&spid=699067&netType=0&sid=5500199408&pid=2028597139&timestamp=20260802165021&Channel_ID=0116_2600034600-99000-201600010069139&ProgramID=623899368&ParentNodeID=-99&assertID=5500199408&client_ip=210.51.27.124&SecurityKey=20260802165021&promotionId=&mvid=5100156802&mcid=500020&playurlVersion=ZQ-A1-9.7.2-SNAPSHOT&userid=&jmhm=&videocodec=h264&appCode=miguvideo_android&bean=mgspad&tid=android&conFee=0&encrypt=ee8d3e5d4a811593deab8cc4177b67fc&sv=10004&ct=android
江苏卫视超清,https://hlsbkmgsplive.miguvideo.com/migu/kailu/jswshd265/55/20200407/01.m3u8?&HlsSubType=&encrypt=
深圳卫视超清,http://38.75.136.137:98/gslb/dsdqpub/szwshd.m3u8?auth=testpub
湖北卫视超清,http://hlsztemgsplive.miguvideo.com:8080/wd_r2/2018/ocn/hubeiwshd/2000/index.m3u8?msisdn=2a7718e05d1a6c9be3a85a2618f13654&mdspid=&spid=600633&netType=0&sid=5910022163&pid=2028597139&timestamp=20260802164950&Channel_ID=0116_2600034600-99000-201600010068369&ProgramID=947472496&ParentNodeID=-99&assertID=5910022163&client_ip=210.51.27.96&SecurityKey=20260802164950&promotionId=&mvid=5900004355&mcid=500020&playurlVersion=ZQ-A1-9.7.2-SNAPSHOT&userid=&jmhm=&videocodec=h264&appCode=miguvideo_android&bean=mgspad&tid=android&conFee=0&encrypt=886aaddbece7dcde211eedfd289ab045&sv=10004&ct=android
天津卫视超清,http://38.75.136.137:98/gslb/dsdqpub/tjwshd.m3u8?auth=testpub
山东卫视超清,https://hlsbkmgsplive.miguvideo.com/wd_r4/yg/shandongwshd/3000/01.m3u8?&HlsSubType=&encrypt=
山东卫视超清,https://hlsbkmgsplive.miguvideo.com/wd-shandonghd-1200/01.m3u8?&HlsSubType=&encrypt=
东方卫视超清,http://hlsztemgsplive.miguvideo.com:8080/wd_r4/dfl/dongfangwshd/1200/index.m3u8?msisdn=2a7718e05d1a6c9be3a85a2618f13654&mdspid=&spid=600697&netType=0&sid=5910022185&pid=2028597139&timestamp=20260802165121&Channel_ID=0116_2600034600-99000-201600010094748&ProgramID=651632648&ParentNodeID=-99&assertID=5910022185&client_ip=210.51.27.206&SecurityKey=20260802165121&promotionId=&mvid=5100043384&mcid=500020&playurlVersion=ZQ-A1-9.7.2-SNAPSHOT&userid=&jmhm=&videocodec=h264&appCode=miguvideo_android&bean=mgspad&tid=android&conFee=0&encrypt=f31801dd27e7b508aad036cc2b88852f&sv=10004&ct=android
辽宁卫视超清,https://hlsbkmgsplive.miguvideo.com/migu/kailu/lnwshd265/54/20200407/01.m3u8?&HlsSubType=&encrypt=
重庆卫视超清,http://38.75.136.137:98/gslb/dsdqpub/cqwshd.m3u8?auth=testpub
东南卫视超清,https://hlsbkmgsplive.miguvideo.com/migu/kailu/dongnanws/51/20230724/01.m3u8?&HlsSubType=&encrypt=
浙江卫视4K,http://ali-xwl.cztv.com/live/channel4k2160p.m3u8
2026-08-02 19:34:54,http://php.jdshipin.com:8880/TVOD/iptv.php?id=rthk33
央视台球,http://[2409:8087:7001:20:2::3]/dbiptv.sn.chinamobile.com/PLTV/88888893/224/3221226956/index.m3u8
央视台球,rtsp://115.153.245.70/PLTV/88888888/224/3221226955/86106661.smil
央视台球,rtsp://115.153.247.80/PLTV/88888888/224/3221226955/86106661.smil
央视台球,rtsp://115.153.230.145/PLTV/88888888/224/3221226955/86106661.smil
央视台球,rtsp://115.153.222.112:554/PLTV/88888888/224/3221226955/86106661.smil
风云音乐,https://radio.0472.org/?id=641
风云音乐,https://live.264788.xyz/channel/fengyunyinyue?streamid=be37d16b874e7ba11dd383d7ecd75752&livekey=01WgOR41rriMmMkzNsd0UoaxJRwetZdxIvtVk
风云音乐,rtsp://115.153.245.70/PLTV/88888888/224/3221226994/86128897.smil
风云音乐,rtsp://115.153.247.80/PLTV/88888888/224/3221226994/86128897.smil
风云音乐,rtsp://115.153.222.112:554/PLTV/88888888/224/3221226994/86128897.smil
第一剧场,rtsp://115.153.245.70/PLTV/88888888/224/3221226961/86128891.smil
第一剧场,rtsp://115.153.247.80/PLTV/88888888/224/3221226961/86128891.smil
第一剧场,rtsp://115.153.222.112:554/PLTV/88888888/224/3221226961/86128891.smil
第一剧场,rtsp://123.147.112.17:8089/04000001/01000000004000000000000000000410?AuthInfo=xxx&userid=gf001&userid=gf001
风云剧场,https://mursor.ottiptv.cc/mcp/fyjc.m3u8?sign=b2f39a8a6bde51405aca53e0ac0f10e9&tm=1757443317
风云剧场,https://live.264788.xyz/channel/fengyunjuchang?streamid=31e7b5b7032d25dd215a4069cdee1a48&livekey=01WgOR41rriMmMkzNsd0UoaxJRwetZdxIvtVk
风云剧场,rtsp://115.153.245.70/PLTV/88888888/224/3221226963/86128874.smil
风云剧场,rtsp://115.153.247.80/PLTV/88888888/224/3221226963/86128874.smil
风云剧场,rtsp://115.153.222.112:554/PLTV/88888888/224/3221226963/86128874.smil
风云剧场,rtsp://123.147.112.17:8089/04000001/01000000004000000000000000000409?AuthInfo=xxx&userid=gf001&userid=gf001
怀旧剧场,rtsp://115.153.245.70/PLTV/88888888/224/3221226996/86128881.smil
怀旧剧场,rtsp://115.153.247.80/PLTV/88888888/224/3221226996/86128881.smil
怀旧剧场,rtsp://115.153.222.112:554/PLTV/88888888/224/3221226996/86128881.smil
高尔夫网球,rtsp://115.153.245.70/PLTV/88888888/224/3221226967/86128985.smil
高尔夫网球,rtsp://115.153.247.80/PLTV/88888888/224/3221226967/86128985.smil
高尔夫网球,rtsp://115.153.222.112:554/PLTV/88888888/224/3221226967/86128985.smil
风云足球,http://[2409:8087:7001:20:2::3]/dbiptv.sn.chinamobile.com/PLTV/88888893/224/3221226984/index.m3u8
风云足球,rtsp://115.153.245.70/PLTV/88888888/224/3221227000/86128919.smil
风云足球,rtsp://115.153.247.80/PLTV/88888888/224/3221227000/86128919.smil
风云足球,rtsp://115.153.222.112:554/PLTV/88888888/224/3221227000/86128919.smil
电视指南,https://cc06.tv12.xyz/39.m3u8
电视指南,rtsp://115.153.245.70/PLTV/88888888/224/3221226969/86129034.smil
电视指南,rtsp://115.153.247.80/PLTV/88888888/224/3221226969/86129034.smil
电视指南,rtsp://115.153.222.112:554/PLTV/88888888/224/3221226969/86129034.smil
世界地理,http://[2409:8087:7001:20:2::3]/dbiptv.sn.chinamobile.com/PLTV/88888893/224/3221226947/index.m3u8
世界地理,rtsp://115.153.245.70/PLTV/88888888/224/3221226965/86128966.smil
世界地理,rtsp://115.153.247.80/PLTV/88888888/224/3221226965/86128966.smil
世界地理,rtsp://115.153.222.112:554/PLTV/88888888/224/3221226965/86128966.smil
兵器科技,https://live.264788.xyz/channel/bingqikeji?streamid=530cb4e58bbc48b7fc26f5e0a2e47966&livekey=01WgOR41rriMmMkzNsd0UoaxJRwetZdxIvtVk
兵器科技,rtsp://115.153.245.70/PLTV/88888888/224/3221227004/86132185.smil
兵器科技,rtsp://115.153.247.80/PLTV/88888888/224/3221227004/86132185.smil
兵器科技,rtsp://115.153.222.112:554/PLTV/88888888/224/3221227004/86132185.smil
浙江钱江,http://l.cztvcloud.com/channels/lantian/SXyuyao2/720p.m3u8
浙江钱江,http://zwebl02.cztv.com/live/channel021080P.m3u8?auth_key=2524708799-0-0-43f14b8147c890428975655007afb4cc
浙江钱江,http://zhfivel02.cztv.com/channel02/1080p.m3u8?auth_key=2524708799-0-0-2f7bb420bfd1d218b9c7b07c0ac1ba2f
浙江钱江,http://ali-m-l.cztv.com/channels/lantian/channel002/1080p.m3u8?zzhed
浙江钱江,https://ali-m-l.cztv.com/channels/lantian/channel002/1080p.m3u8
浙江钱江都市,http://zwebl02.cztv.com/live/channel021080P.m3u8?auth_key=2524708799-0-0-43f14b8147c890428975655007afb4cc
浙江钱江都市,http://zhfivel02.cztv.com/channel02/1080p.m3u8?auth_key=2524708799-0-0-2f7bb420bfd1d218b9c7b07c0ac1ba2f
浙江钱江都市,http://ali-xwl.cztv.com/live/channel021080Plxw.m3u8
浙江钱江都市,http://ali-m-l.cztv.com/channels/lantian/channel002/1080p.m3u8?zzhed
浙江钱江都市,https://ali-m-l.cztv.com/channels/lantian/channel002/1080p.m3u8
浙江钱江台,http://l.cztvcloud.com/channels/lantian/SXyuyao2/720p.m3u8
浙江钱江台,http://ali-m-l.cztv.com/channels/lantian/channel002/1080p.m3u8?fbl=
浙江生活,http://ali-vl.cztv.com/channels/lantian/channel003/360p.m3u8
浙江生活,http://ls.qingting.fm/live/1099.m3u8
浙江生活,http://zhfivel02.cztv.com/channel03/1080p.m3u8?auth_key=2524708799-0-0-76c0751e0f656453baf39803124fc08a
浙江生活,http://zwebl02.cztv.com/live/channel031080P.m3u8?auth_key=2524708799-0-0-cc09266f8e043a6df28eb148cb488d37
浙江生活,http://l.cztvcloud.com/channels/lantian/SXxiaoshan2/720p.m3u8
浙江生活,http://ali-m-l.cztv.com/channels/lantian/channel003/1080p.m3u8
浙江生活,https://satellitepull.cnr.cn/live/wxzjjjgb/playlist.m3u8
浙江生活,https://ali-m-l.cztv.com/channels/lantian/channel003/1080p.m3u8?
浙江经济生活,http://zwebl02.cztv.com/live/channel031080P.m3u8?auth_key=2524708799-0-0-cc09266f8e043a6df28eb148cb488d37
浙江经济生活,http://zhfivel02.cztv.com/channel03/1080p.m3u8?auth_key=2524708799-0-0-76c0751e0f656453baf39803124fc08a
浙江经济生活,http://l.cztvcloud.com/channels/lantian/SXxiaoshan2/720p.m3u8
浙江经济生活,http://ali-vl.cztv.com/channels/lantian/channel003/360p.m3u8
浙江经济生活,http://ls.qingting.fm/live/1099.m3u8
浙江经济生活,http://ali-xwl.cztv.com/live/channel031080Plxw.m3u8
浙江经济生活,http://ali-m-l.cztv.com/channels/lantian/channel03/1080p.m3u8#https://ali-m-l.cztv.com/channels/lantian/channel003/1080p.m3u8#http://ali-m-l.cztv.com/channels/lantian/channel003/1080p.m3u8
浙江经济生活,https://ali-m-l.cztv.com/channels/lantian/channel003/1080p.m3u8
浙江教育,http://ali-vl.cztv.com/channels/lantian/channel004/360p.m3u8
浙江教育,http://ali-m-l.cztv.com/channels/lantian/channel04/720p.m3u8
浙江教育,https://ali-m-l.cztv.com/channels/lantian/channel004/1080p.m3u8
浙江民生,http://ali-vl.cztv.com/channels/lantian/channel006/360p.m3u8
浙江民生,http://ali-m-l.cztv.com/channels/lantian/channel006/1080p.m3u8
浙江民生,https://ali-m-l.cztv.com/channels/lantian/channel006/1080p.m3u8?
浙江新闻,http://zwebl02.cztv.com/live/channel071080P.m3u8?auth_key=2524708799-0-0-e3b50ca59d2c0883d5386d8bc4cdefbc
浙江新闻,http://zhfivel02.cztv.com/channel07/1080p.m3u8?auth_key=2524708799-0-0-4af48ba83e791a300595dd0b2bb30e6e
浙江新闻,http://ali-vl.cztv.com/channels/lantian/channel007/360p.m3u8
浙江新闻,http://ali-xwl.cztv.com/live/channel071080Plxw.m3u8
浙江新闻,http://ali-m-l.cztv.com/channels/lantian/channel007/1080p.m3u8?zzhed
浙江新闻,https://ali-m-l.cztv.com/channels/lantian/channel007/1080p.m3u8?
浙江少儿,https://ct-m-l.cztv.com/channels/lantian/channel008/1080p.m3u8#https://ali-m-l.cztv.com/channels/lantian/channel008/1080p.m3u8#http://ali-m-l.cztv.com/channels/lantian/channel008/1080p.m3u8#https://ali-m-l.cztv.com/channels/lantian/channel008/1080p.m3u8?
浙江少儿,https://qiniup-m-l.cztv.com/channels/lantian/channel008/1080p.m3u8
浙江少儿,http://ali-vl.cztv.com/channels/lantian/channel008/360p.m3u8?a=1000&amp;d=83b26bacf5397c013aff782b2c4287d0&amp;k=c99bdac76cff6ddc27e750ba689b7d5b&amp;t=1704368408
浙江少儿,http://ali-m-l.cztv.com/channels/lantian/channel008/1080p.m3u8?fbl=#migu5://611318244
浙江少儿,https://ali-m-l.cztv.com/channels/lantian/channel008/1080p.m3u8?
杭州综合,http://goo.bkpcp.top/mg/hzzh
杭州明珠,http://goo.bkpcp.top/mg/hzmz
杭州生活,http://goo.bkpcp.top/mg/hzsh
杭州影视,http://goo.bkpcp.top/mg/hzys
杭州少体,http://goo.bkpcp.top/mg/hzse
浙江教科,http://zwebl02.cztv.com/live/channel041080P.m3u8?auth_key=2524708799-0-0-f195b808217db133bfd648edc01e91fa
浙江教科,http://ali-m-l.cztv.com/channels/lantian/channel004/1080p.m3u8
浙江教科,https://ali-m-l.cztv.com/channels/lantian/channel004/1080p.m3u8
浙江经济,http://zwebl02.cztv.com/live/channel031080P.m3u8?auth_key=2524708799-0-0-cc09266f8e043a6df28eb148cb488d37
浙江经济,http://ali-m-l.cztv.com/channels/lantian/channel003/1080p.m3u8
浙江经济,https://ali-m-l.cztv.com/channels/lantian/channel003/1080p.m3u8?
之江纪录,http://zwebl02.cztv.com/live/channel121080P.m3u8?auth_key=2524708799-0-0-c33efdd495bcdd2ddc42e7c408405037
之江纪录,http://goo.bkpcp.top/mg/zjjl
之江纪录,http://ali-m-l.cztv.com/channels/lantian/channel012/1080p.m3u8
之江纪录,https://ali-m-l.cztv.com/channels/lantian/channel012/1080p.m3u8
浙江国际,http://zwebl02.cztv.com/live/channel101080P.m3u8?auth_key=2524708799-0-0-c9473fea1da3eff0f29f4c9cf2b36519
浙江国际,http://zhfivel02.cztv.com/channel10/1080p.m3u8?auth_key=2524708799-0-0-646cad31c1d94b002a325cd75475d30f
浙江国际,https://ct-m-l.cztv.com/channels/lantian/channel010/1080p.m3u8
浙江国际,https://qiniup-m-l.cztv.com/channels/lantian/channel010/1080p.m3u8
浙江国际,http://ali-vl.cztv.com/channels/lantian/channel010/360p.m3u8?a=1000&d=4e3d476240659192311f471b7b63aec2&k=d26568bae9dd23dd781c769c148459b2&t=1683180450
浙江国际,http://ali-xwl.cztv.com/live/channel101080Plxw.m3u8
浙江国际,http://ali-m-l.cztv.com/channels/lantian/channel010/1080p.m3u8?zzhed
浙江国际,https://ali-m-l.cztv.com/channels/lantian/channel010/1080p.m3u8?
嘉兴新闻综合,http://live.zohi.tv/video/s10001-fztv-1/index.m3u8
嘉兴新闻综合,https://m3u8channel.yunxya.com/nmip-media/channellive/channel100028/playlist.m3u8
嘉兴新闻综合,http://tvfile.jyrmt.cn:80/nmip-media/channellive/channel104452/playlist.m3u8
湖州公共,http://hzcm-live.media.hugd.com/1e6b554b9ab74513958c0e1ffe664d22/9acaa7634309494cb29a85eb12136607.m3u8?auth_key=2272900830-9a2389b8bf4e49d580d4ad807423d326-0-ea78a5c7a678c436263582d368f5009e&amp;amp;amp;fbl=
湖州公共,https://hzcm-live.media.hugd.com/1e6b554b9ab74513958c0e1ffe664d22/9acaa7634309494cb29a85eb12136607.m3u8?auth_key=2272900830-9a2389b8bf4e49d580d4ad807423d326-0-ea78a5c7a678c436263582d368f5009e
湖州新闻综合,http://hzcm-live.media.hugd.com/3f5fa7d64c7c46a38c6bd8ad35e836cc/65128273761b4731ae53729ea6dcf932.m3u8?auth_key=2277598215-9d21c15111244bea8d298c361d31a72e-0-d031198f58d44b0e91ba2e3f3b188865&amp;amp;amp;fbl=
湖州新闻综合,https://hzcm-live.media.hugd.com/3f5fa7d64c7c46a38c6bd8ad35e836cc/65128273761b4731ae53729ea6dcf932.m3u8?auth_key=2277598215-9d21c15111244bea8d298c361d31a72e-0-d031198f58d44b0e91ba2e3f3b188865
湖州文化娱乐,http://hzcm-live.media.hugd.com/613c47f0ab0d4eaa98b21378d0db6ded/0051d31c9dd543a7825eea4e49675b2a.m3u8?auth_key=2277598059-0a5ebfa1c0dc4671b42a60810fc37039-0-fa625b7d1feab612062453c12e3c8887&amp;amp;fbl=
湖州文化娱乐,https://hzcm-live.media.hugd.com/613c47f0ab0d4eaa98b21378d0db6ded/0051d31c9dd543a7825eea4e49675b2a.m3u8?auth_key=2277598059-0a5ebfa1c0dc4671b42a60810fc37039-0-fa625b7d1feab612062453c12e3c8887
浙江经视,http://ali-m-l.cztv.com/channels/lantian/channel003/720p.m3u8
浙江经视,https://ali-m-l.cztv.com/channels/lantian/channel003/1080p.m3u8
浙江留学,http://ali-vl.cztv.com/channels/lantian/channel009/360p.m3u8
浙江民生休闲,http://zhfivel02.cztv.com/channel06/1080p.m3u8?auth_key=2524708799-0-0-59c4fe94512c59a90316fbf17ae2fbef
浙江民生休闲,http://ali-vl.cztv.com/channels/lantian/channel006/360p.m3u8
浙江民生休闲,http://ali-xwl.cztv.com/live/channel061080Plxw.m3u8
浙江民生休闲,http://ali-m-l.cztv.com/channels/lantian/channel006/1080p.m3u8#https://ali-m-l.cztv.com/channels/lantian/channel006/1080p.m3u8#http://ali-m-l.cztv.com/channels/lantian/channel06/1080p.m3u8
浙江民生休闲,https://satellitepull.cnr.cn/live/wxzjmsgb/playlist.m3u8
浙江民生休闲,https://ali-m-l.cztv.com/channels/lantian/channel006/1080p.m3u8
浙江数码时代,http://ali-m-l.cztv.com/channels/lantian/channel12/720p.m3u8?zzhed
浙江数码时代,https://ali-m-l.cztv.com/channels/lantian/channel012/1080p.m3u8\r\n
浙江教科影院,http://ali-m-l.cztv.com/channels/lantian/channel004/1080p.m3u8?zzhed
浙江教科影视,http://zwebl02.cztv.com/live/channel041080P.m3u8?auth_key=2524708799-0-0-f195b808217db133bfd648edc01e91fa
浙江教科影视,http://zhfivel02.cztv.com/channel04/1080p.m3u8?auth_key=2524708799-0-0-514823d0816d4af94a9f32bd7614ed67
浙江教科影视,http://ali-vl.cztv.com/channels/lantian/channel004/360p.m3u8
浙江教科影视,http://ali-xwl.cztv.com/live/channel041080Plxw.m3u8
浙江教科影视,http://ali-m-l.cztv.com/channels/lantian/channel04/1080p.m3u8
浙江教科影视,https://ali-m-l.cztv.com/channels/lantian/channel004/1080p.m3u8
浙江公共新闻,http://ali-m-l.cztv.com/channels/lantian/channel007/1080p.m3u8
浙江公共新闻,https://ali-m-l.cztv.com/channels/lantian/channel007/1080p.m3u8
浙江休闲台,http://ali-m-l.cztv.com/channels/lantian/channel006/720p.m3u8
浙江青田,http://l.cztvcloud.com/channels/lantian/SXqingtian1/720p.m3u8?zzhed?
浙江遂昌,http://l.cztvcloud.com/channels/lantian/SXsuichang1/720p.m3u8?%E5%85%B3%E6%B3%A8%E5%BE%AE%E4%BF%A1%E5%85%AC%E4%BC%97%E5%8F%B7[%E6%99%B4%E5%9B%AD]
诸暨新闻综合,https://l.cztvcloud.com/channels/lantian/SXzhuji3/720p.m3u8
诸暨新闻综合,http://l.cztvcloud.com/channels/lantian/SXzhuji3/720p.m3u8?zzhed#EXTINF:-1%20group-title=%22%E2%80%A2%E9%9F%B3%E4%B9%90%22,%E9%9F%B3%E4%B9%90%E7%9F%B3%E6%A6%B4
龙游生活娱乐,https://l.cztvcloud.com/channels/lantian/SXlongyou2/720p.m3u8
龙游生活娱乐,http://l.cztvcloud.com/channels/lantian/SXlongyou2/720p.m3u8?zzhed
龙游新闻综合,https://l.cztvcloud.com/channels/lantian/SXlongyou1/720p.m3u8
龙游新闻综合,http://l.cztvcloud.com/channels/lantian/SXlongyou1/720p.m3u8?zzhed
龙泉新闻综合,http://l.cztvcloud.com/channels/lantian/SXlongquan1/720p.m3u8?zzhed&quot;
青田电视台,http://l.cztvcloud.com/channels/lantian/SXqingtian1/720p.m3u8?zzhed?
遂昌综合,http://l.cztvcloud.com/channels/lantian/SXsuichang1/720p.m3u8?zzhed;http://l.cztvcloud.com/channels/lantian/SXsuichang1/720p.m3u8zzhed
遂昌新闻综合,http://l.cztvcloud.com/channels/lantian/SXsuichang1/720p.m3u8
象山综合,http://l.cztvcloud.com/channels/lantian/SXxiangshan1/720p.m3u8?zzhed
象山电视台新闻综合,http://l.cztvcloud.com/channels/lantian/SXxiangshan1/720p.m3u8?zzhed
象山新闻综合,http://l.cztvcloud.com/channels/lantian/SXxiangshan1/720p.m3u8?zzhed
衢江新闻综合,http://l.cztvcloud.com/channels/lantian/SXqujiang1/720p.m3u8?zzhed;http://l.cztvcloud.com/channels/lantian/SXqujiang1/720p.m3u8zzhed;http://l.cztvcloud.com/channels/lantian/SXqujiang1/720p.m3u8
萧山生活,https://l.cztvcloud.com/channels/lantian/SXxiaoshan2/720p.m3u8
萧山生活,http://l.cztvcloud.com/channels/lantian/SXxiaoshan2/720p.m3u8?zzhed?
萧山新闻综合,https://l.cztvcloud.com/channels/lantian/SXxiaoshan1/720p.m3u8
萧山新闻综合,http://l.cztvcloud.com/channels/lantian/SXxiaoshan1/720p.m3u8?cWlkPSZzPTg3OWMwYmMyZDMzYTFhZGY3NDQxMjgyYTg1MmUzNTY0JmVzPTE3MDY2Nzc4NzMmdXVpZD0yMjdiY2MzNGNiNGY0MThlYjRiY2IxYzcwNmZjODNkMS02NzQ3NDY2NyZ2PTImYXM9MCZjZG5leF9pZD10eF9waG9uZV9saXZl
苍南新闻综合,https://l.cztvcloud.com/channels/lantian/SXcangnan1/720p.m3u8
苍南新闻综合,http://l.cztvcloud.com/channels/lantian/SXcangnan1/720p.m3u8?zzhed;http://l.cztvcloud.com/channels/lantian/SXcangnan1/720p.m3u8;http://l.cztvcloud.com/channels/lantian/SXcangnan1/720p.m3u8zzhed
缙云综合,http://l.cztvcloud.com/channels/lantian/SXjinyun1/720p.m3u8?zzhed&quot;
缙云新闻综合,http://l.cztvcloud.com/channels/lantian/SXjinyun1/720p.m3u8?fbl=
绍兴电视台公共,http://live.shaoxing.com.cn/video/s10001-sxtv2/index.m3u8?%E5%85%B3%E6%B3%A8%E5%BE%AE%E4%BF%A1%E5%85%AC%E4%BC%97%E5%8F%B7[%E6%99%B4%E5%9B%AD]
绍兴新闻综合,http://live.shaoxing.com.cn/video/s10001-sxhb/index.m3u8?zzhed#http://live.shaoxing.com.cn/video/s10001-sxhb/index.m3u8#http://live.shaoxing.com.cn/video/s10001-sxtv1/index.m3u8?zzhed#http://live.shaoxing.com.cn/video/s10001-sxtv1/index.m3u8
绍兴文化影院,http://live.shaoxing.com.cn/video/s10001-sxtv3/index.m3u8?zzhed#http://live.shaoxing.com.cn/video/s10001-sxtv3/index.m3u8
绍兴文化影视,http://live.shaoxing.com.cn/video/s10001-sxtv3/index.m3u8
绍兴公共,http://live.shaoxing.com.cn/video/s10001-sxtv2/index.m3u8?zzhed#http://live.shaoxing.com.cn/video/s10001-sxtv2/index.m3u8
湖州公共民生,http://hzcm-live.media.hugd.com/1e6b554b9ab74513958c0e1ffe664d22/9acaa7634309494cb29a85eb12136607.m3u8?auth_key=2272900830-9a2389b8bf4e49d580d4ad807423d326-0-ea78a5c7a678c436263582d368f5009e
海宁新闻综合,https://p2hs.vzan.com/slowlive/317913155078575177/live.m3u8?zbid=293304&amp;amp;tpid=1708007815
海宁新闻综合,http://p2hs.vzan.com/slowlive/317913155078575177/live.m3u8
洞头综合,http://l.cztvcloud.com/channels/lantian/SXdongtou1/720p.m3u8?%E5%85%B3%E6%B3%A8%E5%BE%AE%E4%BF%A1%E5%85%AC%E4%BC%97%E5%8F%B7[%E6%99%B4%E5%9B%AD]
永嘉新闻综合,http://l.cztvcloud.com/channels/lantian/SXyongjia1/720p.m3u8?zzhed&quot;
武义新闻综合,http://l.cztvcloud.com/channels/lantian/SXwuyi1/720p.m3u8?zzhed\r\n
松阳综合,http://l.cztvcloud.com/channels/lantian/SXsongyang1/720p.m3u8?%E5%85%B3%E6%B3%A8%E5%BE%AE%E4%BF%A1%E5%85%AC%E4%BC%97%E5%8F%B7[%E6%99%B4%E5%9B%AD]
松阳新闻综合,http://l.cztvcloud.com/channels/lantian/SXsongyang1/720p.m3u8?fbl=
普陀电视台,http://l.cztvcloud.com/channels/lantian/SXputuo1/720p.m3u8?zzhed#http://l.cztvcloud.com/channels/lantian/SXputuo1/720p.m3u8
普陀电视台,https://l.cztvcloud.com/channels/lantian/SXputuo1/720p.m3u8
普陀新闻综合,http://l.cztvcloud.com/channels/lantian/SXputuo1/720p.m3u8?%E5%85%B3%E6%B3%A8%E5%BE%AE%E4%BF%A1%E5%85%AC%E4%BC%97%E5%8F%B7[%E6%99%B4%E5%9B%AD]
新昌生活,http://l.cztvcloud.com/channels/lantian/SXxinchang2/720p.m3u8
新昌新闻综合,https://l.cztvcloud.com/channels/lantian/SXxinchang1/720p.m3u8
新昌新闻综合,http://l.cztvcloud.com/channels/lantian/SXxinchang1/720p.m3u8
文成综合,http://l.cztvcloud.com/channels/lantian/SXwencheng1/720p.m3u8#http://l.cztvcloud.com/channels/lantian/SXwencheng1/720p.m3u8?zzhed
文成新闻综合,http://l.cztvcloud.com/channels/lantian/SXwencheng1/720p.m3u8?fbl=
数码时代,http://ali-m-l.cztv.com/channels/lantian/channel12/720p.m3u8?zzhed
数码时代,https://ali-m-l.cztv.com/channels/lantian/channel012/1080p.m3u8
开化新闻综合,http://l.cztvcloud.com/channels/lantian/SXkaihua1/720p.m3u8?zzhed
开化国家公园,http://l.cztvcloud.com/channels/lantian/SXkaihua2/720p.m3u8?zzhed#http://l.cztvcloud.com/channels/lantian/SXkaihua2/720p.m3u8zzhed#http://l.cztvcloud.com/channels/lantian/SXkaihua2/720p.m3u8
庆元综合,http://l.cztvcloud.com/channels/lantian/SXqingyuan1/720p.m3u8?%E5%85%B3%E6%B3%A8%E5%BE%AE%E4%BF%A1%E5%85%AC%E4%BC%97%E5%8F%B7[%E6%99%B4%E5%9B%AD]
庆元新闻综合,http://l.cztvcloud.com/channels/lantian/SXqingyuan1/720p.m3u8?fbl=
平湖民生休闲,http://l.cztvcloud.com/channels/lantian/SXpinghu2/720p.m3u8?zzhed#http://l.cztvcloud.com/channels/lantian/SXpinghu2/720p.m3u8
平湖新闻综合,http://l.cztvcloud.com/channels/lantian/SXpinghu1/720p.m3u8?cWlkPSZzPTg3OWMwYmMyZDMzYTFhZGY3NDQxMjgyYTg1MmUzNTY0JmVzPTE3MDY2Nzc4NzMmdXVpZD0yMjdiY2MzNGNiNGY0MThlYjRiY2IxYzcwNmZjODNkMS02NzQ3NDY2NyZ2PTImYXM9MCZjZG5leF9pZD10eF9waG9uZV9saXZl
嵊泗综合,http://goo.bkpcp.top/mg/ssxwzh
嵊泗综合,http://l.cztvcloud.com/channels/lantian/SXshengzhou1/720p.m3u8?zzhed
嵊泗新闻综合,http://l.cztvcloud.com/channels/lantian/SXshengsi1/720p.m3u8
嵊州新闻综合,http://l.cztvcloud.com/channels/lantian/SXshengzhou1/720p.m3u8?zzhed#http://l.cztvcloud.com/channels/lantian/SXshengzhou1/720p.m3u8
嵊州新闻综合,rtmp://play-sh11.quklive.com/live/1626935015913208
兰溪新闻综合,http://l.cztvcloud.com/channels/lantian/SXlanxi1/720p.m3u8?zzhed#http://l.cztvcloud.com/channels/lantian/SXlanxi1/720p.m3u8
余杭综合,http://l.cztvcloud.com/channels/lantian/SXyuhang1/720p.m3u8?cWlkPSZzPTg3OWMwYmMyZDMzYTFhZGY3NDQxMjgyYTg1MmUzNTY0JmVzPTE3MDY2Nzc4NzMmdXVpZD0yMjdiY2MzNGNiNGY0MThlYjRiY2IxYzcwNmZjODNkMS02NzQ3NDY2NyZ2PTImYXM9MCZjZG5leF9pZD10eF9waG9uZV9saXZl
余杭未来E,http://l.cztvcloud.com/channels/lantian/SXyuhang3/720p.m3u8?zzhed
余姚综合,http://l.cztvcloud.com/channels/lantian/SXyuyao1/720p.m3u8?cWlkPSZzPTg3OWMwYmMyZDMzYTFhZGY3NDQxMjgyYTg1MmUzNTY0JmVzPTE3MDY2Nzc4NzMmdXVpZD0yMjdiY2MzNGNiNGY0MThlYjRiY2IxYzcwNmZjODNkMS02NzQ3NDY2NyZ2PTImYXM9MCZjZG5leF9pZD10eF9waG9uZV9saXZl
余姚综合,https://l.cztvcloud.com/channels/lantian/SXyuyao1/720p.m3u8
余姚新闻综合,https://l.cztvcloud.com/channels/lantian/SXyuyao1/720p.m3u8
余姚新闻综合,http://l.cztvcloud.com/channels/lantian/SXyuyao1/720p.m3u8?cWlkPSZzPTg3OWMwYmMyZDMzYTFhZGY3NDQxMjgyYTg1MmUzNTY0JmVzPTE3MDY2Nzc4NzMmdXVpZD0yMjdiY2MzNGNiNGY0MThlYjRiY2IxYzcwNmZjODNkMS02NzQ3NDY2NyZ2PTImYXM9MCZjZG5leF9pZD10eF9waG9uZV9saXZl
余姚姚江文化,https://l.cztvcloud.com/channels/lantian/SXyuyao3/720p.m3u8
余姚姚江文化,http://l.cztvcloud.com/channels/lantian/SXyuyao3/720p.m3u8?zzhed#http://l.cztvcloud.com/channels/lantian/SXyuyao3/720p.m3u8zzhed
云和新闻综合,http://l.cztvcloud.com/channels/lantian/SXyunhe1/720p.m3u8?zzhed
中国蓝新闻,http://ali-m-l.cztv.com/channels/lantian/channel009/1080p.m3u8
东阳影视生活,http://l.cztvcloud.com/channels/lantian/SXdongyang1/720p.m3u8
上虞新闻综合,http://l.cztvcloud.com/channels/lantian/SXshangyu1/720p.m3u8?cWlkPSZzPTg3OWMwYmMyZDMzYTFhZGY3NDQxMjgyYTg1MmUzNTY0JmVzPTE3MDY2Nzc4NzMmdXVpZD0yMjdiY2MzNGNiNGY0MThlYjRiY2IxYzcwNmZjODNkMS02NzQ3NDY2NyZ2PTImYXM9MCZjZG5leF9pZD10eF9waG9uZV9saXZl
上虞新商都,http://l.cztvcloud.com/channels/lantian/SXshangyu3/720p.m3u8?zzhed\r\n
上虞文化影院,http://l.cztvcloud.com/channels/lantian/SXshangyu2/720p.m3u8?zzhed;http://l.cztvcloud.com/channels/lantian/SXshangyu2/720p.m3u8zzhed
上虞文化影视,http://l.cztvcloud.com/channels/lantian/SXshangyu2/720p.m3u8
北京卡酷少儿,http://yc.myds.me:35455/itv/5000000011000265008.m3u8?cdn=bestzb
北京卡酷少儿,https://migu.188766.xyz/?migutoken=1023983db6b5249e61d4950c1654cd84&id=%E5%8C%97%E4%BA%AC%E5%8D%A1%E9%85%B7%E5%B0%91%E5%84%BF&type=yy
北京新闻,https://ls.qingting.fm/live/339/64k.m3u8
北京新闻,http://iptv.huuc.edu.cn/hls/btv9hd.m3u8
北京新闻,http://[2409:8087:1:20:20::2a]/otttv.bj.chinamobile.com/PLTV/88888888/224/3221226437/1.m3u8?GuardEncType=2&accountinfo=%7E%7EV2.0%7EncK5uEAdYwWMsf8WJWI1mQ%7E_eNUbgU9sJGUcVVduOMKhafLvQUgE_zlz_7pvDimJNO_LSIQh_h2P54Cz-MqgJqC%2CEND
北京新闻,http://nas.suntao.online:35455/bptv/10000100000000050000000003870780.m3u8
北京新闻,http://yc.myds.me:35455/bptv/10000100000000050000000003870780.m3u8
北京新闻,https://brtv-radiolive.rbc.cn/alive/fm945.m3u8
北京新闻,http://[2409:8087:8:21::18]:6610/otttv.bj.chinamobile.com/PLTV/88888888/224/3221226437/1.m3u8?
北京新闻,http://ikuai.zlsip.top:4022/rtp/239.3.1.159:8000
北京新闻,http://dsj.motem.top:8880/bptv/10000100000000050000000003870780.m3u8
北京新闻,http://player.cntv.cn/standard/live_HLSDRM20180524.swf?ChannelID=btv9&videoTVChannel=btv9&P2PChannelID=pd://cctv_p2p_hdbtv9&tai=btv9&VideoName=btv9&channelID=btv9
北京生活,http://[2409:8087:1:20:20::2a]/otttv.bj.chinamobile.com/PLTV/88888888/224/3221226514/1.m3u8?GuardEncType=2&accountinfo=%7E%7EV2.0%7Es-PVNcPJsjr_oBdcXGT40g%7E_eNUbgU9sJGUcVVduOMKhafLvQUgE_zlz_7pvDimJNMWvZ0r6eMXcXJOGrCpJiq1%2CEND
北京生活,http://[2409:8087:8:21::18]:6610/otttv.bj.chinamobile.com/PLTV/88888888/224/3221226514/1.m3u8?
北京生活,http://ikuai.zlsip.top:4022/rtp/239.3.1.117:8000
北京生活,https://migu.188766.xyz/?migutoken=9c327678a97ae2bebdc3343ce8d1b076&id=%E5%8C%97%E4%BA%ACi%E7%94%9F%E6%B4%BB&type=yy
北京生活,http://player.cntv.cn/standard/live_HLSDRM20180524.swf?ChannelID=btv7&videoTVChannel=btv7&P2PChannelID=pd://cctv_p2p_hdbtv7&tai=btv7&VideoName=btv7&channelID=btv7
北京科教,http://player.cntv.cn/standard/live_HLSDRM20180606.swf?ChannelID=btv3&P2PChannelID=pd://cctv_p2p_hdbtv3
北京财经,http://[2409:8087:1:20:20::2a]/otttv.bj.chinamobile.com/PLTV/88888888/224/3221226516/1.m3u8?GuardEncType=2&accountinfo=%7E%7EV2.0%7Eh9_SEkmWeMdS1TMnIILZgg%7E_eNUbgU9sJGUcVVduOMKhafLvQUgE_zlz_7pvDimJNPIiicEW7OIvk1s-X-PXHqO%2CEND
北京财经,http://[2409:8087:8:21::18]:6610/otttv.bj.chinamobile.com/PLTV/88888888/224/3221226516/1.m3u8?
北京财经,http://ikuai.zlsip.top:4022/rtp/239.3.1.116:8000
北京财经,https://migu.188766.xyz/?migutoken=7c30e1ae174f101bab516bfa43840925&id=%E5%8C%97%E4%BA%AC%E8%B4%A2%E7%BB%8F&type=yy
北京财经,http://player.cntv.cn/standard/live_HLSDRM20180524.swf?ChannelID=btv5&videoTVChannel=btv5&P2PChannelID=pd://cctv_p2p_hdbtv5&tai=btv5&VideoName=btv5&channelID=btv5
北京青年,http://player.cntv.cn/standard/live_HLSDRM20180919.swf?v=180.171.5.8.9.6.3.9&ChannelID=btv8&videoTVChannel=btv8&P2PChannelID=pd://cctv_p2p_hdbtv8&tai=btv8&VideoName=btv8&channelID=btv8
七彩戏剧,http://php.jdshipin.com/itv6s.php?cid=bestzb&id=5000000011000031116
七彩戏剧,http://z.b.bkpcp.top/m.php?id=qcxj
七彩戏剧,http://tv.scjyhd.com:4022/udp/239.10.0.128:5140
上海外语,http://z.b.bkpcp.top/m.php?id=shics
上海外语,http://[2409:8087:5e00:24::029]:6610/000000001000/2000000002000000001/index.m3u8?stbId=3&livemode=1&HlsProfileId=&channel-id=hnbblive&Contentid=2000000002000000001&IASHttpSessionId=OTT19019320240419154124000281
上海外语,https://live.lalifeier.eu.org/kankanews/shics.m3u8?t=1745796321&key=da83f9eb8036738ea894dc3e61c504f4
上海新闻综合,http://z.b.bkpcp.top/m.php?id=shxwzh
上海新闻综合,https://mursor.ottiptv.cc/migu/651632657.m3u8?migutoken=2c1df649aa4a05375c169ba80b0e1237948ea4ca1f76374295c3a13814b384753f3baf0671b15276cc4e08d3b8cc736174d9e248cc91974b4a90971bb67c1980a21d82ed456a9630f45e87f4b0
上海新闻综合,https://migu.188766.xyz/?migutoken=ab52e6b62ed5785f357e5b5f07f64dda&id=xwzh&type=sz
上海新闻综合,https://mgtv.ottiptv.cc/mg/651632657.m3u8?sign=baf4677a556e411a7e3639bda66eca0f&tm=1757355490&token=a88466c8c0d3788d333987df991cb29c1bbdcede9924a8d3026202c22940b447704ff2c9123c66b2c48ec34b9f837524f69b99aff7581076d033af2d938587885b364200fd4b1194f2dea477e1
上海新闻综合,http://gslbmgsplive.miguvideo.com/wd_r4/dfl/xinwenzonghehd/1200/index.m3u8?msisdn=20250919080134d0a4f61e680b4d1b8d2460b858ff1fec&mdspid=&spid=699212&netType=0&sid=5500002275&pid=2028597139&timestamp=20250919080134&Channel_ID=0116_2600000900-99000-201600010010027&ProgramID=651632657&ParentNodeID=-99&assertID=5500002275&client_ip=106.13.250.88&SecurityKey=20250919080134&promotionId=&mvid=5100001716&mcid=500020&playurlVersion=WX-A1-8.9.1-RELEASE&userid=&jmhm=&videocodec=h264&bean=mgspad&tid=android&conFee=0&puData=c6e37e6787e81aeb250c874ff8533137&ddCalcu=7c36e1e13313705e86f7f8477e88c10a5e2b
上海新闻综合,http://bp-livetytv.bestv.cn/ch/bestvxwzh.m3u8
上海第一财经,https://mursor.ottiptv.cc/migu/608780988.m3u8?migutoken=7c61765857deba36348b33b70960be142ad01112a576887cba46c30e7069797b60d888f8f8dde583e0fd4fc58620a1fe2e530a64d73661591405b25881e40fcc2c1fe608d3cc0e259c8c00d297
上海第一财经,https://mgtv.ottiptv.cc/mg/608780988.m3u8?sign=ca5073dfefabd07a3a44b30ca200c375&tm=1757355490&token=e12a9094e382415fed09673baf28a61946fd64f2b5cde215006fe2de44af0039ea71d14ca59989349864375e065f2f92bd0051dc7a3ec5ac60049cc02e57ce94eabe732283369ac89b87cbb618
上海第一财经,http://gslbmgsplive.miguvideo.com/wd_r1/2018/bestv/dycj/1000/index.m3u8?msisdn=2025091908013429b62173a5e24f8ea1f310d5ed32e792&mdspid=&spid=699212&netType=0&sid=2201008312&pid=2028597139&timestamp=20250919080134&Channel_ID=0116_2600000900-99000-201600010010027&ProgramID=608780988&ParentNodeID=-99&assertID=2201008312&client_ip=106.13.250.88&SecurityKey=20250919080134&promotionId=&mvid=2201008312&mcid=500020&playurlVersion=WX-A1-8.9.1-RELEASE&userid=&jmhm=&videocodec=h264&bean=mgspad&tid=android&conFee=0&puData=6c828d22c926cc843970f3f1c7455bea&ddCalcu=a6eceb815285804d72c21cf932f60c7c9834
上海第一财经,http://bp-livetytv.bestv.cn/ch/bestvdycj.m3u8
上海第一财经,https://satellitepull.cnr.cn/live/wx32dycjgb/playlist.m3u8
上海纪实,http://php.jdshipin.com/TVOD/hnyd.php?id=200000001898/460000089800010067
上海纪实,http://iptv.huuc.edu.cn/hls/docuchina.m3u8
上海纪实,http://tv.scjyhd.com:4022/udp/239.93.1.137:5140
上海纪实,http://z.b.bkpcp.top/m.php?id=shjs
上海纪实,http://iptv.cdn.ha.chinamobile.com/PLTV/88888888/224/3221226559/index.m3u8
上海纪实,http://[2409:8087:3869:8021:1001::e5]:6610/PLTV/88888910/224/3221225655/index.m3u8
上海都市,http://yc.myds.me:35455/itv/5000000010000018926.m3u8?cdn=bestzb
上海都市,http://nas.suntao.online:35455/itv/5000000010000018926.m3u8?cdn=bestzb
上海都市,https://live.lalifeier.eu.org/kankanews/shds.m3u8?t=1745774515&key=78fc07d4bc09243dc7ad6478f495b1ca
上海都市,https://migu.188766.xyz/?migutoken=25fca555af4be46a9744edda1dbd024d&id=ds&type=sz
上海都市,http://bp-livetytv.bestv.cn/ch/bestvdspd.m3u8
上海都市,http://www.zhch682022.cn:35455/itv/5000000010000018926.m3u8?cdn=bestzb
东方影视,http://php.jdshipin.com:8880/itv6.php?cid=bestzb&id=5000000010000032212
东方影视,http://z.b.bkpcp.top/m.php?id=shys
东方影视,http://gat.bkpcp.top/ymg.php?id=shys
东方影视,https://www.freetv.top/migu/617290047.m3u8?migutoken=86c02ad0875d5cc49d77bcc8bdb628f2c9d508ffc323b964a03c8f92dde4afafa0345cf5a8fefbdf915c748e3d11c6c18e27ae1e21a609cec31a45e6c437db26a7a243625f9cf35c271171a22c
东方影视,https://migu.188766.xyz/?migutoken=bc0e05d32878b28e54d3735d235f61c0&id=%E4%B8%8A%E8%A7%86%E4%B8%9C%E6%96%B9%E5%BD%B1%E8%A7%86&type=yy
东方影视,https://zby.130519.xyz/PLTV/11/224/3221225744/index.m3u8
东方财经,http://[2409:8087:5e00:24::2d]:6610/000000001000/1/5000000007000010003/index.m3u8?channel-id=bestzb&Contentid=5000000007000010003&livemode=1&stbId=3
东方财经,http://tv.scjyhd.com:4022/udp/239.93.0.249:5140
东方财经,http://yc.myds.me:35455/itv/5000000007000010003.m3u8?cdn=bestzb
东方财经,http://iptv.cdn.ha.chinamobile.com/PLTV/88888888/224/3221226583/index.m3u8
东方财经,https://zby.130519.xyz/PLTV/11/224/3221226134/index.m3u8
东方财经,rtsp://115.153.245.70/PLTV/88888888/224/3221225609/iptv7995.smil
东方财经,rtsp://115.153.254.81/PLTV/88888888/224/3221225609/iptv7995.smil
东方财经,rtsp://115.153.240.228:554/PLTV/88888888/224/3221225609/iptv7995.smil
东方财经,rtsp://115.153.212.72/PLTV/88888888/224/3221225609/iptv7995.smil
东方财经,rtsp://115.153.233.154/PLTV/88888888/224/3221225609/iptv7995.smil
动漫秀场,http://php.jdshipin.com/itv6.php?cid=bestzb&id=5000000011000031113
动漫秀场,http://[2409:8087:74d9:21::6]/000000001000PLTV/88888888/224/3221226197/index.m3u8
动漫秀场,https://live.v1.mk/api/bestv.php?id=dmxc8m/8000000
动漫秀场,http://tv.scjyhd.com:4022/udp/239.10.0.101:5140
动漫秀场,http://iptv.cdn.ha.chinamobile.com/PLTV/88888888/224/3221226608/index.m3u8
20260802 04:39,http://ottrrs.hl.chinamobile.com/PLTV/88888888/224/3221226537/index.m3u8
风云剧场,http://38.75.136.137:98/gslb/dsdqpub/fyjc.m3u8?auth=testpub
风云剧场,http://173.208.212.130:8181/720p/fyjc.m3u8
风云剧场,http://63.141.230.178:82/gslb/zbdq5.m3u8?id=fyjc
风云剧场,http://dassby.qqff.top:99/live/风云剧场/index.m3u8
风云剧场,http://104.152.209.49:8181/720p/fyjc.m3u8
风云剧场,http://207.56.13.146:81/cdnlive/fyjc.m3u8
风云剧场,http://183.11.239.36:808/hls/95/index.m3u8
风云剧场,http://rihou.cc:555/tv/CCTV风云剧场
兵器科技,http://38.75.136.137:98/gslb/dsdqpub/bqkj.m3u8?auth=testpub
兵器科技,https://live.264788.xyz/channel/bingqikeji?streamid=530cb4e58bbc48b7fc26f5e0a2e47966&livekey=01WgOR41rriMmMkzNsd0UoaxJRwetZdxIvtVk
兵器科技,http://38.75.136.137:98/gslb/dsdqpub/gfjs.m3u8?auth=testpub
动漫秀场,http://[2409:8087:1e03:21::42]:6610/cms001/ch00000090990000001196/index.m3u8?
动漫秀场,http://[2409:8087:5e00:24::1e]:6060/000000001000/5000000011000031113/1.m3u8
动漫秀场,http://nas.hssvm.com:8888/udp/225.1.1.134:5002
动漫秀场,http://183.237.95.108:9901/tsfile/live/1104_1.m3u8?key=txiptv&playlive=0&authid=0
动漫秀场,rtsp://115.153.245.70/PLTV/88888888/224/3221225613/iptv7997.smil
哈哈炫动,http://php.jdshipin.com/TVOD/hnyd.php?id=200000001898/460000089800010117
哈哈炫动,http://[2409:8087:1a01:df::7005]/ottrrs.hl.chinamobile.com/PLTV/2/224/3221225657/2.m3u8
哈哈炫动,http://[2409:8087:74d9:21::6]/000000001000PLTV/88888888/224/3221226618/index.m3u8
哈哈炫动,http://yc.myds.me:35455/itv/5000000011000031123.m3u8?cdn=bestzb
哈哈炫动,http://nas.suntao.online:35455/itv/5000000011000031123.m3u8?cdn=bestzb
哈哈炫动,http://iptv.cdn.ha.chinamobile.com/PLTV/88888888/224/3221226596/index.m3u8
哈哈炫动,http://[2409:8087:1a0b:df::4001]:80/ottrrs.hl.chinamobile.com/PLTV/88888888/224/3221225657/index.m3u8
哈哈炫动,http://[2409:8087:1e03:21::42]:6610/cms001/ch00000090990000001232/index.m3u8?
哈哈炫动,http://otttv.bj.chinamobile.com/PLTV/88888888/224/3221227025/1.m3u8?GuardEncType=2&accountinfo=%7E%7EV2.0%7E7RoPnbSvRPd3KyTpQ76WpA%7EtP4-l0lmSfjwLWEfK_el1vH_mv-s1zo4AQJwdedaVwG9xkuFTDg8J26cwOrNJzn20BErrHdLhuZ9EzLUCD3PMW-OMx4MGteHV2vLeW6BqoY%2CEND
哈哈炫动,http://[2409:8087:8:21::18]:6610/otttv.bj.chinamobile.com/PLTV/88888888/224/3221226931/1.m3u8?
新闻综合,http://yc.myds.me:35455/itv/5000000011000031110.m3u8?cdn=bestzb
新闻综合,http://nas.suntao.online:35455/itv/5000000011000031110.m3u8?cdn=bestzb
新闻综合,https://www.freetv.top/migu/651632657.m3u8?migutoken=b4a3e55048f55ec1c8fc5b509fbdf32f2dc5d255f5f218e79e84ca9a87fb9f2239927cb11b448f18285b50b81b4cd50a1354e9be5a3283375e85372798c3f3eb3ad60adf45eb5615f68eb4825f
新闻综合,https://live.lalifeier.eu.org/kankanews/shxwzh.m3u8?t=1745774515&key=446cbb99163518411dacc8c71da7cec7
新闻综合,http://z.b.bkpcp.top/m.php?id=shxw
新闻综合,https://m3u8channel.yunxya.com/nmip-media/channellive/channel100028/playlist.m3u8
欢笑剧场,http://z.b.bkpcp.top/m.php?id=hxjc
欢笑剧场,http://gat.bkpcp.top/ymg.php?id=hxjc
欢笑剧场,http://goo.bkpcp.top/mg/hxjc
欢笑剧场,http://3501776.xyz:35455/itv/5000000002000009455.m3u8?cdn=bestzb
欢笑剧场,http://[2409:8087:1e01:20::3]:80/PLTV/11/224/3221225771/index.m3u8
欢笑剧场,https://shyd.695847.xyz/cms001/ch00000090990000001490/index.m3u8?IASHttpSessionId=RR4967720251014100028031761&ispcode=12
欢笑剧场,rtsp://115.153.245.70/PLTV/88888888/224/3221225734/10000100000000060000000000901456_0.smil
欢笑剧场,rtsp://123.147.112.17:8089/04000001/01000000004000000000000000000411?AuthInfo=xxx&userid=gf001&userid=gf001
法治天地,http://php.jdshipin.com/itv6.php?cid=bestzb&id=9001547084732463424
法治天地,http://z.b.bkpcp.top/m.php?id=fztd
法治天地,https://cc06.tv12.xyz/42.m3u8
法治天地,http://[2409:8087:1e01:20::3]:80/PLTV/11/224/3221225994/index.m3u8
兵器科技,http://173.208.212.130:8181/720p/gfjs.m3u8
兵器科技,http://63.141.230.178:82/gslb/zbdq5.m3u8?id=gfjs
兵器科技,http://rihou.cc:555/tv/CCTV兵器科技
第一剧场,https://t.freetv.fun/live/cctvdi-yi-ju-chang-2.m3u8
第一剧场,https://t.freetv.fun/live/cctv-di-yi-ju-chang-4.m3u8
第一剧场,https://t.freetv.fun/live/cctv-di-yi-ju-chang.m3u8
第一剧场,https://t.freetv.fun/live/cctv-di-yi-ju-chang-5.m3u8
第一剧场,https://t.freetv.fun/live/cctv-di-yi-ju-chang-3.m3u8
第一剧场,https://t.freetv.fun/live/cctv-di-yi-ju-chang-1.m3u8
第一剧场,https://t.freetv.fun/live/cctv-di-yi-ju-chang-2.m3u8
第一剧场,http://38.75.136.137:98/gslb/dsdqpub/dyjc.m3u8?auth=testpub
第一剧场,https://live.264788.xyz/channel/diyijuchang?streamid=d81e188b59ece96b7e8f1ce34aea3ef8&livekey=01WgOR41rriMmMkzNsd0UoaxJRwetZdxIvtVk
第一剧场,https://live.264788.xyz/channel/diyijuchang?streamid=e9b0fb1ca135a4aeae12944494883794&livekey=01WgOR41rriMmMkzNsd0UoaxJRwetZdxIvtVk
第一剧场,http://107.150.60.122/live/dyjc.m3u8
第一剧场,http://63.141.230.178:82/gslb/zbdq5.m3u8?id=dyjc
第一剧场,http://hmfs.f3322.net:3388/hls/21/index.m3u8
第一剧场,http://dassby.qqff.top:99/live/第一剧场/index.m3u8
第一剧场,http://207.56.13.146:81/cdnlive/dyjc.m3u8
第一剧场,http://rihou.cc:555/tv/CCTV第一剧场
第一剧场,http://183.11.239.36:808/hls/98/index.m3u8
央视台球,http://38.75.136.137:98/gslb/dsdqpub/ystq.m3u8?auth=testpub
央视台球,https://epg.pw/stream/ca9c1cd4b97fb824cedd7fedfd0c7a950afdd7f00751cfbb7c2d89831d7746a5.m3u8
央视台球,https://epg.pw/stream/25677ac2e8c1f7c3dd6359c43eb5f0f54efb3f5c11f9dda18d01b3e0308ed017.m3u8
央视台球,http://107.150.60.122/live/ystq.m3u8
法治天地,https://zby.130519.xyz/PLTV/11/224/3221225994/index.m3u8
法治天地,rtsp://115.153.245.70/PLTV/88888888/224/3221225607/iptv7994.smil
法治天地,rtsp://115.153.254.81/PLTV/88888888/224/3221225607/iptv7994.smil
法治天地,rtsp://115.153.240.228:554/PLTV/88888888/224/3221225607/iptv7994.smil
法治天地,rtsp://115.153.212.72/PLTV/88888888/224/3221225607/iptv7994.smil
法治天地,rtsp://115.153.247.80/PLTV/88888888/224/3221225607/iptv7994.smil
生活时尚,http://tv.scjyhd.com:4022/udp/239.93.0.106:5140
生活时尚,http://iptv.cdn.ha.chinamobile.com/PLTV/88888888/224/3221226570/index.m3u8
生活时尚,rtsp://115.153.245.70/PLTV/88888888/224/3221225603/iptv7992.smil
生活时尚,rtsp://115.153.254.81/PLTV/88888888/224/3221225603/iptv7992.smil
生活时尚,rtsp://115.153.240.228:554/PLTV/88888888/224/3221225603/iptv7992.smil
生活时尚,rtsp://115.153.212.72/PLTV/88888888/224/3221225603/iptv7992.smil
生活时尚,rtsp://115.153.247.80/PLTV/88888888/224/3221225603/iptv7992.smil
生活时尚,rtsp://115.153.230.145/PLTV/88888888/224/3221225603/iptv7992.smil
生活时尚,rtsp://115.153.222.112:554/PLTV/88888888/224/3221225603/iptv7992.smil
生活时尚,rtsp://115.153.233.154/PLTV/88888888/224/3221225603/iptv7992.smil
第一财经,http://[2409:8087:5e00:24::2d]:6610/000000001000/1/5000000010000027146/index.m3u8?channel-id=bestzb&Contentid=5000000010000027146&livemode=1&stbId=3
第一财经,http://yc.myds.me:35455/itv/5000000010000027146.m3u8?cdn=bestzb
第一财经,http://nas.suntao.online:35455/itv/5000000010000027146.m3u8?cdn=bestzb
第一财经,http://ls.qingting.fm/live/276.m3u8
第一财经,http://z.b.bkpcp.top/m.php?id=dycj
第一财经,https://www.freetv.top/migu/608780988.m3u8?migutoken=62e21890acbd9928d0be0b4eae9f5e32e1879604b785ee7ce8751d5001a9ff431d7714025aa03d48a2b190ff214e5115dcb6ba455c3d26b1db0f5b3cb49c5967429ff3b1fe8e96e87cc6146543
第一财经,https://live.lalifeier.eu.org/kankanews/dycj.m3u8?t=1745774515&key=d4e0ec3d6b085f901ccee6d888c10db3
第一财经,http://satellitepull.cnr.cn/live/wx32dycjgb/playlist.m3u8
第一财经,https://satellitepull.cnr.cn/live/wx32dycjgb/playlist.m3u8
都市剧场,http://3501776.xyz:35455/itv/5000000011000031111.m3u8?cdn=bestzb
都市剧场,http://[2409:8087:1e01:20::3]:80/PLTV/11/224/3221225762/index.m3u8
都市剧场,https://shyd.695847.xyz/cms001/ch00000090990000001203/index.m3u8?IASHttpSessionId=RR4967720251014100028031761&ispcode=12
都市剧场,https://satellitepull.cnr.cn/live/wxcqxwgb/playlist.m3u8
都市剧场,http://183.237.95.108:9901/tsfile/live/1069_1.m3u8?key=txiptv&playlive=0&authid=0
都市剧场,http://183.239.236.91:8088/hls/127/index.m3u8
都市剧场,rtsp://115.153.245.70/PLTV/88888888/224/3221225738/10000100000000060000000000901499_0.smil
都市剧场,rtsp://115.153.254.81/PLTV/88888888/224/3221225738/10000100000000060000000000901499_0.smil
都市剧场,rtsp://115.153.240.228:554/PLTV/88888888/224/3221225738/10000100000000060000000000901499_0.smil
都市剧场,rtsp://115.153.212.72/PLTV/88888888/224/3221225738/10000100000000060000000000901499_0.smil
璧山综合,http://222.179.42.129:8181/hls1.m3u8?zzhongqd
铜梁综合,http://183.64.174.171:40123/ch1.m3u8?zzhongqd
重庆汽摩,rtsp://123.147.112.17:8089/04000001/01000000004000000000000000000371?AuthInfo=xxx&userid=gf001&userid=gf001
重庆汽摩,http://120.76.248.139/live/bfgd/4200000168.m3u8
荣昌综合,http://183.64.181.25:40023/rongchang01.m3u8?%E5%85%B3%E6%B3%A8%E5%BE%AE%E4%BF%A1%E5%85%AC%E4%BC%97%E5%8F%B7[%E6%99%B4%E5%9B%AD]
央视台球,http://63.141.230.178:82/gslb/zbdq5.m3u8?id=ystq
央视台球,http://dassby.qqff.top:99/live/高尔夫网球/index.m3u8
央视台球,http://dassby.qqff.top:99/live/央视台球/index.m3u8
央视台球,http://207.56.13.146:81/cdnlive/ystq.m3u8
央视台球,http://rihou.cc:555/tv/CCTV央视台球
风云足球,https://t.freetv.fun/live/cctv-feng-yun-zu-qiu-4.m3u8
风云足球,https://t.freetv.fun/live/cctv-feng-yun-zu-qiu-5.m3u8
风云足球,https://t.freetv.fun/live/cctv-feng-yun-zu-qiu-1.m3u8
风云足球,https://t.freetv.fun/live/cctv-feng-yun-zu-qiu-3.m3u8
风云足球,https://t.freetv.fun/live/cctv-feng-yun-zu-qiu.m3u8
风云足球,https://t.freetv.fun/live/cctv-feng-yun-zu-qiu-2.m3u8
风云足球,http://38.75.136.137:98/gslb/dsdqpub/fyzq.m3u8?auth=testpub
风云足球,https://epg.pw/stream/6d7bf281e3d739806a73f5373acaa6e01988ec9739f5ac1355ce54b47a928472.m3u8
风云足球,http://63.141.230.178:82/gslb/zbdq5.m3u8?id=fyzq
风云足球,http://120.76.248.139/live/bfgd/4200000225.m3u8
风云足球,http://dassby.qqff.top:99/live/风云足球/index.m3u8
风云足球,http://207.56.13.146:81/cdnlive/fyzq.m3u8
风云足球,http://104.152.209.49:8181/720p/fyzq.m3u8
高尔夫网球,http://63.141.230.178:82/gslb/zbdq5.m3u8?id=gefwq
高尔夫网球,http://207.56.13.146:81/cdnlive/gefwq.m3u8
高尔夫网球,http://104.152.209.49:8181/720p/gefwq.m3u8
世界地理,http://38.75.136.137:98/gslb/dsdqpub/sjdl.m3u8?auth=testpub
世界地理,http://63.141.230.178:82/gslb/zbdq5.m3u8?id=sjdl
世界地理,http://120.76.248.139/live/bfgd/4200000177.m3u8
世界地理,http://dassby.qqff.top:99/live/世界地理/index.m3u8
世界地理,http://183.11.239.36:808/hls/11/index.m3u8
世界地理,http://hmfs.f3322.net:3388/hls/28/index.m3u8
世界地理,http://rihou.cc:555/tv/CCTV世界地理
风云音乐,https://t.freetv.fun/live/cctv-feng-yun-yin-le-3.m3u8
风云音乐,https://t.freetv.fun/live/cctv-feng-yun-yin-le-2.m3u8
风云音乐,https://t.freetv.fun/live/cctv-feng-yun-yin-le-1.m3u8
风云音乐,https://t.freetv.fun/live/cctv-feng-yun-yin-le-4.m3u8
风云音乐,http://38.75.136.137:98/gslb/dsdqpub/fyyy.m3u8?auth=testpub
风云音乐,https://live.264788.xyz/channel/fengyunyinyue?streamid=be37d16b874e7ba11dd383d7ecd75752&livekey=01WgOR41rriMmMkzNsd0UoaxJRwetZdxIvtVk
风云音乐,http://173.208.212.130:8181/720p/fyyy.m3u8
风云音乐,http://63.141.230.178:82/gslb/zbdq5.m3u8?id=fyyy
风云音乐,http://dassby.qqff.top:99/live/风云音乐/index.m3u8
风云音乐,http://207.56.13.146:81/cdnlive/fyyy.m3u8
风云音乐,http://183.11.239.36:808/hls/99/index.m3u8
风云音乐,http://rihou.cc:555/tv/CCTV风云音乐
风云音乐,https://t.freetv.fun/live/cctvyin-le.m3u8
风云音乐,https://t.freetv.fun/live/cctvyin-le-1.m3u8
女性时尚,http://38.75.136.137:98/gslb/dsdqpub/nxss.m3u8?auth=testpub
女性时尚,http://173.208.212.130:8181/720p/nxss.m3u8
女性时尚,http://63.141.230.178:82/gslb/zbdq5.m3u8?id=nxss
女性时尚,http://120.76.248.139/live/bfgd/4200000176.m3u8
女性时尚,http://dassby.qqff.top:99/live/女性时尚/index.m3u8
女性时尚,http://207.56.13.146:81/cdnlive/nxss.m3u8
女性时尚,http://183.11.239.36:808/hls/12/index.m3u8
女性时尚,http://rihou.cc:555/tv/CCTV女性时尚
怀旧剧场,http://38.75.136.137:98/gslb/dsdqpub/hjjc.m3u8?auth=testpub
怀旧剧场,http://173.208.212.130:8181/720p/hjjc.m3u8
怀旧剧场,http://107.150.60.122/live/hjjc.m3u8
怀旧剧场,http://63.141.230.178:82/gslb/zbdq5.m3u8?id=hjjc
怀旧剧场,http://120.76.248.139/live/bfgd/4200000224.m3u8
怀旧剧场,http://dassby.qqff.top:99/live/怀旧剧场/index.m3u8
怀旧剧场,http://104.152.209.49:8181/720p/hjjc.m3u8
怀旧剧场,http://rihou.cc:555/tv/CCTV怀旧剧场
怀旧剧场,http://183.11.239.36:808/hls/92/index.m3u8
央视文化精品,http://38.75.136.137:98/gslb/dsdqpub/ysjp.m3u8?auth=testpub
央视文化精品,http://104.152.209.49:8181/720p/ysjp.m3u8
央视文化精品,http://183.11.239.36:808/hls/97/index.m3u8
央视文化精品,http://rihou.cc:555/tv/CCTV央视文化
潼南综合,http://183.230.184.51:65500/tntv1.m3u8?zzhongqd
江津新闻综合,http://222.179.155.21:1935/ch1.m3u8?%E5%85%B3%E6%B3%A8%E5%BE%AE%E4%BF%A1%E5%85%AC%E4%BC%97%E5%8F%B7[%E6%99%B4%E5%9B%AD]
垫江综合,rtmp://play-sh.quklive.com/live/1672366847646284
重庆新闻,https://satellitepull.cnr.cn/live/wxcqxwgb/playlist.m3u8
优漫卡通,http://php.jdshipin.com/TVOD/hnyd.php?id=200000001898/460000089800010118
优漫卡通,http://z.b.bkpcp.top/m.php?id=ymkt
优漫卡通,http://[2409:8087:1a01:df::7005]/ottrrs.hl.chinamobile.com/PLTV/2/224/3221225656/2.m3u8
优漫卡通,https://www.freetv.top/migu/626064703.m3u8?migutoken=7f7c4b909389a0cd5172701768041a0f3887534c4534a68bf1dc85550389e9ab156655484be16e89604513fde9da2f036ebae28d31515b0be32eb12462f5de9d9cab8f00c44671241d5c6e1356
优漫卡通,http://iptv.cdn.ha.chinamobile.com/PLTV/88888888/224/3221226406/index.m3u8
优漫卡通,http://tv.scjyhd.com:4022/udp/239.93.0.251:5140
优漫卡通,http://[2409:8087:1a0b:df::4005]:80/ottrrs.hl.chinamobile.com/PLTV/88888888/224/3221225656/index.m3u8
优漫卡通,http://otttv.bj.chinamobile.com/PLTV/88888888/224/3221227007/1.m3u8?GuardEncType=2&accountinfo=%7E%7EV2.0%7EhHDWGhkwx_zJcJUYE9TAaA%7EtP4-l0lmSfjwLWEfK_el1vH_mv-s1zo4AQJwdedaVwG9xkuFTDg8J26cwOrNJzn20BErrHdLhuZ9EzLUCD3PMW-OMx4MGteHV2vLeW6BqoY%2CEND
优漫卡通,http://[2409:8087:8:21::18]:6610/otttv.bj.chinamobile.com/PLTV/88888888/224/3221226932/1.m3u8?
优漫卡通,http://goo.bkpcp.top/mg/ymkt
六合新闻综合,http://p2hs.vzan.com/720020/432453820030502236/live.m3u8
南京信息,http://live.nbs.cn/channels/njtv/xxpd/m3u8:500k/live.m3u8
南京信息,https://live.nbs.cn/channels/njtv/xxpd/m3u8:500k/live.m3u8
南京十八,http://z.b.bkpcp.top/m.php?id=njsb
南京十八,http://live.nbs.cn/channels/njtv/sbpd/m3u8:500k/live.m3u8
南京十八,https://live.nbs.cn/channels/njtv/sbpd/m3u8:500k/live.m3u8
南京十八,https://www.freetv.top/migu/838151753.m3u8?migutoken=8d26f1ff3a7322649e82c96f1a66d55d677c626a8ee62463a8c2625094b8270bd4345b1d0806f71840b81eac2b68f3a2aeabe6407feb4ee2f36580799b57c48c1418a87aee8ca513ec1544ca7a
南京十八,https://mursor.ottiptv.cc/migu/838151753.m3u8?migutoken=71f2d3c2ed881bd3f09c8b8ff0a21c6c25b10c8e1f523debcb58cb9212792cdfaa95632b2b8fdccfd7deb5ee9f2b4f71bb6d8d903d73327707e481c372345073d32bac152ad0eb00b164075b13
南京十八,https://mgtv.ottiptv.cc/mg/838151753.m3u8?sign=9179b7c6c8a01264b7bee4ce5a7ee0e8&tm=1757355490&token=15fb97933b347a6ee6138ad17d97b9733da5d5927c2eb047f2516727d15b187cccf05ad5b7d3d7e84bd0db93e5cb125c5da7230ec48bd495ae49ada37e0a6f7ef25d1b6ffef27981f947df791e
南京十八,http://gslbmgsplive.miguvideo.com/migu/kailu/nanjingsb/50/20230719/index.m3u8?msisdn=202509190801349730ff2fd0254ae4ad096d68d3fc7f35&mdspid=&spid=699067&netType=0&sid=5910021864&pid=2028597139&timestamp=20250919080134&Channel_ID=0116_2600000900-99000-201600010010027&ProgramID=838151753&ParentNodeID=-99&assertID=5910021864&client_ip=106.13.250.88&SecurityKey=20250919080134&promotionId=&mvid=5900006207&mcid=500020&playurlVersion=WX-A1-8.9.1-RELEASE&userid=&jmhm=&videocodec=h264&bean=mgspad&tid=android&conFee=0&puData=b0d57eedc76b6ea1b6b460ea0a8ac2d3&ddCalcu=3bd0e2d1c58a708eae0dace7066b46be6ab1
南京娱乐,http://live.nbs.cn/channels/njtv/ylpd/m3u8:500k/live.m3u8
南京娱乐,https://live.nbs.cn/channels/njtv/ylpd/m3u8:500k/live.m3u8
南京少儿,http://live.nbs.cn/channels/njtv/sepd/m3u8:500k/live.m3u8
南京少儿,https://live.nbs.cn/channels/njtv/sepd/m3u8:500k/live.m3u8
南京少儿,http://nklive.nbs.cn/hls/e0981f3f-1a20-4a59-b8d1-17feb83a4610/index.m3u8
南京少儿,http://221.226.51.220:50080/newlive/live/hls/46/live.m3u8
南京教科,http://live.nbs.cn/channels/njtv/jkpd/nbs06.m3u8
南京教科,https://live.nbs.cn/channels/njtv/jkpd/m3u8:500k/live.m3u8
南京教科,https://www.freetv.top/migu/838153729.m3u8?migutoken=68341b05540f514ec344fce1684f8a66005aec759b66a516681cab444a9ba187b5fe8f24736f20a63bce950472d823cb104a3f9b1e3d92a9aaca7c063902981bf22e9689666398fd6a3f36c311
南京教科,http://z.b.bkpcp.top/m.php?id=njkj
南京教科,https://mursor.ottiptv.cc/migu/838153729.m3u8?migutoken=98de282c32eafc9a4b5acb6a30e117df1024ef4fac48d0348aa808540419b9072643b9f63e1411783dd42b9978f99128ce02062868fedeb4af89c194b9aa6722196b357ace002aa267e696cb66
卫生健康,http://38.75.136.137:98/gslb/dsdqpub/wsjk.m3u8?auth=testpub
卫生健康,http://63.141.230.178:82/gslb/zbdq5.m3u8?id=wsjk
卫生健康,http://104.152.209.49:8181/720p/wsjk.m3u8
卫生健康,http://rihou.cc:555/tv/CCTV卫生健康
电视指南,http://38.75.136.137:98/gslb/dsdqpub/dszn.m3u8?auth=testpub
电视指南,http://107.150.60.122/live/dszn.m3u8
电视指南,http://63.141.230.178:82/gslb/zbdq5.m3u8?id=dszn
电视指南,http://120.76.248.139/live/bfgd/4200000164.m3u8
电视指南,http://183.11.239.36:808/hls/13/index.m3u8
电视指南,http://rihou.cc:555/tv/CCTV电视指南
老故事,http://38.75.136.137:98/gslb/dsdqpub/lgs.m3u8?auth=testpub
老故事,https://iptv.catvod.com/migu?id=884121956&token=93c04864591d81996271fe62d6b7a85b
老故事,http://204.12.221.218:8181/3m1080p/lgs.m3u8
老故事,http://63.141.230.178:82/gslb/zbdq5.m3u8?id=lgs
老故事,http://8.135.27.147:1234/884121956
老故事,http://kkk.888.3116598.xyz/api.php?n=tttt&id=ZcwZdM&tk=FgM0vQMejxvG
老故事,http://27.12.12.107:1234/884121956
老故事,http://116.236.204.18:1234/884121956
老故事,http://116.147.108.169:7788/884121956
南京教科,https://mgtv.ottiptv.cc/mg/838153729.m3u8?sign=f4f581ab3696a3096258d621cfdaf8d1&tm=1757355490&token=e8ce8b0b120570cc263fefbff3ff7d85c65a1f4216918616f164e22ae42e163671e50c1d72962529bfb62751a4171414f2b944474f72fb076a44fca5b8197d7a63eec0b555506cfa96a4ce1b15
南京教科,https://migu.188766.xyz/?migutoken=86098e6420f5a0e910566b8ddc67d470&id=%E5%8D%97%E4%BA%AC%E6%95%99%E7%A7%91%E9%A2%91%E9%81%93&type=yy
南京教科,http://gslbmgsplive.miguvideo.com/migu/kailu/nanjingkj/50/20230719/index.m3u8?msisdn=2025091908013422d2a0f4ed5e4511b896d3d3645248f2&mdspid=&spid=699067&netType=0&sid=5910021865&pid=2028597139&timestamp=20250919080134&Channel_ID=0116_2600000900-99000-201600010010027&ProgramID=838153729&ParentNodeID=-99&assertID=5910021865&client_ip=106.13.250.88&SecurityKey=20250919080134&promotionId=&mvid=5900006205&mcid=500020&playurlVersion=WX-A1-8.9.1-RELEASE&userid=&jmhm=&videocodec=h264&bean=mgspad&tid=android&conFee=0&puData=52692ec9c72414583509ce0cd575172e&ddCalcu=e522e7611985207e5cd9cc07e2c491045538
南京教科,http://nklive.nbs.cn/hls/75b3c462-b831-4de7-a34b-5d3221db2069/index.m3u8
南京新闻综合,http://z.b.bkpcp.top/m.php?id=njxwzh
南京新闻综合,http://live.nbs.cn/channels/njtv/xwzh/m3u8:500k/live.m3u8
南京新闻综合,https://live.nbs.cn/channels/njtv/xwzh/m3u8:500k/live.m3u8
南京新闻综合,https://www.freetv.top/migu/838109047.m3u8?migutoken=74a123656ffd42bf35e581516bd59c04fe4bcfe92f39e16931582e1b674ff2fc4d90da5f9b3dc796b8700456682cfb198f958ef81602312978e5168c1b35bb475fe775bf234a1c7965f918691c
南京新闻综合,https://mursor.ottiptv.cc/migu/838109047.m3u8?migutoken=fc1711b9c156db946a3c118fc27dae4c680e060dce4ac71e6daee3575118e0d40e394f66435e2a580495ab5e9c3d79668b5ed551ad777e18298343a466ce1308e398329241cfb78dcbdced39b1
南京新闻综合,https://migu.188766.xyz/?migutoken=80b94ba5264825a20bf0c9fbdc92b394&id=%E5%8D%97%E4%BA%AC%E6%96%B0%E9%97%BB%E7%BB%BC%E5%90%88%E9%A2%91%E9%81%93&type=yy
南京新闻综合,https://mgtv.ottiptv.cc/mg/838109047.m3u8?sign=541effb8602d86913a73f0b4a7a7067f&tm=1757355490&token=24cf70acea343944f00cc0ec03503f0a932224f092905da6579cfc1c914824b89bb23ffcdba51ae531a7e60488450a5b60dd8139ca80d3d315ed0387c51bd0d60c04f71b804722871c435da01e
南京新闻综合,http://gslbmgsplive.miguvideo.com/migu/kailu/nanjingxwzh/50/20230719/index.m3u8?msisdn=202509190801346040f34e796a43e3821e1db9273c556a&mdspid=&spid=699067&netType=0&sid=5910021863&pid=2028597139&timestamp=20250919080134&Channel_ID=0116_2600000900-99000-201600010010027&ProgramID=838109047&ParentNodeID=-99&assertID=5910021863&client_ip=106.13.250.88&SecurityKey=20250919080134&promotionId=&mvid=5900006203&mcid=500020&playurlVersion=WX-A1-8.9.1-RELEASE&userid=&jmhm=&videocodec=h264&bean=mgspad&tid=android&conFee=0&puData=de89fe41d47757280f2c68af5d15033a&ddCalcu=ad3ee3810985f01ed451fda48767c527f208
南京新闻综合,http://nklive.nbs.cn/hls/d511bc9d-a694-4453-b3a2-4fc842cc97a1/index.m3u8
南京生活,https://live.nbs.cn/channels/njtv/shpd/m3u8:500k/live.m3u8
南通新闻综合,https://mursor.ottiptv.cc/migu/955227985.m3u8?migutoken=be267bde65321b03020def1e8efad6d03353e251d524566f48e873e9dd9d55f8c97e4ed4b30ee9079e46ad70c47b5fd76ddb351b8c4a1d3425dc45a91518f7dfe8f2ca008c97ab08852dbe49c3
南通新闻综合,https://mgtv.ottiptv.cc/mg/955227985.m3u8?sign=ef61a871329c7364604324fdd589538a&tm=1757355490&token=e326d9c0e4e1f994ce2ea735b1332b69d8aed2175d43015033cd90021be33135b99e5f9ecc0e01c1f38c3f70f5ed32957b22740e6556f838f0a39042ca2a966565f6ddbc588a423b0d32be6574
南通新闻综合,http://gslbmgsplive.miguvideo.com/migu/kailu/ntxwzh/51/20250604/index.m3u8?msisdn=202509190801352ef9ff3bad3f4a65b064683f87e439c3&mdspid=&spid=699067&netType=0&sid=5910022178&pid=2028597139&timestamp=20250919080135&Channel_ID=0116_2600000900-99000-201600010010027&ProgramID=955227985&ParentNodeID=-99&assertID=5910022178&client_ip=106.13.250.88&SecurityKey=20250919080135&promotionId=&mvid=5900006706&mcid=500020&playurlVersion=WX-A1-8.9.1-RELEASE&userid=&jmhm=&videocodec=h264&bean=mgspad&tid=android&conFee=0&puData=98aea868da861defcb53a7c9f1ba5a81&ddCalcu=1988eaa15e5aa0b816f89dca78a6315dbecf
句容党建,http://jrlive.jrntv.com/live/_definst_/dangjians/playlist.m3u8?%E5%85%B3%E6%B3%A8%E5%BE%AE%E4%BF%A1%E5%85%AC%E4%BC%97%E5%8F%B7[%E6%99%B4%E5%9B%AD]
句容影院,http://jrlive.jrntv.com/live/_definst_/yingshis/chunklist_w1994429382.m3u8?zjiangsd
句容新闻综合,http://jrlive.jrntv.com/live/_definst_/jrxwzhs/playlist.m3u8#http://jrlive.jrntv.com/live/_definst_/jrxwzhs/playlist.m3u8?zjiangsd
句容生活,http://jrlive.jrntv.com/live/_definst_/shenghuos/playlist.m3u8?%E5%85%B3%E6%B3%A8%E5%BE%AE%E4%BF%A1%E5%85%AC%E4%BC%97%E5%8F%B7[%E6%99%B4%E5%9B%AD]
宜兴紫砂,rtmp://yixing-tv-ori-hls.jstv.com/yixing-tv-ori/yixing_zs
徐州新聞綜合,http://z.b.bkpcp.top/m.php?id=xzxwzh
新沂新闻,http://live.xysrmt.cn/xwzh/sd/live.m3u8?zjiangsd"
新沂生活,http://live.xysrmt.cn/shpd/sd/live.m3u8?zjiangsd
无锡娱乐,https://stream.thmz.com/wxtv2/playlist.m3u8
无锡娱乐,http://stream.thmz.com/wxtv2/sd/live.m3u8?zjiangsd#http://stream.thmz.com/wxtv2/playlist.m3u8?_upt=5ff4061f1706166872#http://stream.thmz.com/wxtv2/playlist.m3u8#http://stream.thmz.com/wxtv2/sd/live.m3u8?_upt=acffe97a1704940314
无锡新闻综合,http://stream.thmz.com/wxtv1/sd/live.m3u8?zjiangsd#http://stream.thmz.com/wxtv1/playlist.m3u8?_upt=156143371706166361#http://stream.thmz.com/wxtv1/sd/live.m3u8?_upt=4ba3ab191698644028#http://stream.thmz.com/wxtv1/playlist.m3u8
无锡新闻综合,http://m.m3u8.wifiwx.com/live/wifiwx-239.m3u8?zjiangsd
无锡生活,https://stream.thmz.com/wxtv4/playlist.m3u8
无锡生活,http://stream.thmz.com/wxtv4/playlist.m3u8?_upt=8c51357c1707362770
无锡生活,http://m.m3u8.wifiwx.com/live/wifiwx-244.m3u8?zjiangsd
无锡经济,https://stream.thmz.com/wxtv5/playlist.m3u8
无锡经济,http://stream.thmz.com/wxtv5/sd/live.m3u8?zjiangsd#http://stream.thmz.com/wxtv5/playlist.m3u8?_upt=10155d141706166867#http://stream.thmz.com/wxtv5/playlist.m3u8#http://stream.thmz.com/wxtv5/sd/live.m3u8?_upt=cfacd5221704890772
无锡都市资讯,http://stream.thmz.com/wxtv3/sd/live.m3u8?zjiangsd#http://stream.thmz.com/wxtv3/sd/live.m3u8?_upt=978cd8731706199708#http://stream.thmz.com/wxtv3/playlist.m3u8#http://stream.thmz.com/wxtv3/playlist.m3u8?_upt=1758133b1706166861
武进新闻,https://live.wjyanghu.com/live/CH1.m3u8?%E5%85%B3%E6%B3%A8%E5%BE%AE%E4%BF%A1%E5%85%AC%E4%BC%97%E5%8F%B7[%E6%99%B4%E5%9B%AD]
武进新闻,http://live.wjyanghu.com/live/CH1.m3u8?%E5%85%B3%E6%B3%A8%E5%BE%AE%E4%BF%A1%E5%85%AC%E4%BC%97%E5%8F%B7[%E6%99%B4%E5%9B%AD]
武进生活,https://live.wjyanghu.com/live/CH2.m3u8?%E5%85%B3%E6%B3%A8%E5%BE%AE%E4%BF%A1%E5%85%AC%E4%BC%97%E5%8F%B7[%E6%99%B4%E5%9B%AD]
武进生活,http://live.wjyanghu.com/live/CH2.m3u8
江宁新闻,https://migu.188766.xyz/?migutoken=77969fb082a75b798578427f3570edd2&id=%E4%BD%93%E8%82%B2%E4%BC%91%E9%97%B2%E9%A2%91%E9%81%93&type=yy
江宁新闻,rtmp://jiangning-tv-hls.cm.jstv.com/jiangning-tv/jnxwzh
江苏城市,http://z.b.bkpcp.top/m.php?id=jscs
老故事,http://47.104.178.59:3566/884121956
老故事,http://182.61.15.163:80/884121956
老故事,http://42.94.210.57:7788/884121956
老故事,http://111.231.6.102:1234/884121956
老故事,http://182.127.153.16:1234/884121956
老故事,http://116.52.173.95:1234/884121956
老故事,http://183.11.239.36:808/hls/26/index.m3u8
老故事,http://t.061899.xyz/tl/tl.php?id=lgs
老故事,http://106.42.108.174:7788/884121956
老故事,http://223.247.25.227:1234/884121956
老故事,http://182.61.15.47:80/884121956
发现之旅,http://38.75.136.137:98/gslb/dsdqpub/fxzl.m3u8?auth=testpub
发现之旅,https://iptv.catvod.com/migu?id=624878970&token=e7eff3151b59e68cbe942c52275108c3
发现之旅,http://63.141.230.178:82/gslb/zbdq5.m3u8?id=fxzl
发现之旅,http://kkk.888.3116598.xyz/api.php?n=tttt&id=8Nx7PR&tk=FgM0vQMejxvG
发现之旅,http://8.135.27.147:1234/624878970
发现之旅,http://27.12.12.107:1234/624878970
发现之旅,http://116.236.204.18:1234/624878970
发现之旅,http://116.147.108.169:7788/624878970
发现之旅,http://47.104.178.59:3566/624878970
发现之旅,http://182.61.15.163:80/624878970
发现之旅,http://182.127.153.16:1234/624878970
发现之旅,http://14.153.176.108:1234/624878970
发现之旅,http://111.231.6.102:1234/624878970
发现之旅,http://182.61.15.47:80/624878970
发现之旅,http://106.42.108.174:7788/624878970
发现之旅,http://t.061899.xyz/tl/tl.php?id=fxzl
发现之旅,http://223.247.25.227:1234/624878970
发现之旅,http://116.52.173.95:1234/624878970
发现之旅,http://42.94.210.57:7788/624878970
发现之旅,http://hlsztemgsplive.miguvideo.com:8080/wd_r3/cnr/faxianzhilv/1000/index.m3u8?msisdn=202608020401277fa2a554ed72404180afefbd4fa7e081&mdspid=&spid=699004&netType=0&sid=5500212893&pid=2028597139&timestamp=20260802040127&Channel_ID=0116_2600000900-99000-201600010010027&ProgramID=624878970&ParentNodeID=-99&assertID=5500212893&client_ip=218.28.233.106&SecurityKey=20260802040127&promotionId=&mvid=5100001701&mcid=500020&playurlVersion=ZQ-A1-9.7.2-SNAPSHOT&userid=&jmhm=&videocodec=h264&appCode=miguvideo_android&bean=mgspad&tid=android&conFee=0&encrypt=03ec97a48fd2742584a688fbacd29721
CCTV4K,https://t.freetv.fun/live/cctv-4kgao-qing-2.m3u8
CCTV4K,https://t.freetv.fun/live/cctv-4kgao-qing-1.m3u8
CCTV4K,http://67.220.71.199:2347/livehttpplay?channel_id=30029
CCTV4K,http://198.204.240.250:82/live/cctv4k.m3u8
CCTV4K,http://107.150.60.122/live/cctv4k.m3u8
CCTV4K,https://stream1.freetv.fun/cctv4k-2.ctv
CCTV4K,http://vip1.xinketongxun.fun:8082/tsfile/live/1026_1.m3u8
CCTV4K,http://63.141.230.178:82/gslb/zbdq5.m3u8?id=cctv4k
CCTV4K,https://live-play-hls.cctvnews.cctv.com/CCTVChannel/channel_cctv4k_mbd.m3u8?auth_key=1785482100-1-b59134a2ead43d7f783f943c8f535e7bb80c5169575b2e8efcd5b3ddea21b41c-5d9b7ea3c66a3d675e81ba623c014820&yid=b59134a2ead43d7f783f943c8f535e7bb80c5169575b2e8efcd5b3ddea21b41c
CCTV4K,http://rihou.cc:555/tv/CCTV4K
CCTV4K,https://live-play-hls.cctvnews.cctv.com/CCTVChannel/channel_cctv4k_mbd.m3u8?auth_key=1785582000-1-b59134a2ead43d7f783f943c8f535e7bb80c5169575b2e8efcd5b3ddea21b41c-83520dc53bb5400f39b95119cd218b16&yid=b59134a2ead43d7f783f943c8f535e7bb80c5169575b2e8efcd5b3ddea21b41c
CCTV4K,https://live-play-hls.cctvnews.cctv.com/CCTVChannel/channel_cctv4k_mbd.m3u8?auth_key=1785668400-1-b59134a2ead43d7f783f943c8f535e7bb80c5169575b2e8efcd5b3ddea21b41c-a63be1df98f5932e85e2de27a27baba6&yid=b59134a2ead43d7f783f943c8f535e7bb80c5169575b2e8efcd5b3ddea21b41c
CCTV4K,https://t.freetv.fun/live/cctv-4kgao-qing.m3u8
CCTV4K,https://t.freetv.fun/live/cctv-4kgao-qing-3.m3u8
CCTV4K,https://t.freetv.fun/live/cctv-4kgao-qing-4.m3u8
CCTV4K,https://t.freetv.fun/live/cctv-4kgao-qing-5.m3u8
CCTV8K,https://t.freetv.fun/live/cctv-8kchao-gao-qing-2.m3u8
CCTV8K,https://t.freetv.fun/live/cctv-8hd-1.m3u8
CCTV8K,https://t.freetv.fun/live/cctv-8.m3u8
CCTV8K,https://t.freetv.fun/live/cctv-8kchao-gao-qing-1.m3u8
CCTV8K,https://t.freetv.fun/live/cctv-8kchao-gao-qing-3.m3u8
江苏城市,https://mursor.ottiptv.cc/migu/626064714.m3u8?migutoken=b92ada516923349cef01531d5bff5992a22ba9122a3e7c2696e7edd09a971fa6e2a2e1a2209c9ab3c9a404643dce743a2de2a97c7793ae60e3b2614d285ec1c42bcb6619c30a8bb2923adbbb68
江苏城市,http://gslbmgsplive.miguvideo.com/wd_r2/jstv/jschengshi/600/index.m3u8?msisdn=202509030900312c5ad926e30449e5b9405f27a3fde9a6&mdspid=&spid=699067&netType=0&sid=5500260508&pid=2028597139&timestamp=20250903090031&Channel_ID=0116_2600037000-99000-200300220100002&ProgramID=626064714&ParentNodeID=-99&assertID=5500260508&client_ip=106.13.250.83&SecurityKey=20250903090031&promotionId=&mvid=5100186409&mcid=500020&playurlVersion=WX-A1-8.8.1-RELEASE&userid=&jmhm=&videocodec=h264&bean=mgspad&tid=android&conFee=0&puData=3712225a575d903704881b6443f50a06&ddCalcu=6307va1a02x52af2354a4567b51d89804307&sv=10004&ct=android
江苏城市,https://mgtv.ottiptv.cc/mg/626064714.m3u8?sign=8f0c5e0ccba2844508b566696e999fd8&tm=1757355490&token=0264364ddb67a4c531e08706aa31ddadb99a2d44838aff9615079499cc4b018947faa3341ee423d6c3d1b0d4bb564febb101c04c798b121b42e56bae7f02e206eb31c9b961c926b5c62d98f54e
江苏影视,http://z.b.bkpcp.top/m.php?id=jsys
江苏影视,https://migu.188766.xyz/?migutoken=91756b74eb13850e4c87b15c25817e42&id=%E6%B1%9F%E8%8B%8F%E5%BD%B1%E8%A7%86%E9%A2%91%E9%81%93&type=yy
江苏影视,https://mursor.ottiptv.cc/migu/626064697.m3u8?migutoken=b73f8d78cfb5fb25d1b0e54e8b651db35d48ff071c6fe1f7826fcc4e6212a20ba7c8991185d03743da42bafdff874a4a03b5df60e7c2aa293ad3b34997faa082e300149433e3b1c2694909770b
江苏影视,http://gslbmgsplive.miguvideo.com/wd_r2/jstv/jsyingshi/600/index.m3u8?msisdn=2025090309003105f41cc73cf04c92833c2265c0140111&mdspid=&spid=699067&netType=0&sid=5500260517&pid=2028597139&timestamp=20250903090031&Channel_ID=0116_2600037000-99000-200300220100002&ProgramID=626064697&ParentNodeID=-99&assertID=5500260517&client_ip=106.13.250.83&SecurityKey=20250903090031&promotionId=&mvid=5100186424&mcid=500020&playurlVersion=WX-A1-8.8.1-RELEASE&userid=&jmhm=&videocodec=h264&bean=mgspad&tid=android&conFee=0&puData=6814112e9248d0d7b2bc482bd82b9897&ddCalcu=7698v81a94wb1a2182deb9228448cdb02db7&sv=10004&ct=android
江苏影视,https://mgtv.ottiptv.cc/mg/626064697.m3u8?sign=4546b837394627bdf0555d08004f07f1&tm=1757355490&token=045c49e78730e06afac5328327158be096e0cc0923fa83b1c384eed1a953e619ed0f0482942cafb47ba55677ec3811cba19956a9d9888ccb6f7651162308fa397e73c8102f16fece809ed10309
江苏教育,http://z.b.bkpcp.top/m.php?id=jsjy
江苏教育,http://goo.bkpcp.top/mg/jsjy
江苏教育,https://migu.188766.xyz/?migutoken=bfd96895aa8e3e9aa47561510518c058&id=%E6%B1%9F%E8%8B%8F%E6%95%99%E8%82%B2&type=yy
江苏教育,https://mursor.ottiptv.cc/migu/628008321.m3u8?migutoken=f23d4bcff80819f435db9a666e24d1bb6cb7daed4d5f480936906885f3d62861b56b769a71332c450d31bc8d287919f595d3e6345a45469a801811eaae8da0bc75fecc6ad6284507ffd4495d3d
江苏教育,http://gslbmgsplive.miguvideo.com/wd_r2/jstv/jsjiaoyu/600/index.m3u8?msisdn=20250903090031d7e536b9e78c4a42b0841922e44a4a36&mdspid=&spid=699067&netType=0&sid=5500287493&pid=2028597139&timestamp=20250903090031&Channel_ID=0116_2600037000-99000-200300220100002&ProgramID=628008321&ParentNodeID=-99&assertID=5500287493&client_ip=106.13.250.83&SecurityKey=20250903090031&promotionId=&mvid=5101012819&mcid=500020&playurlVersion=WX-A1-8.8.1-RELEASE&userid=&jmhm=&videocodec=h264&bean=mgspad&tid=android&conFee=0&puData=d3e3bd992ebf554d360ba9b83b9b179d&ddCalcu=dd93v7ea13bbba9db93982be9bafb505643d&sv=10004&ct=android
江苏教育,https://mgtv.ottiptv.cc/mg/628008321.m3u8?sign=42fbc7d5ecee3d7514da7487637571af&tm=1757355490&token=dbdd3a0a60ec694eddb90b6d3f1045c5330978b2ea28dcd0611a446e87a312654c1e665465a4496920424533b8bf6be7740ab68e5f926c8639319cc319527a74c3a4b49ff0cd24c8669fc83609
泗洪新闻综合,http://live1.habctv.com/ggpdsl/sd/live.m3u8?zjiangsd#http://live1.habctv.com/ggpdsl/sd/live.m3u8
泗洪新闻综合,rtmp://sihong-tv-hls.cm.jstv.com/sihong-tv/sihongxinwenzonghe
涟水电视台综合,http://live1.habctv.com/ggpdsl/sd/live.m3u8?zjiangsd#http://live1.habctv.com/ggpdsl/sd/live.m3u8
涟水电视台综合,https://lianshui-tv-hls.cm.jstv.com:443/lianshui-tv/lsxw.m3u8
涟水电视台综合,http://lianshui-tv-hls.cm.jstv.com/lianshui-tv/lsxw.m3u8?zjiangsd,
涟水电视台综合,rtmp://lianshui-tv-hls.cm.jstv.com/lianshui-tv/lsxw
涟水综合,https://lianshui-tv-hls.cm.jstv.com:443/lianshui-tv/lsxw.m3u8
涟水综合,http://lianshui-tv-hls.cm.jstv.com/lianshui-tv/lsxw.m3u8?zjiangsd,
涟水综合,rtmp://lianshui-tv-hls.cm.jstv.com/lianshui-tv/lsxw
淮安公共,http://live1.habctv.com/ggpdsl/sd/live.m3u8?zjiangsd#http://live1.habctv.com/ggpdsl/sd/live.m3u8
淮安影院娱乐,http://live1.habctv.com/ysylsl/sd/live.m3u8?zjiangsd
淮安新闻综合,http://z.b.bkpcp.top/m.php?id=haxwzh
淮安新闻综合,http://live1.habctv.com/zhpdsl/sd/live.m3u8?zjiangsd
淮安新闻综合,https://mursor.ottiptv.cc/migu/639731826.m3u8?migutoken=d72922ed14054c4c03ebda8a2d636518ee54cc6e0dda4714c6fbe68badcf28869a5d5e29c07901926d6a0923a7fab32112868b1e1ce7042073c1715e1e6e0c4af6ae0af39485d249f73b9d8f11
CCTV8K,https://t.freetv.fun/live/cctv-8hd-2.m3u8
CCTV8K,https://t.freetv.fun/live/cctv-8kchao-gao-qing.m3u8
CCTV8K,https://t.freetv.fun/live/cctv-08.m3u8
CCTV8K,https://t.freetv.fun/live/cctv-8hd-3.m3u8
CCTV8K,http://38.75.136.137:98/gslb/dsdqpub/cctv8k.m3u8?auth=testpub
CCTV8K,http://107.150.60.122/live/cctv8k.m3u8
CCTV8K,http://198.204.240.250:82/live/cctv8k.m3u8
CCTV8K,http://192.151.150.154/live/cctv8k.m3u8
CCTV8K,http://63.141.230.178:82/gslb/zbdq5.m3u8?id=cctv8k
CCTV8K,https://t.freetv.fun/live/cctv-8-1.m3u8
CCTV8K,http://104.152.209.49:8181/720p/cctv8k.m3u8
CCTV8K,http://rihou.cc:555/tv/CCTV8K
CCTV8K,https://t.freetv.fun/live/cctv-8-2.m3u8
CCTV8K,https://t.freetv.fun/live/cctv-8-3.m3u8
南方卫视,http://kkk.888.3116598.xyz/api.php?n=tttt&id=vPfSAx&tk=FgM0vQMejxvG
厦门卫视,http://ottrrs.hl.chinamobile.com/PLTV/88888888/224/3221226390/index.m3u8
厦门卫视,https://stream1.freetv.fun/cc2a1fdd054d0069e308a8c5358596fe1ba08562b102d8223a3b02e620082f96.m3u8
厦门卫视,https://t.freetv.fun/live/sha-men-wei-shi-1.m3u8
厦门卫视,https://stream1.freetv.fun/a927444efa3d55d3d42d4d80fc9dd565caeae93fe0328d6e078367c2120df3d4.m3u8
厦门卫视,https://stream1.freetv.fun/59c7359694ec77f9bc678221c3134b608aa973a44b2ed669c823673c1b2a8e0e.m3u8
厦门卫视,https://stream1.freetv.fun/f8d1629f014d910f22eba5798df47afb57a1636020d0ef99783649dc37c7a627.m3u8
厦门卫视,https://t.freetv.fun/live/sha-men-wei-shi-4.m3u8
厦门卫视,https://stream1.freetv.fun/44ad572f8aed79d295c6d1436be94124e1348f4e866fa678b3a3e0313331eee4.m3u8
厦门卫视,https://stream1.freetv.fun/1d1f4ee3272778c3d7965079694c5fa2b4daae8342dfb55a91a721fa64d486fb.m3u8
厦门卫视,https://stream1.freetv.fun/cf7c26c2c6876a650312f14d2cbc9ed0b6345e59f7bdfbea939572011d0c9955.m3u8
厦门卫视,https://stream1.freetv.fun/8a2a9ccafaf754063ce9d89bdb563b7408b96117d9e868780622f631a35ea400.m3u8
厦门卫视,https://stream1.freetv.fun/d9d95afccb2b63cf3413a6d6c328c65150fe664af371f3c6e1ef2cdae2b68c65.m3u8
厦门卫视,https://stream1.freetv.fun/aa65dd411565991ace44f9e5934bd018fdd52122e052d471a363b6ee839e1079.m3u8
厦门卫视,https://stream1.freetv.fun/fa7f6e9ffa48876e0a0c01d13236367138a865a5ebda64b80d0398a29ee8cdb7.m3u8
延边卫视,http://ottrrs.hl.chinamobile.com/PLTV/88888888/224/3221226516/index.m3u8
延边卫视,https://stream1.freetv.fun/a26f33a3504d1ef90a6b1750c720fb6b6a0dcab447c91e0afd790b9fe21b2bbf.m3u8
延边卫视,https://stream1.freetv.fun/d2ea3a364fa453b29060ebccb5a06a1941755859c0182ab0f071473c08738fc2.m3u8
延边卫视,https://t.freetv.fun/live/yan-bian-wei-shi-7.m3u8
延边卫视,https://stream1.freetv.fun/yan-bian-wei-shi-15.m3u8
延边卫视,https://stream1.freetv.fun/yan-bian-wei-shi-16.m3u8
延边卫视,https://srs.iyb983.cn/video/CYS/index.m3u8
延边卫视,http://kkk.888.3116598.xyz/api.php?n=tttt&id=d3B5Sd&tk=FgM0vQMejxvG
延边卫视,http://kkk.888.3116598.xyz/api.php?n=tttt&id=GaMgIY&tk=FgM0vQMejxvG
延边卫视,http://kkk.888.3116598.xyz/api.php?n=tttt&id=b7MQBA&tk=FgM0vQMejxvG
延边卫视,http://kkk.888.3116598.xyz/api.php?n=tttt&id=6SryRL&tk=FgM0vQMejxvG
淮安新闻综合,https://mgtv.ottiptv.cc/mg/639731826.m3u8?sign=1b22e63bc2ee35d8112c203cab03ea7e&tm=1757355490&token=502d14dd6b602ddd6dde83694d2e017a0dfbdef8d8a11bd9ba35e2c6f42fbdf027e64e53b5db42d7bf624f00e340323bad33de894dccd4f527faa4d661d1a5134b5ded01b816667427a729b9b2
淮安新闻综合,http://gslbmgsplive.miguvideo.com/wd_r2/jstv/haxinwenzonghe/600/index.m3u8?msisdn=2025091908013583ce7f12af754a16ba29f7c2626810f0&mdspid=&spid=699067&netType=0&sid=5500469363&pid=2028597139&timestamp=20250919080135&Channel_ID=0116_2600000900-99000-201600010010027&ProgramID=639731826&ParentNodeID=-99&assertID=5500469363&client_ip=106.13.250.88&SecurityKey=20250919080135&promotionId=&mvid=5102012618&mcid=500020&playurlVersion=WX-A1-8.9.1-RELEASE&userid=&jmhm=&videocodec=h264&bean=mgspad&tid=android&conFee=0&puData=8f83667dfa073a4952557e51d015d22c&ddCalcu=c82fe281d395601607dd1f5ae077535a2459
淮阴综合,https://huaiyin-tv-replay.cm.jstv.com/huaiyin-tv/huaiyinf.m3u8
溧水新闻综合,https://mursor.ottiptv.cc/migu/639737327.m3u8?migutoken=ea943b4d731fe15865f6caaeaab663978aa95498ba7c40d1eef40639bcc5902335d53c5bd66345a202cd20a08b41999c4c1378c4bcc42b553b4f16ab32e95dcaaa5371e80e545ce50fe49ca87e
溧水新闻综合,https://mgtv.ottiptv.cc/mg/639737327.m3u8?sign=0ab8f6eb5808f57fa452bb76d9c536cd&tm=1757355490&token=d80d42e03bbbed57d3be50389b9ba1e90f9627fa8386f1f3c996c34c1180693354e58d6d3f526dab2fbd3953b012fde8cd0e4c3ad478a6ce7e40e2ea1f00bcc1683ad5582fb2aac3eb0d1f8686
溧水新闻综合,http://gslbmgsplive.miguvideo.com/migu/kailu/wxxwzh/51/20250604/index.m3u8?msisdn=202509190801368edab7fc3daa499fa4e273d73d8b9f2d&mdspid=&spid=699067&netType=0&sid=5500469349&pid=2028597139&timestamp=20250919080136&Channel_ID=0116_2600000900-99000-201600010010027&ProgramID=639737327&ParentNodeID=-99&assertID=5500469349&client_ip=106.13.250.88&SecurityKey=20250919080136&promotionId=&mvid=5102012612&mcid=500020&playurlVersion=WX-A1-8.9.1-RELEASE&userid=&jmhm=&videocodec=h264&bean=mgspad&tid=android&conFee=0&puData=c3e71707790a9a58ff5c4df8b135c614&ddCalcu=4c13e6e1c795103710b787f9d04ac95af5f8
睢宁综合,https://live-auth.51kandianshi.com/szgd/csztv4k_hd.m3u8
苏州4k,https://live-auth.51kandianshi.com/szgd/csztv4k_hd.m3u8
苏州文化生活,https://live-auth.51kandianshi.com/szgd/csztv3.m3u8
苏州新闻综合,http://z.b.bkpcp.top/m.php?id=szxwzh
苏州新闻综合,https://live-auth.51kandianshi.com/szgd/csztv1.m3u8
苏州生活资讯,https://live-auth.51kandianshi.com/szgd/csztv5.m3u8
苏州社会经济,https://live-auth.51kandianshi.com/szgd/csztv2.m3u8
赣榆新闻综合,rtmp://ganyu-tv-hls.cm.jstv.com/ganyu-tv/ganyutv
连云港新闻综合,http://z.b.bkpcp.top/m.php?id=lygxwzh
延边卫视,http://kkk.888.3116598.xyz/api.php?n=tttt&id=hM1OW2&tk=FgM0vQMejxvG
延边卫视,https://srs.iyb983.cn:443/video/CYS/index.m3u8
延边卫视,http://120.76.248.139/live/bfgd/4200000117.m3u8
康巴卫视,http://ottrrs.hl.chinamobile.com/PLTV/88888888/224/3221225660/index.m3u8
康巴卫视,https://stream1.freetv.fun/e1854d983296da1d0804b07dcd259f5aafc1d7f17f59b6e0001d2a0741b5c608.m3u8
康巴卫视,http://kkk.888.3116598.xyz/api.php?n=tttt&id=mwhS1w&tk=FgM0vQMejxvG
康巴卫视,http://kkk.888.3116598.xyz/api.php?n=tttt&id=slYPRK&tk=FgM0vQMejxvG
康巴卫视,https://t.freetv.fun/live/kang-ba-wei-shi.m3u8
安多卫视,http://ottrrs.hl.chinamobile.com/PLTV/88888888/224/3221225659/index.m3u8
安多卫视,https://stream1.freetv.fun/52d0df257c5c3cec42f2ae19268dbbc261256ff391b27bd83553bea941d0c186.m3u8
安多卫视,http://kkk.888.3116598.xyz/api.php?n=tttt&id=rdOvlL&tk=FgM0vQMejxvG
安多卫视,http://kkk.888.3116598.xyz/api.php?n=tttt&id=wRMQR6&tk=FgM0vQMejxvG
安多卫视,https://liveout.xntv.tv/a65jur/90p2i1.m3u8?zqinghd#https://liveout.xntv.tv/a65jur/96iln2.m3u8#https://liveout.xntv.tv/a65jur/90p2i1.m3u8?zqing
安多卫视,https://t.freetv.fun/live/an-duo-wei-shi-1.m3u8
安多卫视,https://t.freetv.fun/live/an-duo-wei-shi.m3u8
兵团卫视,http://ottrrs.hl.chinamobile.com/PLTV/88888888/224/3221226439/index.m3u8
兵团卫视,https://stream1.freetv.fun/1af67d7e8aca8d45f4ea917eccc40ef1bec6f3778e30d6a89a9624f54fd298b7.m3u8
连云港新闻综合,https://migu.188766.xyz/?migutoken=1b0d5ada0a7a68f9bc0ad66f4464a69d&id=%E8%BF%9E%E4%BA%91%E6%B8%AF%E6%96%B0%E9%97%BB%E7%BB%BC%E5%90%88&type=yy
连云港新闻综合,https://mursor.ottiptv.cc/migu/639731715.m3u8?migutoken=95ec9e5e08128c5eb4439c9ed02c10824b83bcbcbd598d08b91a44abc0c7b912b5aeb8415f2bf9d9e8c0007dcf164a961107d2f9af40c6d42bb5218c84a9428e5b7b66a00e5cdde5c1d164bf09
连云港新闻综合,http://gslbmgsplive.miguvideo.com/wd_r2/jstv/lygxinwenzonghe/600/index.m3u8?msisdn=20250903090032646047095bc64a1c968e703401c7fec1&mdspid=&spid=699067&netType=0&sid=5500469369&pid=2028597139&timestamp=20250903090032&Channel_ID=0116_2600037000-99000-200300220100002&ProgramID=639731715&ParentNodeID=-99&assertID=5500469369&client_ip=106.13.250.83&SecurityKey=20250903090032&promotionId=&mvid=5102012621&mcid=500020&playurlVersion=WX-A1-8.8.1-RELEASE&userid=&jmhm=&videocodec=h264&bean=mgspad&tid=android&conFee=0&puData=c19beb3ac61dd99e40036c371af55211&ddCalcu=1c11v29a5bx5eafba31a7c36c16d3d09094e&sv=10004&ct=android
连云港新闻综合,https://mgtv.ottiptv.cc/mg/639731715.m3u8?sign=7b26c40b909e7cac4f36e7f4bd47de48&tm=1757355490&token=4ed0ffb73c4ce6c38a20e5564cb3f8965b8799594abac355afa93d3da18ec04205cb1a20ddfdaef2d5853370a462f0c7be1fe3cf10485628ae9f45c70e5ca62a475d76b6224ec22417ad4a80ef
镇江二套社会民生,http://zjtv-wshls.homecdn.com/live/2aa16.m3u8
镇江新闻综合,http://gslbmgsplive.miguvideo.com/migu/kailu/zjxwzh/50/20251127/index.m3u8?msisdn=20251206080345c6b198548f7a4137bc34f4fc1877f2c2&mdspid=&spid=699067&netType=0&sid=5500469365&pid=2028597139&timestamp=20251206080345&Channel_ID=0116_2600037000-99000-200300220100002&ProgramID=639731783&ParentNodeID=-99&assertID=5500469365&client_ip=218.28.233.106&SecurityKey=20251206080345&promotionId=&mvid=5102012619&mcid=500020&playurlVersion=WX-A1-8.11.2-RELEASE&userid=&jmhm=&videocodec=h264&appCode=miguvideo_android&bean=mgspad&tid=android&conFee=0&puData=5d35d17d8948be41fe9df1c12a69cc94&ddCalcu=459dvc3ac5x9da61a72d18c914f8db9ee4f1&sv=10004&ct=android
靖江新闻综合,http://ls.qingting.fm/live/23797.m3u8
靖江新闻综合,https://satellitepull.cnr.cn/live/wxlnjjtb/playlist.m3u8
朝阳新闻综合,http://120.76.248.139/live/bfgd/4200000282.m3u8
辽宁北方,http://120.76.248.139/live/bfgd/4200000071.m3u8
辽宁影视剧,http://120.76.248.139/live/bfgd/4200000070.m3u8
辽宁教育青少,http://120.76.248.139/live/bfgd/4200000075.m3u8
辽宁生活,http://120.76.248.139/live/bfgd/4200000073.m3u8
辽宁经济,http://ls.qingting.fm/live/23797.m3u8
辽宁经济,https://satellitepull.cnr.cn/live/wxlnjjtb/playlist.m3u8
辽宁经济,http://120.76.248.139/live/bfgd/4200000076.m3u8
辽宁都市,https://ls.qingting.fm/live/1099/64k.m3u8
辽宁都市,http://120.76.248.139/live/bfgd/4200000068.m3u8
湖南都市,http://php.jdshipin.com:8880/TVOD/iptv.php?id=hnds
湖南经视,http://php.jdshipin.com:8880/TVOD/iptv.php?id=hnjs
湖南电视剧,http://php.jdshipin.com:8880/TVOD/iptv.php?id=hndsj
湖南电影,http://php.jdshipin.com:8880/TVOD/iptv.php?id=hndy
湖南爱晚,http://php.jdshipin.com:8880/TVOD/iptv.php?id=hngg
湖南教育,http://php.jdshipin.com:8880/iptv.php?id=hnjy
湖南娱乐,http://php.jdshipin.com:8880/TVOD/iptv.php?id=hnyl
湖南国际,http://php.jdshipin.com:8880/TVOD/iptv.php?id=hngj
金鹰纪实,http://iptv.huuc.edu.cn/hls/gedocu.m3u8
金鹰纪实,http://tv.scjyhd.com:4022/udp/239.10.0.193:5140
金鹰纪实,http://iptv.cdn.ha.chinamobile.com/PLTV/88888888/224/3221226668/index.m3u8
金鹰纪实,http://[2409:8087:3869:8021:1001::e5]:6610/PLTV/88888910/224/3221225595/index.m3u8?fmt=ts2hls
金鹰纪实,http://[2409:8087:8:21::18]:6610/otttv.bj.chinamobile.com/PLTV/88888888/224/3221226572/1.m3u8?
金鹰纪实,http://[2409:8087:3c02:0021:0000:0001:0000:100a]:6410/shandong_cabletv.live.zte.com////CHANNEL00000334/index.m3u8?IASHttpSessionId=
金鹰纪实,http://rrs01.hw.gmcc.net:8088/PLTV/81/224/3221226667/1.m3u8
金鹰纪实,rtsp://115.153.254.81/PLTV/88888888/224/3221226823/59781863.smil
金鹰纪实,rtsp://115.153.240.228:554/PLTV/88888888/224/3221226823/59781863.smil
兵团卫视,https://stream1.freetv.fun/27542fbfebea09ad0d5b9d3859f26fa826ff4e1c0830920adc5486cb1a0691b4.m3u8
兵团卫视,https://stream1.freetv.fun/5012f08fc99e41ba2322b0ff1028f9f1bd901a58d0bb3c986a4ab329025f15ee.m3u8
兵团卫视,https://stream1.freetv.fun/34dd012305fe7a8de136f8c56b13bb50f97d085d7f391e805e73002e7a69d07d.m3u8
兵团卫视,https://stream1.freetv.fun/d0d5926b5e0650e6580336df81160dc6012970e5d9239d2977036481fc100639.m3u8
兵团卫视,https://stream1.freetv.fun/636fa06ced97f72a0f4b963dd068edeab5a7e8ae7c57d70b58e59389dded81d0.m3u8
兵团卫视,https://stream1.freetv.fun/7e0d9638f60dca70ddc3a2437eb10e874587f11f9d3efd833e71acfbdf2de2d6.m3u8
兵团卫视,https://stream1.freetv.fun/11cd528da0063d7ef3db744cdc208904f48127c954b57c0ddec15afbe9f12dc4.m3u8
兵团卫视,https://stream1.freetv.fun/d27b7b6e8addf1d242b318f65fd0e8dd8e67e09e5fa64127cf71ff7cf1b1c0d0.m3u8
兵团卫视,https://stream1.freetv.fun/7690729e43cd485b88bcedccb7455292214b740fb52ed0895fe85a03066b9631.m3u8
兵团卫视,https://stream1.freetv.fun/9db94978ec5a8ab668d91b4c5918aa53e8258316b0d9b3132cec93d35a25abe1.m3u8
兵团卫视,https://t.freetv.fun/live/bing-tuan-wei-shi-16.m3u8
兵团卫视,https://t.freetv.fun/live/bing-tuan-wei-shi-2.m3u8
兵团卫视,https://t.freetv.fun/live/bing-tuan-wei-shi-9.m3u8
兵团卫视,https://t.freetv.fun/live/bing-tuan-wei-shi-13.m3u8
兵团卫视,https://t.freetv.fun/live/bing-tuan-wei-shi-14.m3u8
兵团卫视,https://t.freetv.fun/live/bing-tuan-wei-shi-1.m3u8
兵团卫视,https://t.freetv.fun/live/bing-tuan-wei-shi.m3u8
兵团卫视,http://38.75.136.137:98/gslb/dsdqpub/btws.m3u8?auth=testpub
内蒙古蒙语卫视,https://stream1.freetv.fun/nei-meng-gu-meng-yu-wei-shi-1.m3u8
农林卫视,https://stream1.freetv.fun/fe99380ce76011ac28d24fb52afe030d6fb320bf5afe31a04fb2746964932ff7.m3u8
农林卫视,https://stream1.freetv.fun/cb703e6e694023c63361a9fd5db877c3d6b00dd7e4e63c6e4d5ccf56f8b3a58b.m3u8
农林卫视,https://t.freetv.fun/live/zhong-guo-nong-lin-wei-shi.m3u8
农林卫视,http://204.12.221.218:8181/3m1080p/snnl.m3u8
农林卫视,https://stream1.freetv.fun/nong-lin-wei-shi-27.m3u8
农林卫视,http://8.138.7.223/【公众号：榴芒电视】/农林卫视.m3u8
农林卫视,http://120.76.248.139/live/bfgd/4200000122.m3u8
农林卫视,http://27.12.12.107:1234/956904896
农林卫视,http://14.153.176.108:1234/956904896
农林卫视,http://42.94.210.57:7788/956904896
农林卫视,http://110.154.192.36:7788/956904896
农林卫视,http://222.90.21.30:9901/hls/66/index.m3u8#http://gxlive.snrtv.com/nlws-SD.m3u8
农林卫视,http://8.135.27.147:1234/956904896
农林卫视,http://223.247.25.227:1234/956904896
农林卫视,http://182.127.153.16:1234/956904896
农林卫视,http://116.52.173.95:1234/956904896
农林卫视,http://106.42.108.174:7788/956904896
农林卫视,http://222.90.21.30:9901/hls/66/index.m3u8
农林卫视,http://hlsztemgsplive.miguvideo.com:8080/migu/kailu/zgnlws/50/20250804/index.m3u8?msisdn=2026080104011094c3f305a8224ceea2659f2103884cab&mdspid=&spid=600572&netType=0&sid=5910022186&pid=2028597139&timestamp=20260801040110&Channel_ID=0116_2600000900-99000-201600010010027&ProgramID=956904896&ParentNodeID=-99&assertID=5910022186&client_ip=218.28.233.106&SecurityKey=20260801040110&promotionId=&mvid=5900006709&mcid=500020&playurlVersion=ZQ-A1-9.7.2-SNAPSHOT&userid=&jmhm=&videocodec=h264&appCode=miguvideo_android&bean=mgspad&tid=android&conFee=0&encrypt=843b6341b64304468516ee2c38abe7b1
农林卫视,https://t.freetv.fun/live/nong-lin-wei-shi-1.m3u8
海峡卫视,http://ottrrs.hl.chinamobile.com/PLTV/88888888/224/3221226342/index.m3u8
海峡卫视,http://38.64.72.148:80/hls/modn/list/4009/chunklist0.m3u8
海峡卫视,http://38.64.72.148:80/hls/modn/list/4009/playlist.m3u8
海峡卫视,http://38.64.72.148:80/hls/modn/list/4009/chunklist1.m3u8
海峡卫视,https://t.freetv.fun/live/hai-xia-wei-shi-1.m3u8
海峡卫视,http://dd.ddzb.fun/php/migu.php?id=hxws
海峡卫视,https://iptv.catvod.com/migu?id=849119120&token=bf91ba04e087d02dc3ee9b280ef37887
海峡卫视,https://iptv.catvod.com/migu?id=849119120&token=978a7da65e658f3ee19895383cc6dbda
金鹰纪实,rtsp://115.153.247.80/PLTV/88888888/224/3221226823/59781863.smil
湖南金鹰纪实,http://nas.suntao.online:35455/itv/5000000011000031203.m3u8?cdn=bestzb
湖南金鹰纪实,http://yc.myds.me:35455/itv/5000000011000031203.m3u8?cdn=bestzb
长沙新闻综合,http://ls.qingting.fm/live/4877.m3u8
衡阳新闻综合,https://liveplay-srs.voc.com.cn/hls/tv/183_554704.m3u8
湖北综合,http://[2409:8087:4c0a:22:1::11]:6410/170000001115/UmaiCHAN638072216f7da/index.m3u8?AuthInfo=9kOOdBn7MFF%2F2bWjKgahUUAdKgLqNB5aOAUhcp5CeNLx3R3LdIBdA5q61lut1LwZcw4SC2tJubc%2Bq5t%2F61jvWCtjrJL0x%2BHncPgdmcbBW9I
湖北经视,http://[2409:8087:4c0a:22:1::11]:6410/170000001115/UmaiCHAN63807203543e3/index.m3u8?AuthInfo=9kOOdBn7MFF%2F2bWjKgahUUAdKgLqNB5aOAUhcp5CeNLVCQ3pDe4nBySab%2B3xPL123aTSCRugzF2ABe36IIJw2evZbYdWUo0ffUw53bflDgU
湖北生活,http://[2409:8087:4c0a:22:1::11]:6410/170000001115/UmaiCHAN638072c62e405/index.m3u8?AuthInfo=9kOOdBn7MFF%2F2bWjKgahUUAdKgLqNB5aOAUhcp5CeNKJPodw5BcDirSOw7egztI5bUvJjqPzSNAhrA37GrbRBIAjGQpzP0QmgsmuHnQyd2c
湖北生活,https://satellitepull.cnr.cn/live/wx32hubczshgb/playlist.m3u8
湖北教育,http://[2409:8087:4c0a:22:1::11]:6410/170000001115/UmaiCHAN638072a6cbbf6/index.m3u8?AuthInfo=9kOOdBn7MFF%2F2bWjKgahUUAdKgLqNB5aOAUhcp5CeNKTFQuOKNd5i0HMa3ydMWIQ6kJ2fBJGJ77BLTXK72CqUYQsX3ZguYt0954s9hfZTfc
湖北影视,http://[2409:8087:4c0a:22:1::11]:6410/170000001115/UmaiCHAN6380728abccd2/index.m3u8?AuthInfo=9kOOdBn7MFF%2F2bWjKgahUUAdKgLqNB5aOAUhcp5CeNKU1xiiKGJYFBZK9RpEkaggogtHJZW6nJQqLppbEYE%2BqJ9kJW%2FMvKldfS2dCii9VSI
湖北公共,http://[2409:8087:4c0a:22:1::11]:6410/170000001115/UmaiCHAN6380726d0ee3b/index.m3u8?AuthInfo=9kOOdBn7MFF%2F2bWjKgahUUAdKgLqNB5aOAUhcp5CeNKgjpyhD%2FJd6SZjkcHAKXbsjwotAY57dianC4%2ByY7artm7J7F4GFO6G99D0bYMJRxI
湖北垄上,http://[2409:8087:4c0a:22:1::11]:6410/170000001115/UmaiCHAN638072463c333/index.m3u8?AuthInfo=9kOOdBn7MFF%2F2bWjKgahUUAdKgLqNB5aOAUhcp5CeNL%2Be1h4FfA5QqwJ7IPOz3p2qIS7djSxm17Htd%2FckZkm%2FVqsKHEJFJt26ju9iibzMEo
武汉一台新闻综合,https://ls.qingting.fm/live/20198/64k.m3u8
江夏新闻综合,http://59.175.226.142:280/gb28181/xwzh.m3u8?%E5%85%B3%E6%B3%A8%E5%BE%AE%E4%BF%A1%E5%85%AC%E4%BC%97%E5%8F%B7[%E6%99%B4%E5%9B%AD]
荆门新闻综合,http://stream.jmtv.com.cn/xwzh/sd/live.m3u8?%E5%85%B3%E6%B3%A8%E5%BE%AE%E4%BF%A1%E5%85%AC%E4%BC%97%E5%8F%B7[%E6%99%B4%E5%9B%AD]
荆门新闻综合,https://stream.jmtv.com.cn/xwzh/playlist.m3u8?_upt=3e28e7271664278691
北海经济科教,https://play-a2.quklive.com:443/live/1727311690820146.m3u8
海峡卫视,http://t.061899.xyz/tl/tl.php?id=hxws
海峡卫视,http://kkk.888.3116598.xyz/api.php?n=tttt&id=MwwhZ5&tk=FgM0vQMejxvG
海峡卫视,http://183.250.156.180:9999/newlive/live/hls/27/live.m3u8
海峡卫视,https://iptv.catvod.com/migu?id=849119120&token=869ebd32d5506f8c5c16ee9b2696c671
海峡卫视,http://r.jdshipin.com/WtYt3
海峡卫视,http://47.104.178.59:3566/849119120
海峡卫视,http://rihou.cc:555/tv/海峡卫视
海峡卫视,https://iptv.catvod.com/migu?id=849119120&token=0e46870fb7dd70ca24976cc3ac4ab891
海峡卫视,https://t.freetv.fun/live/hai-xia-wei-shi-2.m3u8
海峡卫视,https://t.freetv.fun/live/hai-xia-wei-shi.m3u8
海峡卫视,http://hlsbkmgsplive.miguvideo.com/migu/kailu/haixiaws/57/20230724/01.m3u8?msisdn=&Channel_ID=&ContentId=&HlsSubType=&HlsProfileId=&encrypt=#http://8.138.7.223/tv/hxws.m3u8
海峡卫视,https://iptv.catvod.com/migu?id=849119120&token=b0980ea52b03c1d20d08e8c9affbbcce
凤凰中文,https://stream1.freetv.fun/fe3d3346f748e4ec230691be958aff27e91c225b43b5855685cd1fbe79c56f60.m3u8
凤凰中文,https://stream1.freetv.fun/4e695e885cc20b20b7e3ec874fe52ed75e27443778c8ff29e498c4c9d7cec4a0.m3u8
凤凰中文,https://stream1.freetv.fun/91dffd2dca60b65821a94747f2f3020dfc9642bb89f86ed7fa6d8b0b7487c5d2.m3u8
凤凰中文,https://stream1.freetv.fun/08e5440bb83a804440e341ae792cffc38d6844b04d5a2c7a4fc5ee04a6fe6bc6.m3u8
凤凰中文,https://stream1.freetv.fun/2b657a181daa345025199e7d6b8de95a1a87b19abceafbd16e2499a49da33c6f.m3u8
凤凰中文,http://cdn6.163189.xyz/163189/fhzw
南宁公共,http://688b7cbf9b7a8d911a085372b6c70ab5.livehwc3.cn/hls.nntv.cn/nnlive/XWZH_24.m3u8?sub_m3u8=true&edge_slice=true&user_session_id=d1391be1fc200f8e4700c5d82b44edae
南宁新闻综合,http://688b7cbf9b7a8d911a085372b6c70ab5.livehwc3.cn/hls.nntv.cn/nnlive/XWZH_24.m3u8?sub_m3u8=true&edge_slice=true&user_session_id=d1391be1fc200f8e4700c5d82b44edae
南宁新闻综合,http://615bbf179ba53515dccad7b1da5d1ad9.livehwc3.cn/hls.nntv.cn/nnlive/WLSH_24.m3u8?sub_m3u8=true&edge_slice=true&user_session_id=2598844eaee8a4265e706fc14b3fc11d
南宁都市生活,http://615bbf179ba53515dccad7b1da5d1ad9.livehwc3.cn/hls.nntv.cn/nnlive/WLSH_24.m3u8?sub_m3u8=true&edge_slice=true&user_session_id=2598844eaee8a4265e706fc14b3fc11d
宾阳综合,http://pulls.myun.tv/live/0dkp33j5.m3u8
来宾综合,http://zb.gxlbamc.com:1935/live/lbzh.stream/playlist.m3u8
灌阳新闻综合,https://ls.qingting.fm/live/5043/64k.m3u8
灌阳新闻综合,https://mobilelive.gxtv.cn/live/gx_live1007/playlist.m3u8
灌阳新闻综合,rtmp://live.gxxw.cn/gx/guanyang
广西新闻,https://mobilelive.gxtv.cn/live/gx_live1007/playlist.m3u8
广西新闻,https://tv.gxtv.cn/channel/channelivePlay_9dfd8600075811e9ba67e41f13b60c62.html
广西国际,https://hlscdn.liangtv.cn/live/0234c48e0bc24fe1b41b9999a253e581/1075ee38e04f490690f6a36a16e09c79.m3u8
广西国际,http://hlscdn.liangtv.cn/live/0234c48e0bc24fe1b41b9999a253e581/1075ee38e04f490690f6a36a16e09c79.m3u8?fbl=
广西国际,https://tv.gxtv.cn/channel/channelivePlay_bfa17b64157f11e999f0e41f13b60c62.html
广西国际,http://192.151.150.154/live/gxgj.m3u8
南宁影视娱乐,http://688b7cbf9b7a8d911a085372b6c70ab5.livehwc3.cn/hls.nntv.cn/nnlive/YSYL_244.m3u8?sub_m3u8=true&edge_slice=true&user_session_id=e7eb508555e76e08cc1b198d04f41fb5
津南一套,http://play.jinnantv.top/live/JNTV1.m3u8?ztianjd
天津都市,http://nas.hssvm.com:8888/udp/225.1.1.128:5002
天津新闻,http://nas.hssvm.com:8888/udp/225.1.1.130:5002
天津文艺,http://nas.hssvm.com:8888/udp/225.1.1.131:5002
乐山公共,http://tv.scjyhd.com:4022/udp/239.10.0.63:5140
凤凰中文,http://cdn.163189.xyz/live/fhzw/stream.m3u8
凤凰中文,http://r.jdshipin.com/cCCzW
凤凰中文,https://cdn6.163189.xyz/163189/fhzw
凤凰中文,https://cdn.163189.xyz/live/fhzw/stream.m3u8
凤凰中文,http://cdn.132.us.kg/live/fhzw/stream.m3u8
凤凰中文,http://playtv-live.ifeng.com/live/06OLEGEGM4G.m3u8
凤凰中文,http://playtv-live.ifeng.com:80/live/06OLEGEGM4G.m3u8
凤凰中文,http://php.jdshipin.com/TVOD/iptv.php?id=fhzw
凤凰中文,http://php.jdshipin.com:8880/TVOD/iptv.php?id=fhzw
凤凰中文,https://stream1.freetv.fun/feng-huang-zhong-wen-3.m3u8
凤凰中文,https://stream1.freetv.fun/feng-huang-zhong-wen-7.ctv
凤凰中文,https://stream1.freetv.fun/feng-huang-zhong-wen-12.ctv
凤凰中文,https://stream1.freetv.fun/feng-huang-zhong-wen-15.ctv
凤凰中文,https://stream1.freetv.fun/feng-huang-zhong-wen-5.ctv
乐山新闻综合,http://pwpull.leshan.cn:80/live/21609091019110008654ed1a00000000/playlist.m3u8
乐至综合,http://175.155.106.72:89/live1/live1.m3u8?zsicd;http://rmlive.lzxrmtzx.com/live1/live1.m3u8?zsicd
井研综合,http://tvfile.jyrmt.cn/nmip-media/channellive/channel104452/playlist.m3u8
仁寿综合,http://tv.scjyhd.com:4022/udp/239.10.0.36:5140
仁寿综合,https://play.scrstv.com.cn/DT/live.m3u8?auth_key=60001724663204-0-0-c1cc4ded9841ac34f63cdbd3aec647ef
凉山新闻综合,rtmp://tv.drs.yizu.tv/channellive/ch1?zsicd
凉山语,rtmp://tv.drs.yizu.tv/channellive/ch2?zsicd
剑阁综合,https://m3u8.channel.dzsm.com/nmip-media/channellive/channel105549/playlist.m3u8
南充公共,http://tv.scjyhd.com:4022/udp/239.10.0.69:5140
南充科教,http://tv.scjyhd.com:4022/udp/239.10.0.70:5140
叙永综合,rtmp://luzhi.xuyongrongmei.com:1935/live/xyxw?zsicd
叙永综合,http://luzhi.xuyongrongmei.com:1935/live/_definst_/xyxw/playlist.m3u8?zsicd#rtmp://luzhi.xuyongrongmei.com:1935/live/xyxw?zsicd
叙永综合,https://m3u8channel-bx.yunxya.com/nmip-media/channellive/channel104666/playlist.m3u8
名山综合,https://m3u8channel-bx.yunxya.com/nmip-media/channellive/channel104666/playlist.m3u8
四川科教,http://tv.scjyhd.com:4022/udp/239.11.0.194:5140
四川科教,http://wouu.net:9977/udp/239.93.42.44:5140
四川科教,http://182.150.115.21:8030/pcgacg/pcgacg_0.m3u8
夹江新闻综合,rtmp://tv.jjrm.org.cn/channellive/ch1?zsicd
凤凰资讯,https://stream1.freetv.fun/5fb13a1ac8acfc0fbc7121568b65c78e0383919949c35c2a7f278a1ddd081e2b.m3u8
宜宾公共,http://tv.scjyhd.com:4022/udp/239.10.0.81:5140
宝兴综合,https://m3u8channel-bx.yunxya.com/nmip-media/channellive/channel104666/playlist.m3u8
广元公共,http://tv.scjyhd.com:4022/udp/239.10.0.61:5140
广元公共,https://m3u8.channel.dzsm.com/nmip-media/channellive/channel101257/playlist.m3u8
广元综合,http://tv.scjyhd.com:4022/udp/239.10.0.60:5140
广元综合,https://m3u8.channel.dzsm.com/nmip-media/channellive/channel100999/playlist.m3u8
广安公共,http://tv.scjyhd.com:4022/udp/239.10.0.59:5140
广安公共,http://live1.gatv.com.cn:85/live/GGPD_ggpdzm.m3u8?zsicd
康巴卫视,http://php.jdshipin.com/TVOD/hljyd.php?id=3221225660
康巴卫视,http://[2409:8087:1:20:20::2c]/otttv.bj.chinamobile.com/PLTV/88888888/224/3221227027/1.m3u8?GuardEncType=2&accountinfo=%7E%7EV2.0%7EkHMvBpWz4rccMxNvSRekpQ%7E_eNUbgU9sJGUcVVduOMKhafLvQUgE_zlz_7pvDimJNPtFfVFX0AVycM8b4Xmbcl4%2CEND
康巴卫视,http://tv.scjyhd.com:4022/udp/239.93.0.41:5140
康巴卫视,http://[2409:8087:3428:20:500::100f]:6610/PLTV/88888888/224/3221225856/index.m3u8?servicetype=1&IASHttpSessionId=RR423820220409134714119178
康巴卫视,http://[2409:8087:3428:20:500::1009]:6610/PLTV/88888888/224/3221225856/index.m3u8?servicetype=1&IASHttpSessionId=RR423820220409134714119178
康巴卫视,http://[2409:8087:2001:20:2800:0:df6e:eb10]:80/wh7f454c46tw3423902933_-437655574/ott.mobaibox.com/PLTV/3/224/3221227645/index.m3u8
康巴卫视,http://iptv.cdn.ha.chinamobile.com/PLTV/88888888/224/3221227259/index.m3u8
康巴卫视,http://[2409:8087:1a0b:df::4005]:80/ottrrs.hl.chinamobile.com/PLTV/88888888/224/3221225660/index.m3u8
康巴卫视,http://otttv.bj.chinamobile.com/PLTV/88888888/224/3221227027/1.m3u8?GuardEncType=2&accountinfo=%7E%7EV2.0%7EkHMvBpWz4rccMxNvSRekpQ%7EtP4-l0lmSfjwLWEfK_el1vH_mv-s1zo4AQJwdedaVwG9xkuFTDg8J26cwOrNJzn20BErrHdLhuZ9EzLUCD3PMW-OMx4MGteHV2vLeW6BqoY%2CEND
康巴卫视,http://ottrrs.hl.chinamobile.com/PLTV/88888888/224/3221225660/index.m3u8
德阳公共,http://tv.scjyhd.com:4022/udp/239.10.0.57:5140
攀枝花新闻综合,http://tv.scjyhd.com:4022/udp/239.10.0.74:5140
旺苍新闻综合,http://live.spccmc.com:90/live/spxwzh.m3u8?%E5%85%B3%E6%B3%A8%E5%BE%AE%E4%BF%A1%E5%85%AC%E4%BC%97%E5%8F%B7[%E6%99%B4%E5%9B%AD]
旺苍新闻综合,rtmp://tv.wcrmt.cn/channellive/ch1
旺苍新闻综合,http://channel.wcrmt.cn:80/nmip-media/channellive/channel105268/playlist.m3u8
朝天综合,https://m3u8.channel.dzsm.com/nmip-media/channellive/channel104601/playlist.m3u8
松潘新闻综合,http://live.spccmc.com:90/live/spxwzh.m3u8?%E5%85%B3%E6%B3%A8%E5%BE%AE%E4%BF%A1%E5%85%AC%E4%BC%97%E5%8F%B7[%E6%99%B4%E5%9B%AD]
武胜综合,http://live2.gatv.com.cn:86/live/WS.m3u8?zsicd
凤凰资讯,https://stream1.freetv.fun/bfd140266f0bc1d9689c8cca261521038b45d662a160a3785d45d074b26899c2.m3u8
凤凰资讯,https://stream1.freetv.fun/a5857ad51b58a0f7a8c9cbdf291571692b0eed9f5ab2cfce97a211260533c0d8.m3u8
凤凰资讯,http://cdn6.163189.xyz/163189/fhzx
凤凰资讯,http://r.jdshipin.com/0Rp07
凤凰资讯,https://cdn6.163189.xyz/163189/fhzx
汉源综合,http://live.hyxrmt.com:85/live/xwpd.m3u8?zsicd
凤凰资讯,http://php.jdshipin.com/TVOD/iptv.php?id=fhzx
汶川新闻综合,rtmp://live.iwcmt.cn:1936/live/zhxw
汶川新闻综合,http://live.iwcmt.cn:90/live/zhxw.m3u8?zsicd 剑阁新闻综合
汶川新闻综合,http://file.ysxtv.cn/cms/videos/nmip-media/channellive/channel4/playlist.m3u8?zsicd#rtmp://tv.mcrm.org.cn:1935/channellive/tv01
沐川综合,http://file.ysxtv.cn/cms/videos/nmip-media/channellive/channel4/playlist.m3u8?zsicd#rtmp://tv.mcrm.org.cn:1935/channellive/tv01
沐川综合,http://lxfile.lxxcb.cn/nmip-media/channellive/channel103799/playlist.m3u8?zsicd
沐川综合,https://m3u8channel-sm.yunxya.com/nmip-media/channellive/channel100420/playlist.m3u8
泸县新闻综合,http://lxfile.lxxcb.cn/nmip-media/channellive/channel103799/playlist.m3u8?zsicd
泸县新闻综合,https://m3u8channel.ganzitv.com/nmip-media/channellive/channel1/playlist.m3u8
泸县新闻综合,https://m3u8channel-sm.yunxya.com/nmip-media/channellive/channel100420/playlist.m3u8
泸县新闻综合,rtmp://tv.lxxcb.cn:1935/channellive/lxtv1?zsicd;http://lxfile.lxxcb.cn/nmip-media/channellive/channel103799/playlist.m3u8?zsicd
甘孜综合,https://m3u8channel.ganzitv.com/nmip-media/channellive/channel1/playlist.m3u8
甘孜综合,rtmp://tv.drs.ganzitv.com/channellive/gztv
石棉综合,http://live.hyxrmt.com:85/live/xwpd.m3u8
石棉综合,https://m3u8channel-sm.yunxya.com/nmip-media/channellive/channel100420/playlist.m3u8
筠连综合,http://live.dameijunlian.cn:80/live1/live1.m3u8
荥经综合,http://file.ysxtv.cn/cms/videos/nmip-media/channellive/channel4/playlist.m3u8?zsicd#http://file.ysxtv.cn/cms/videos/nmip-media/channellive/channel4/playlist.m3u8
荥经综合,https://file.ysxtv.cn/nmip-media/channellive/channel101492/playlist.m3u8
荥经综合,https://m3u8channel-yj.yunxya.com/nmip-media/channellive/channel101140/playlist.m3u8
营山电视台,https://file.ysxtv.cn/nmip-media/channellive/channel101492/playlist.m3u8
营山电视台,http://file.ysxtv.cn/cms/videos/nmip-media/channellive/channel4/playlist.m3u8?zsicd#http://file.ysxtv.cn/cms/videos/nmip-media/channellive/channel4/playlist.m3u8
金川乡村,http://lmt.scqstv.com/live1/live1.m3u8?zsicd?
金川乡村,https://m3u8channel-yc.yunxya.com/nmip-media/channellive/channel100103/playlist.m3u8
金川乡村,http://live.jinchuanrmt.com:90/live/jcxc.m3u8?zsicd
金川新闻综合,http://live.jinchuanrmt.com:90/live/zhxw.m3u8?zsicd
凤凰资讯,http://php.jdshipin.com:8880/TVOD/iptv.php?id=fhzx
长宁综合,http://lmt.scqstv.com:80/live1/live1.m3u8
长宁综合,https://m3u8channel-yc.yunxya.com/nmip-media/channellive/channel100103/playlist.m3u8
雅安公共,http://tv.scjyhd.com:4022/udp/239.10.0.79:5140
雅安新闻综合,http://tv.scjyhd.com:4022/udp/239.10.0.78:5140
雅安新闻综合,https://play.yunxya.com/channellive/xinwen.m3u8
雅安新闻综合,https://m3u8channel.yunxya.com/nmip-media/channellive/channel100028/playlist.m3u8
雅安雨城,https://m3u8channel-yc.yunxya.com/nmip-media/channellive/channel100103/playlist.m3u8
青川综合,http://qcfile.qcrmt.com/nmip-media/channellive/channel100933/playlist.m3u8
青神综合,http://lmt.scqstv.com/live1/live1.m3u8?zsicd?
马尔康综合,rtmp://live.zmmek.com/live/zhxw
陕西农林,http://tv.scjyhd.com:4022/udp/239.93.0.100:5140
陕西新闻资讯,http://[2409:8087:7000:20::4]:80/dbiptv.sn.chinamobile.com/PLTV/88888888/224/3221226357/index.m3u8
陕西新闻资讯,https://mursor.ottiptv.cc/migu/956909289.m3u8?migutoken=dfbbd5fbf7a2c3655f0db8c92c10a4adac624256be78e5d9598a01b193bd20b32cd47215efafd4c3404224f75b14e721021f5ef65e34a395be200aab45c7ecda547cf2cd44023bfce1ced14a3e
陕西新闻资讯,https://mgtv.ottiptv.cc/mg/956909289.m3u8?sign=83790fc91c63d33e784e883ffa9823a1&tm=1757355490&token=4496cfd51b684fcf01ce85fa20794561e34b34c4a596613e3d33d69ebf3378d1d299dd2aa89a376dfc2d2102afca4af1f22591df0429a9da7e432fb7fffa97adea2f08f3d631bef3e2aa5168ba
陕西新闻资讯,http://gslbmgsplive.miguvideo.com/migu/kailu/sxxwzx/51/20250804/index.m3u8?msisdn=20250919080136670d8cf97d464e1f874949e449ebd1ac&mdspid=&spid=600572&netType=0&sid=5910022187&pid=2028597139&timestamp=20250919080136&Channel_ID=0116_2600000900-99000-201600010010027&ProgramID=956909289&ParentNodeID=-99&assertID=5910022187&client_ip=106.13.250.88&SecurityKey=20250919080136&promotionId=&mvid=5900006710&mcid=500020&playurlVersion=WX-A1-8.9.1-RELEASE&userid=&jmhm=&videocodec=h264&bean=mgspad&tid=android&conFee=0&puData=01b1afdabd15fc39dd9264ccca9ac59f&ddCalcu=f091e5b1c16aa09fadcacbcd41652f9cd3d9
陕西都市青春,http://[2409:8087:7001:20:3::6]:80/dbiptv.sn.chinamobile.com/PLTV/88888888/224/3221226358/index.m3u8
陕西都市青春,https://mursor.ottiptv.cc/migu/956909358.m3u8?migutoken=c87dc81c3a4dfa5f0241fa92cbd0f962df97329d2447bcb3ff76c61e9bb4cb6baa92af67d4f1269e95c16358b6bb2468bd5220ac0872a32bf5025673f04e39d4c4a840f29104c5af836051f154
凤凰资讯,http://playtv-live.ifeng.com/live/06OLEEWQKN4.m3u8
2026-08-02 19:38:48,http://php.jdshipin.com/TVOD/iptv.php?id=rthk33
文化精品,https://hls-gateway.vpstv.net/streams/708832.m3u8
文化精品,http://iptv.666230.xyz/iptv/jsyd.php/G_CCTV-WENHUA-CQ
文化精品,http://www.qfly9236.cn:8888/rtp/239.253.92.25:6104
央视台球,http://[2409:8087:7001:20:2::3]/dbiptv.sn.chinamobile.com/PLTV/88888893/224/3221226956/index.m3u8
央视台球,https://hls-gateway.vpstv.net/streams/708855.m3u8
央视台球,https://epg.pw/stream/25677ac2e8c1f7c3dd6359c43eb5f0f54efb3f5c11f9dda18d01b3e0308ed017.m3u8
央视台球,https://epg.pw/stream/ca9c1cd4b97fb824cedd7fedfd0c7a950afdd7f00751cfbb7c2d89831d7746a5.m3u8
央视台球,http://www.qfly9236.cn:8888/rtp/239.253.93.231:6409
风云音乐,https://hls-gateway.vpstv.net/streams/708858.m3u8
风云音乐,http://iptv.666230.xyz/iptv/jsyd.php/G_FENGYUNYY-CQ
风云音乐,http://www.qfly9236.cn:8888/rtp/239.253.92.111:8060
风云音乐,https://t.freetv.fun/live/cctvfeng-yun-yin-le.php
第一剧场,https://epg.pw/stream/6d7bf281e3d739806a73f5373acaa6e01988ec9739f5ac1355ce54b47a928472.m3u8
第一剧场,https://hls-gateway.vpstv.net/streams/708862.m3u8
第一剧场,http://tl.061833.xyz/tl/null-6
第一剧场,https://100.061833.xyz/stream/mytv/null-6/stream.m3u8?uid=2190244325&u=hahayy&p=29624e2e4c4ccee26ed8f3e0ca1012ea57a8f2191be6149f632250f7036119cc
第一剧场,http://iptv.666230.xyz/iptv/jsyd.php/G_DIYIJC-CQ
第一剧场,https://t.freetv.fun/live/cctvdi-yi-ju-chang.m3u8
第一剧场,http://www.qfly9236.cn:8888/rtp/239.253.92.18:6079
第一剧场,https://gd202.tv1288.xyz/tsfile/live/1047_1.m3u8
陕西都市青春,https://mgtv.ottiptv.cc/mg/956909358.m3u8?sign=b1b08619ce5d762269e2a3bb75fa9fd2&tm=1757355490&token=a5b9994bf4c6fb0186346b9b268794abcc1e9a4c8a45af928d44e59ce86daf6bafac03d473c84c6ad892d4feb04e75022ebd91482ea632d9dcc711f562b081876b7f52730f2a9384e6deadf45c
陕西都市青春,http://gslbmgsplive.miguvideo.com/migu/kailu/sxdsqc/51/20250804/index.m3u8?msisdn=20250919080136b45ee433a7cf4d688994f00b794d176d&mdspid=&spid=600572&netType=0&sid=5910022190&pid=2028597139&timestamp=20250919080136&Channel_ID=0116_2600000900-99000-201600010010027&ProgramID=956909358&ParentNodeID=-99&assertID=5910022190&client_ip=106.13.250.88&SecurityKey=20250919080136&promotionId=&mvid=5900006713&mcid=500020&playurlVersion=WX-A1-8.9.1-RELEASE&userid=&jmhm=&videocodec=h264&bean=mgspad&tid=android&conFee=0&puData=9db1317be8c80566b10f130aebe87c29&ddCalcu=992decb1716830e1b7ebae083c18f00516b6
凤凰资讯,http://playtv-live.ifeng.com/live/06OLEEWQKN4_audio.m3u8
凤凰资讯,http://playtv-live.ifeng.com:80/live/06OLEEWQKN4.m3u8
凤凰资讯,https://playtv-live.ifeng.com/live/06OLEEWQKN4.m3u8
凤凰资讯,https://stream1.freetv.fun/feng-huang-zi-xun-18.m3u8
凤凰资讯,https://stream1.freetv.fun/feng-huang-zi-xun-15.ctv
凤凰资讯,https://stream1.freetv.fun/feng-huang-zi-xun-13.m3u8
凤凰资讯,https://stream1.freetv.fun/feng-huang-zi-xun-22.ctv
凤凰资讯,https://stream1.freetv.fun/feng-huang-zi-xun-15.m3u8
凤凰资讯,https://stream1.freetv.fun/feng-huang-zi-xun-12.ctv
凤凰资讯,https://stream1.freetv.fun/feng-huang-zi-xun-11.ctv
凤凰资讯,https://stream1.freetv.fun/feng-huang-zi-xun-17.ctv
凤凰香港,http://cdn6.163189.xyz/163189/fhhk
凤凰香港,https://cdn6.163189.xyz/live/fhhk/stream.m3u8
凤凰香港,http://r.jdshipin.com/yDoTN
凤凰香港,https://cdn6.163189.xyz/163189/fhhk
凤凰香港,http://php.jdshipin.com/TVOD/iptv.php?id=fhhk
凤凰香港,http://php.jdshipin.com:8880/TVOD/iptv.php?id=fhhk
凤凰香港,https://epg.pw/stream/5f16dc7fc8aaaed3205516c63e4a8c24bca9dbba1181684244729cf574505b0e.m3u8
凤凰香港,https://epg.pw/stream/8770e89223a086eb1b8a0c931e42296d772a8069ad3eb72540e0c434e7cb3e93.m3u8
凤凰香港,https://stream1.freetv.fun/feng-huang-xiang-gang-11.ctv
凤凰香港,https://stream1.freetv.fun/feng-huang-xiang-gang-3.ctv
凤凰香港,https://stream1.freetv.fun/feng-huang-xiang-gang-3.m3u8
风云剧场,https://hls-gateway.vpstv.net/streams/708861.m3u8
陕西都市青春,http://112.46.105.20:8009/hls/19/index.m3u8
陕西生活,http://[2409:8087:7000:20::4]:80/dbiptv.sn.chinamobile.com/PLTV/88888888/224/3221226359/index.m3u8
陕西公共,http://ls.qingting.fm/live/1222.m3u8
陕西公共,http://[2409:8087:7000:20::4]:80/dbiptv.sn.chinamobile.com/PLTV/88888888/224/3221226361/index.m3u8
陕西体育休闲,http://[2409:8087:7000:20::4]:80/dbiptv.sn.chinamobile.com/PLTV/88888888/224/3221226363/index.m3u8
陕西体育休闲,https://mursor.ottiptv.cc/migu/956909356.m3u8?migutoken=021c647cf88998a1d5e975e611105ec7b434d0d86b9449d6d194c919bab8229d8de7eb192b3c538878483f1c5caadd89a7f9dad3b3a6c7d81a464d0c393881264329fb53b7ab1693cb935f54ed
陕西体育休闲,https://mgtv.ottiptv.cc/mg/956909356.m3u8?sign=c58ceab54891c335fade1a807dc629a1&tm=1757355490&token=2c6a192ec095b9ae453a145c896aaa21aeb9ff68137e4aed8035c547177a409dd704d11cfa0130e7de514a49b5afed80f17476daeba29b68a76e5788333ae18062e741700b2bfe468e2f04bb4f
陕西体育休闲,http://gslbmgsplive.miguvideo.com/migu/kailu/sxtyxx/51/20250804/index.m3u8?msisdn=20250921080053bb7e3ee981dc4bde95a765fbffef7b9e&mdspid=&spid=600572&netType=0&sid=5910022189&pid=2028597139&timestamp=20250921080053&Channel_ID=0116_2600000900-99000-201600010010027&ProgramID=956909356&ParentNodeID=-99&assertID=5910022189&client_ip=106.13.250.88&SecurityKey=20250921080053&promotionId=&mvid=5900006712&mcid=500020&playurlVersion=WX-A1-8.9.1-RELEASE&userid=&jmhm=&videocodec=h264&bean=mgspad&tid=android&conFee=0&puData=43ffb82e5f9372a440dd84479d27b2f6&ddCalcu=64f3e2f2bf67b028d29e754f4983d7d20a44
陕西影视,http://[2409:8087:7000:20::4]:80/dbiptv.sn.chinamobile.com/PLTV/88888888/224/3221226360/index.m3u8
陕西影视,http://php.jdshipin.com:8880/qly.php?id=6329
三明新闻综合,http://ls.qingting.fm/live/4885.m3u8
三明新闻综合,https://ls.qingting.fm/live/5022100/64k.m3u8
云霄综合,https://live.zzyxxw.com:2443/live/xwzh.m3u8
云霄综合,http://live.zzyxxw.com:85/live/xwzh.m3u8?fujian,
厦门卫视,http://[2409:8087:1:20:20::26]/otttv.bj.chinamobile.com/PLTV/88888888/224/3221226542/1.m3u8?GuardEncType=2&accountinfo=%7E%7EV2.0%7E0HuqirkTe1cAUljwazjNGw%7E_eNUbgU9sJGUcVVduOMKhafLvQUgE_zlz_7pvDimJNMvSOYesmmWPPy5i3xS4Rsb%2CEND
厦门卫视,http://tv.scjyhd.com:4022/udp/239.93.42.57:5140
厦门卫视,http://[2409:8087:74F1:0021::0008]/270000001128/9900000058/index.m3u8
厦门卫视,http://[2409:8087:3428:20:500::100f]:6610/PLTV/88888888/224/3221226964/index.m3u8?servicetype=1&IASHttpSessionId=RR423820220409134714119178
厦门卫视,http://[2409:8087:3428:20:500::1009]:6610/PLTV/88888888/224/3221226964/index.m3u8?servicetype=1&IASHttpSessionId=RR423820220409134714119178
厦门卫视,http://dbiptv.sn.chinamobile.com/PLTV/88888890/224/3221226219/index.m3u8
厦门卫视,http://iptv.cdn.ha.chinamobile.com/PLTV/88888888/224/3221227375/index.m3u8
厦门卫视,http://[2409:8087:5e01:34::23]:6610/ZTE_CMS/00000001000000060000000000000193/index.m3u8?fmmv6
厦门卫视,http://[2409:8087:5e00:24::1e]:6060/000000001000/1000000005000266006/1.m3u8
厦门卫视,http://[2409:8087:5e01:34::22]:6610/ZTE_CMS/00000001000000060000000000000193/index.m3u8?IAS
宁化电视一套,http://fjnhdb.chinashadt.com:2036/live/stream:nh1.stream/playlist.m3u8?fujian
福州少儿,http://live.zohi.tv/video/s10001-fztv-4/index.m3u8
福州生活,http://live.zohi.tv:80/video/s10001-fztv-3/index.m3u8
福州综合,http://live.zohi.tv/video/s10001-fztv-1/index.m3u8
福建新闻,http://satellitepull.cnr.cn/live/wx32fjxwgb/playlist.m3u8
福建新闻,https://satellitepull.cnr.cn/live/wx32fjxwgb/playlist.m3u8
福建经济,http://satellitepull.cnr.cn/live/wx32fjdnjjgb/playlist.m3u8
福建公共,https://live.264788.xyz/channel/fujianxiangcungonggong?streamid=2987cc24bada6a8c25589409a6452d9e&livekey=01WgOR41rriMmMkzNsd0UoaxJRwetZdxIvtVk
福建旅游,https://live.264788.xyz/channel/fujianlvyou?streamid=8f26765ebf367079cef58c6b7752da1e&livekey=01WgOR41rriMmMkzNsd0UoaxJRwetZdxIvtVk
海南新闻,http://[2409:8087:5e00:24::1e]:6060/000000001000/4600001000000000111/1.m3u8
风云剧场,https://mursor.ottiptv.cc/mcp/fyjc.m3u8
风云剧场,http://iptv.666230.xyz/iptv/jsyd.php/G_FENGYUNJC-CQ
凤凰香港,https://stream1.freetv.fun/feng-huang-xiang-gang-6.ctv
凤凰香港,https://stream1.freetv.fun/feng-huang-xiang-gang-5.ctv
凤凰香港,https://stream1.freetv.fun/feng-huang-xiang-gang-9.ctv
凤凰香港,https://stream1.freetv.fun/feng-huang-xiang-gang-10.ctv
凤凰香港,http://122.152.202.33/s/81a8a44f/index.m3u8?id=fhhk
凤凰香港,http://122.152.202.33/s/81a8a44f/index.m3u8?id=fhhk TVB
凤凰香港,http://zb.xmzb.xyz/123.php?id=⚽马上oppppp一凤凰香港
凤凰电影,https://t.freetv.fun/live/feng-huang-dian-ying-1.m3u8
凤凰电影,https://t.freetv.fun/live/feng-huang-dian-ying.m3u8
凤凰电影,http://221.7.175.154:8445/tsfile/live/1022_1.m3u8?key=txiptv&playlive=1&authid=0
凤凰电影,http://122.224.58.42:85/tsfile/live/1022_1.m3u8?key=txiptv&playlive=1&authid=0
星空卫视,https://t.freetv.fun/live/xing-kong-wei-shi-1.m3u8
星空卫视,https://t.freetv.fun/live/xing-kong-wei-shi.m3u8
星空卫视,https://stream1.freetv.fun/xing-kong-wei-shi-4.ctv
星空卫视,https://stream1.freetv.fun/xing-kong-wei-shi-12.m3u8
星空卫视,https://stream1.freetv.fun/xing-kong-wei-shi-11.m3u8
星空卫视,https://stream1.freetv.fun/xing-kong-wei-shi-10.m3u8
星空卫视,http://xhyx.gz.cn:1698/hls/35/index.m3u8
星空卫视,http://122.224.58.42:85/tsfile/live/1024_1.m3u8?key=txiptv&playlive=1&authid=0
Channel[V],http://rihou.cc:555/tv/Channel+V
TVBPearl,http://r.jdshipin.com/jUx8K
TVBPearl,http://r.jdshipin.com/ZQ4kN
TVBPearl,https://aktv.top/AKTV/live/aktv/null-2/AKTV.m3u8
TVBPearl,http://cdn6.163189.xyz/163189/mzt
TVBPearl,http://67.220.71.199:2347/livehttpplay?channel_id=20125
TVBPearl,http://67.220.71.199:2347/livehttpplay?channel_id=30026
TVBPearl,http://php.jdshipin.com/TVOD/iptv.php?id=mzt2
TVBPearl,http://php.jdshipin.com/TVOD/iptv.php?id=mzt
TVBPearl,http://r.jdshipin.com/GeWKr?id=mzt720
风云剧场,http://www.qfly9236.cn:8888/rtp/239.253.92.22:6073
风云剧场,https://gd202.tv1288.xyz/tsfile/live/1049_1.m3u8
海南新闻,http://ls.qingting.fm/live/1861.m3u8
海南新闻,https://satellitepull.cnr.cn/live/wxhainxwgb/playlist.m3u8
海南自贸,http://[2409:8087:5e00:24::1e]:6060/000000001000/4600001000000000116/1.m3u8
海南文旅,http://[2409:8087:5e00:24::1e]:6060/000000001000/4600001000000000113/1.m3u8
海南少儿,http://[2409:8087:5e00:24::1e]:6060/000000001000/4600001000000000112/1.m3u8
海南公共,http://[2409:8087:5e00:24::1e]:6060/000000001000/460000100000000057/1.m3u8
梨园,http://[2409:8087:3869:8021:1001::e5]:6610/PLTV/88888888/224/3221225581/2/index.m3u8
梨园,http://tvpull.dxhmt.cn:9081/tv/11122-1.m3u8?%E5%85%B3%E6%B3%A8%E5%BE%AE%E4%BF%A1%E5%85%AC%E4%BC%97%E5%8F%B7[%E6%99%B4%E5%9B%AD]
梨园,https://dxtx.hntv.tv/live/lypd.m3u8?txSecret=10c771842a0be59e8b575d765173ec96&txTime=7B923E0A&wsSecret=41543190cdf375f1c73207222bb96542&wsTime=1769313549
梨园,rtsp://118.212.169.207:554/PLTV/88888888/224/3221227267/10000100000000060000000001646411_0.smil
梨园,rtsp://115.153.245.70/PLTV/88888888/224/3221226822/59781815.smil
梨园,rtsp://115.153.254.81/PLTV/88888888/224/3221226822/59781815.smil
梨园,rtsp://115.153.240.228:554/PLTV/88888888/224/3221226822/59781815.smil
梨园,rtsp://115.153.212.72/PLTV/88888888/224/3221226822/59781815.smil
梨园,rtsp://115.153.247.80/PLTV/88888888/224/3221226822/59781815.smil
梨园,rtsp://115.153.233.154/PLTV/88888888/224/3221226822/59781815.smil
临颍综合,http://tvpull.dxhmt.cn:9081/tv/11122-1.m3u8?%E5%85%B3%E6%B3%A8%E5%BE%AE%E4%BF%A1%E5%85%AC%E4%BC%97%E5%8F%B7[%E6%99%B4%E5%9B%AD]
义马新闻综合,http://tvpull.dxhmt.cn:9081/tv/11281-1.m3u8?%E5%85%B3%E6%B3%A8%E5%BE%AE%E4%BF%A1%E5%85%AC%E4%BC%97%E5%8F%B7[%E6%99%B4%E5%9B%AD]
光山综合,http://tvpull.dxhmt.cn:9081/tv/11522-1.m3u8?%E5%85%B3%E6%B3%A8%E5%BE%AE%E4%BF%A1%E5%85%AC%E4%BC%97%E5%8F%B7[%E6%99%B4%E5%9B%AD]
兰考新闻,http://tvpull.dxhmt.cn:9081/tv/10225-1.m3u8?%E5%85%B3%E6%B3%A8%E5%BE%AE%E4%BF%A1%E5%85%AC%E4%BC%97%E5%8F%B7[%E6%99%B4%E5%9B%AD]
TVBPearl,http://php.jdshipin.com:8880/iptv.php?id=mzt
怀旧剧场,https://cc06.tv12.xyz/52.m3u8
怀旧剧场,https://hls-gateway.vpstv.net/streams/708853.m3u8
怀旧剧场,https://mursor.ottiptv.cc/mcp/hjjc.m3u8
怀旧剧场,http://iptv.666230.xyz/iptv/jsyd.php/G_HUAIJIUJC-CQ
怀旧剧场,http://www.qfly9236.cn:8888/rtp/239.253.92.98:6120
怀旧剧场,https://gd202.tv1288.xyz/tsfile/live/1048_1.m3u8
女性时尚,https://cc06.tv12.xyz/95.m3u8
女性时尚,http://iptv.666230.xyz/iptv/jsyd.php/G_NVXINGSS-CQ
女性时尚,http://www.qfly9236.cn:8888/rtp/239.253.92.249:6103
高尔夫网球,https://hls-gateway.vpstv.net/streams/708857.m3u8
高尔夫网球,http://iptv.666230.xyz/iptv/jsyd.php/G_CCTV-GOLF-CQ
高尔夫网球,http://www.qfly9236.cn:8888/rtp/239.253.92.117:8062
风云足球,https://epg.pw/stream/6d7bf281e3d739806a73f5373acaa6e01988ec9739f5ac1355ce54b47a928472.m3u8
风云足球,https://epg.pw/stream/ac8062ec9484078061d3bef507c15a423ac57ae4144e3fcc4b0a198dd420f911.m3u8
风云足球,http://[2409:8087:7001:20:2::3]/dbiptv.sn.chinamobile.com/PLTV/88888893/224/3221226984/index.m3u8
风云足球,https://live.goodiptv.club/api/yqgd.php?id=fyzq
风云足球,https://hls-gateway.vpstv.net/streams/708859.m3u8
风云足球,https://cc06.tv12.xyz/41.m3u8
风云足球,http://www.qfly9236.cn:8888/rtp/239.253.92.110:8061
电视指南,https://cc06.tv12.xyz/39.m3u8
电视指南,http://iptv.666230.xyz/iptv/jsyd.php/G_DIANSHIZN-CQ
世界地理,http://[2409:8087:7001:20:2::3]/dbiptv.sn.chinamobile.com/PLTV/88888893/224/3221226947/index.m3u8
世界地理,https://cc06.tv12.xyz/104.m3u8
世界地理,http://www.qfly9236.cn:8888/rtp/239.253.92.113:8066
兵器科技,https://hls-gateway.vpstv.net/streams/708856.m3u8
兵器科技,http://iptv.666230.xyz/iptv/jsyd.php/G_BINGQIKJ-CQ
浙江钱江,https://ali-m-l.cztv.com/channels/lantian/channel002/1080p.m3u8\r\n
浙江钱江,https://ali-m-l.cztv.com/channels/lantian/channel002/1080p.m3u8
浙江钱江,http://l.cztvcloud.com/channels/lantian/SXyuyao2/720p.m3u8
浙江钱江,http://zhfivel02.cztv.com/channel02/1080p.m3u8?auth_key=2524708799-0-0-2f7bb420bfd1d218b9c7b07c0ac1ba2f
浙江钱江,http://zwebl02.cztv.com/live/channel021080P.m3u8?auth_key=2524708799-0-0-43f14b8147c890428975655007afb4cc
浙江钱江,https://stream1.freetv.fun/zhe-jiang-qian-jiang-du-shi-3.ctv
浙江钱江,https://stream1.freetv.fun/zhe-jiang-qian-jiang-du-shi-5.ctv
浙江钱江,https://stream1.freetv.fun/zhe-jiang-qian-jiang-du-shi-4.ctv
浙江钱江都市,http://zwebl02.cztv.com/live/channel021080P.m3u8?auth_key=2524708799-0-0-43f14b8147c890428975655007afb4cc
浙江钱江都市,http://zhfivel02.cztv.com/channel02/1080p.m3u8?auth_key=2524708799-0-0-2f7bb420bfd1d218b9c7b07c0ac1ba2f
浙江钱江都市,https://ali-m-l.cztv.com/channels/lantian/channel002/1080p.m3u8
浙江钱江都市,https://t.freetv.fun/live/zhe-jiang-qian-jiang-du-shi-1.m3u8
浙江钱江都市,https://t.freetv.fun/live/zhe-jiang-qian-jiang-du-shi-2.m3u8
浙江钱江都市,https://t.freetv.fun/live/zhe-jiang-qian-jiang-du-shi-3.m3u8
浙江钱江台,https://ali-m-l.cztv.com/channels/lantian/channel002/1080p.m3u8
浙江钱江台,http://l.cztvcloud.com/channels/lantian/SXyuyao2/720p.m3u8
浙江生活,https://ali-m-l.cztv.com/channels/lantian/channel003/1080p.m3u8
浙江生活,https://stream1.freetv.fun/zhe-jiang-jing-ji-sheng-huo-1.ctv
浙江生活,http://zwebl02.cztv.com/live/channel031080P.m3u8?auth_key=2524708799-0-0-cc09266f8e043a6df28eb148cb488d37
浙江生活,http://ls.qingting.fm/live/1099.m3u8
浙江生活,https://stream1.freetv.fun/zhe-jiang-jing-ji-sheng-huo-4.ctv
浙江生活,http://ali-m-l.cztv.com/channels/lantian/channel003/720p.m3u8
浙江生活,https://stream1.freetv.fun/zhe-jiang-jing-ji-sheng-huo-3.ctv
浙江生活,http://ali-vl.cztv.com/channels/lantian/channel003/360p.m3u8
浙江生活,https://stream1.freetv.fun/zhe-jiang-jing-ji-sheng-huo-8.ctv
浙江生活,https://stream1.freetv.fun/zhe-jiang-jing-ji-sheng-huo-7.ctv
浙江经济生活,http://zwebl02.cztv.com/live/channel031080P.m3u8?auth_key=2524708799-0-0-cc09266f8e043a6df28eb148cb488d37
卫辉综合,http://tvpull.dxhmt.cn:9081/tv/10781-1.m3u8?%E5%85%B3%E6%B3%A8%E5%BE%AE%E4%BF%A1%E5%85%AC%E4%BC%97%E5%8F%B7[%E6%99%B4%E5%9B%AD]
叶县,http://tvpull.dxhmt.cn:9081/tv/10422-1.m3u8#
TVBPearl,http://122.152.202.33/s/81a8a44f/index.m3u8?id=23
TVBPearl,http://php.jdshipin.com:8880/TVOD/iptv.php?id=mzt
TVBPearl,https://flv-play.clouda.com/live/mz-0tSKiaEPCx5XFB8L59XI04UCPNTxbG3EFgRr2p3qKYurvOF5o3UDDSfQhxsJFN4aS9nz3Z1MvB7PTrJG4X6Bym52.flv
TVBPlus,https://t.freetv.fun/live/tvb-plus-3.m3u8
TVBPlus,https://t.freetv.fun/live/metv-plus.m3u8
TVBPlus,http://r.jdshipin.com/ndGgS
TVBPlus,http://r.jdshipin.com/Nr5jq
TVBPlus,https://o11.163189.xyz/stream/tvb/tvbp/
TVBPlus,https://stream1.freetv.fun/tvb-j2-2.ctv
TVBPlus,https://stream1.freetv.fun/tvb-j2-1.m3u8
TVBPlus,http://bak.dou.ddns-ip.net/api.php?n=xxxtw&id=aCMBgd&tk=SLK5QjnsRiya
TVBPlus,http://php.jdshipin.com/TVOD/iptv.php?id=tvbp
TVBPlus,http://rihou.cc:555/tv/[Pd]Plus综合
TVBPlus,https://o11.163189.xyz/stream/tvb/tvbp/#http://r.jdshipin.com/Nr5jq
TVBPlus,https://t.freetv.fun/live/atv-plus.m3u8
TVB星河,http://aktv.top/AKTV/live/aktv2/tvb/AKTV.m3u8
TVB星河,http://r.jdshipin.com/sXuuD
TVB星河,http://r.jdshipin.com/Voac4
TVB星河,http://o11.163189.xyz/stream/live/tvbxh/
TVB星河,https://o11.163189.xyz/stream/live/tvbxh/
TVB星河,http://php.jdshipin.com:8880/TVOD/iptv.php?id=xinghe
TVB星河,http://php.jdshipin.com:8880/PLTV/iptv.php?id=xinghe
TVB星河,http://php.jdshipin.com/TVOD/iptv.php?id=xinghe
TVB星河,http://php.jdshipin.com/TVOD/iptv.php?id=tvbxh
TVB星河,https://o11.163189.xyz/stream/live/tvbxh/#https://cdn10.163189.xyz/stream/163189/xinghe/
TVB翡翠台,https://stream1.freetv.fun/ba009d94229ed40a5d9289178463fba7aa31fb0622f8ab2d66c01147828743ab.m3u8
TVB翡翠台,https://t.freetv.fun/live/fei-cui-9.php
TVB翡翠台,https://t.freetv.fun/live/fei-cui-3.m3u8
TVB翡翠台,https://t.freetv.fun/live/fei-cui-10.php
TVB翡翠台,https://t.freetv.fun/live/fei-cui-2.m3u8
TVB翡翠台,https://t.freetv.fun/live/fei-cui.m3u8
TVB翡翠台,https://t.freetv.fun/live/fei-cui-5.php
TVB翡翠台,https://t.freetv.fun/live/fei-cui-4.m3u8
TVB翡翠台,http://cdn6.163189.xyz/163189/fct4k
TVB翡翠台,https://t.freetv.fun/live/fei-cui-tai.m3u8
TVB翡翠台,http://cdn6.163189.xyz/163189/fct
TVB翡翠台,http://r.jdshipin.com/62WM7
TVB翡翠台,http://r.jdshipin.com/qrfbg
TVB翡翠台,http://r.jdshipin.com/n90gt
TVB翡翠台,https://cdn6.163189.xyz/163189/fct
TVB翡翠台,https://cdn.163189.xyz/live/fct4k/stream.m3u8
TVB翡翠台,http://r.jdshipin.com/GeWKr
TVB翡翠台,http://cdn.163189.xyz/live/fct4k/stream.m3u8
TVB翡翠台,http://r.jdshipin.com/qClQf
TVB翡翠台,http://r.jdshipin.com/GeWKr?id=fct720
TVBS,https://t.freetv.fun/live/tvbs.m3u8
TVBS,http://rihou.cc:555/tv/TVBS1
TVBS新闻台,https://t.freetv.fun/live/tvbsxin-wen.m3u8
TVBS新闻台,https://t.freetv.fun/live/tvbsxin-wen-1.m3u8
TVBS新闻台,https://t.freetv.fun/live/tvbsxin-wen-1-1.m3u8
TVBS新闻台,http://61.221.215.25:8800/hls/9/index.m3u8
TVBS新闻台,http://jnzq.ohoyee.com:9080/live/xingjiaoge-tvbsxw.m3u8
TVBS新闻台,http://45.192.97.170:8880/play/1314.m3u8
TVBS新闻台,http://45.192.97.170:8880/play/1165.m3u8
TVBS亚洲,http://38.64.72.148/hls/modn/list/4005/playlist.m3u8
TVBS亚洲,http://38.64.72.148/hls/modn/list/4005/chunklist0.m3u8
TVBS亚洲,http://38.64.72.148:80/hls/modn/list/4005/playlist.m3u8
TVBS亚洲,http://38.64.72.148:80/hls/modn/list/4005/chunklist1.m3u8
TVBS亚洲,http://38.64.72.148:80/hls/modn/list/4005/chunklist0.m3u8
TVBS亚洲,http://38.64.72.148/hls/modn/list/4005/chunklist1.m3u8?
TVBS亚洲,http://38.64.72.148/hls/modn/list/4005/chunklist1.m3u8
TVBS亚洲,http://38.64.72.148:80/hls/modn/list/4005/playlist.m3u8?
TVBS亚洲,http://d2e1asnsl7br7b.cloudfront.net/7782e205e72f43aeb4a48ec97f66ebbe/index_5.m3u8?zshijd
无线新闻,http://r.jdshipin.com/CkuBd
无线新闻,https://cdn6.163189.xyz/163189/wxxw
无线新闻,http://php.jdshipin.com/TVOD/iptv.php?id=wxxw
无线新闻,http://php.jdshipin.com/TVOD/iptv.php?id=tvbxw
无线新闻,https://t.freetv.fun/live/wu-xian-xin-wen.php
浙江经济生活,http://zhfivel02.cztv.com/channel03/1080p.m3u8?auth_key=2524708799-0-0-76c0751e0f656453baf39803124fc08a
唐河一套,http://tvpull.dxhmt.cn:9081/tv/11328-1.m3u8?zhend#http://tvpull.dxhmt.cn:9081/tv/11328-1.m3u8
固始综合,http://tvpull.dxhmt.cn:9081/tv/11525-1.m3u8?%E5%85%B3%E6%B3%A8%E5%BE%AE%E4%BF%A1%E5%85%AC%E4%BC%97%E5%8F%B7[%E6%99%B4%E5%9B%AD]
宝丰综合,http://tvpull.dxhmt.cn:9081/tv/10421-1.m3u8?%E5%85%B3%E6%B3%A8%E5%BE%AE%E4%BF%A1%E5%85%AC%E4%BC%97%E5%8F%B7[%E6%99%B4%E5%9B%AD]
巩义新闻综合,http://tvpull.dxhmt.cn:9081/tv/10181-1.m3u8?zhend?
扶沟综合,http://tvpull.dxhmt.cn:9081/tv/11621-1.m3u8?%E5%85%B3%E6%B3%A8%E5%BE%AE%E4%BF%A1%E5%85%AC%E4%BC%97%E5%8F%B7[%E6%99%B4%E5%9B%AD]
新乡县电视台,http://tvpull.dxhmt.cn:9081/tv/10721-1.m3u8?%E5%85%B3%E6%B3%A8%E5%BE%AE%E4%BF%A1%E5%85%AC%E4%BC%97%E5%8F%B7[%E6%99%B4%E5%9B%AD]
新县综合,http://tvpull.dxhmt.cn:9081/tv/11523-1.m3u8?%E5%85%B3%E6%B3%A8%E5%BE%AE%E4%BF%A1%E5%85%AC%E4%BC%97%E5%8F%B7[%E6%99%B4%E5%9B%AD]
新蔡综合,http://tvpull.dxhmt.cn:9081/tv/11729-1.m3u8?%E5%85%B3%E6%B3%A8%E5%BE%AE%E4%BF%A1%E5%85%AC%E4%BC%97%E5%8F%B7[%E6%99%B4%E5%9B%AD]
桐柏新闻综合,http://tvpull.dxhmt.cn:9081/tv/11330-1.m3u8?zhend
泌阳新闻综合,http://tvpull.dxhmt.cn:9081/tv/11726-1.m3u8?%E5%85%B3%E6%B3%A8%E5%BE%AE%E4%BF%A1%E5%85%AC%E4%BC%97%E5%8F%B7[%E6%99%B4%E5%9B%AD]
渑池新闻综合,http://tvpull.dxhmt.cn:9081/tv/11221-1.m3u8?%E5%85%B3%E6%B3%A8%E5%BE%AE%E4%BF%A1%E5%85%AC%E4%BC%97%E5%8F%B7[%E6%99%B4%E5%9B%AD]
温县综合,http://tvpull.dxhmt.cn:9081/tv/10825-1.m3u8?zhend?
潢川综合,http://tvpull.dxhmt.cn:9081/tv/11526-1.m3u8?%E5%85%B3%E6%B3%A8%E5%BE%AE%E4%BF%A1%E5%85%AC%E4%BC%97%E5%8F%B7[%E6%99%B4%E5%9B%AD]
ViuTV,http://r.jdshipin.com/vSJvl
浙江经济生活,http://ali-m-l.cztv.com/channels/lantian/channel03/1080p.m3u8#https://ali-m-l.cztv.com/channels/lantian/channel003/1080p.m3u8#http://ali-m-l.cztv.com/channels/lantian/channel003/1080p.m3u8
浙江经济生活,https://ali-m-l.cztv.com/channels/lantian/channel003/1080p.m3u8
浙江经济生活,http://ali-vl.cztv.com/channels/lantian/channel003/360p.m3u8
浙江经济生活,http://ls.qingting.fm/live/1099.m3u8
浙江经济生活,https://t.freetv.fun/live/zhe-jiang-jing-ji-sheng-huo-2.m3u8
浙江经济生活,https://t.freetv.fun/live/zhe-jiang-jing-ji-sheng-huo-3.m3u8
浙江经济生活,https://t.freetv.fun/live/zhe-jiang-jing-ji-sheng-huo-1.m3u8
浙江教育,http://ali-m-l.cztv.com/channels/lantian/channel04/720p.m3u8
浙江教育,https://ali-m-l.cztv.com/channels/lantian/channel004/1080p.m3u8
浙江教育,http://ali-vl.cztv.com/channels/lantian/channel004/360p.m3u8
浙江民生,https://ali-m-l.cztv.com/channels/lantian/channel006/1080p.m3u8
浙江民生,https://stream1.freetv.fun/zhe-jiang-min-sheng-9.m3u8
浙江民生,https://stream1.freetv.fun/zhe-jiang-min-sheng-5.m3u8
浙江民生,https://stream1.freetv.fun/zhe-jiang-min-sheng-10.m3u8
浙江民生,https://t.freetv.fun/live/zhe-jiang-min-sheng-1.m3u8
浙江民生,https://t.freetv.fun/live/zhe-jiang-min-sheng-3.m3u8
浙江民生,https://t.freetv.fun/live/zhe-jiang-min-sheng.m3u8
浙江民生,https://t.freetv.fun/live/zhe-jiang-min-sheng-4.m3u8
浙江民生,https://t.freetv.fun/live/zhe-jiang-min-sheng-2.m3u8
浙江新闻,https://ali-m-l.cztv.com/channels/lantian/channel07/1080p.m3u8
浙江新闻,http://zwebl02.cztv.com/live/channel071080P.m3u8?auth_key=2524708799-0-0-e3b50ca59d2c0883d5386d8bc4cdefbc
浙江新闻,http://zhfivel02.cztv.com/channel07/1080p.m3u8?auth_key=2524708799-0-0-4af48ba83e791a300595dd0b2bb30e6e
浙江新闻,http://ali-vl.cztv.com/channels/lantian/channel007/360p.m3u8
浙江新闻,https://stream1.freetv.fun/zhe-jiang-xin-wen-6.m3u8
浙江新闻,https://stream1.freetv.fun/zhe-jiang-xin-wen-8.m3u8
浙江新闻,http://ali-m-l.cztv.com/channels/lantian/channel07/720p.m3u8
浙江新闻,https://stream1.freetv.fun/zhe-jiang-xin-wen-11.m3u8
浙江新闻,https://stream1.freetv.fun/zhe-jiang-xin-wen-2.ctv
浙江新闻,https://stream1.freetv.fun/zhe-jiang-xin-wen-1.m3u8
浙江少儿,https://qiniup-m-l.cztv.com/channels/lantian/channel008/1080p.m3u8
浙江少儿,https://ct-m-l.cztv.com/channels/lantian/channel008/1080p.m3u8
浙江少儿,https://ali-m-l.cztv.com/channels/lantian/channel008/1080p.m3u8
浙江少儿,http://ali-m-l.cztv.com/channels/lantian/channel008/1080p.m3u8
浙江少儿,http://ali-vl.cztv.com/channels/lantian/channel008/360p.m3u8
登封综合,http://tvpull.dxhmt.cn:9081/tv/10185-1.m3u8?%E5%85%B3%E6%B3%A8%E5%BE%AE%E4%BF%A1%E5%85%AC%E4%BC%97%E5%8F%B7[%E6%99%B4%E5%9B%AD]
ViuTV,https://cdn.163189.xyz/163189/viu
ViuTV,http://php.jdshipin.com/TVOD/iptv.php?id=viutv
ViuTV,http://php.jdshipin.com:8880/PLTV/iptv.php?id=viutv
八大戏剧台,https://stream1.freetv.fun/6b1701a07ea621155cdaa9ee604b6c6ebc763093fafaf493ce7a3c2e206be799.m3u8
八大戏剧台,https://stream1.freetv.fun/ba-da-xi-ju-1.m3u8
八大戏剧台,http://61.221.215.25:8800/hls/39/index.m3u8
八大第一台,http://61.221.215.25:8800/hls/55/index.m3u8
八大精彩台,https://stream1.freetv.fun/ba-da-jing-cai-1.ctv
八大精彩台,http://45.192.97.170:8880/play/1329.m3u8
八大综合台,https://stream1.freetv.fun/ba-da-zong-he-1.m3u8
八大综合台,http://61.221.215.25:8800/hls/56/index.m3u8
八大综合台,https://stream1.freetv.fun/ba-da-zong-he-2.m3u8
三立台湾台,https://stream1.freetv.fun/san-li-tai-wan-1.ctv
三立台湾台,https://stream1.freetv.fun/san-li-tai-wan-5.m3u8
三立台湾台,http://zb.xmzb.xyz/123.php?id=⚽马上oppppp一三立台湾
三立戏剧,https://stream1.freetv.fun/san-li-xi-ju-3.ctv
禹州综合,http://tvpull.dxhmt.cn:9081/tv/11081-1.m3u8?%E5%85%B3%E6%B3%A8%E5%BE%AE%E4%BF%A1%E5%85%AC%E4%BC%97%E5%8F%B7[%E6%99%B4%E5%9B%AD]
西华综合,http://tvpull.dxhmt.cn:9081/tv/11622-1.m3u8?%E5%85%B3%E6%B3%A8%E5%BE%AE%E4%BF%A1%E5%85%AC%E4%BC%97%E5%8F%B7[%E6%99%B4%E5%9B%AD]
浙江少儿,https://stream1.freetv.fun/zhe-jiang-shao-er-4.ctv
浙江少儿,https://stream1.freetv.fun/zhe-jiang-shao-er-4.m3u8
浙江少儿,https://stream1.freetv.fun/zhe-jiang-shao-er-6.ctv
浙江少儿,https://stream1.freetv.fun/zhe-jiang-shao-er-9.ctv
浙江少儿,https://stream1.freetv.fun/zhe-jiang-shao-er-1.ctv
杭州综合,http://goo.bkpcp.top/mg/hzzh
杭州综合,https://stream1.freetv.fun/hang-zhou-zong-he-4.ctv
杭州综合,https://stream1.freetv.fun/hang-zhou-zong-he-2.ctv
杭州综合,https://stream1.freetv.fun/hang-zhou-zong-he-3.ctv
杭州明珠,http://goo.bkpcp.top/mg/hzmz
杭州明珠,https://stream1.freetv.fun/hang-zhou-ming-zhu-2.ctv
杭州明珠,https://stream1.freetv.fun/hang-zhou-ming-zhu-1.ctv
杭州生活,http://goo.bkpcp.top/mg/hzsh
杭州生活,https://stream1.freetv.fun/hang-zhou-sheng-huo-2.ctv
杭州生活,https://stream1.freetv.fun/hang-zhou-sheng-huo-5.ctv
杭州生活,https://stream1.freetv.fun/hang-zhou-sheng-huo-3.ctv
杭州生活,https://stream1.freetv.fun/hang-zhou-sheng-huo-4.ctv
杭州生活,https://stream1.freetv.fun/hang-zhou-sheng-huo-1.ctv
杭州影视,http://goo.bkpcp.top/mg/hzys
杭州影视,https://stream1.freetv.fun/hang-zhou-ying-shi-4.ctv
杭州影视,https://stream1.freetv.fun/hang-zhou-ying-shi-2.ctv
杭州少体,http://goo.bkpcp.top/mg/hzse
浙江教科,http://ali-m-l.cztv.com/channels/lantian/channel04/1080p.m3u8
浙江教科,http://ali-m-l.cztv.com/channels/lantian/channel004/1080p.m3u8
浙江教科,https://ali-m-l.cztv.com/channels/lantian/channel004/1080p.m3u8
浙江教科,http://zwebl02.cztv.com/live/channel041080P.m3u8?auth_key=2524708799-0-0-f195b808217db133bfd648edc01e91fa
浙江经济,http://zwebl02.cztv.com/live/channel031080P.m3u8?auth_key=2524708799-0-0-cc09266f8e043a6df28eb148cb488d37
浙江经济,https://ali-m-l.cztv.com/channels/lantian/channel003/1080p.m3u8
之江纪录,https://ali-m-l.cztv.com/channels/lantian/channel012/1080p.m3u8
之江纪录,http://zwebl02.cztv.com/live/channel121080P.m3u8?auth_key=2524708799-0-0-c33efdd495bcdd2ddc42e7c408405037
之江纪录,http://goo.bkpcp.top/mg/zjjl
之江纪录,https://ali-m-l.cztv.com/channels/lantian/channel12/720p.m3u8
浙江国际,http://zwebl02.cztv.com/live/channel101080P.m3u8?auth_key=2524708799-0-0-c9473fea1da3eff0f29f4c9cf2b36519
浙江国际,http://zhfivel02.cztv.com/channel10/1080p.m3u8?auth_key=2524708799-0-0-646cad31c1d94b002a325cd75475d30f
三立戏剧,http://61.221.215.25:8800/hls/41/index.m3u8
三立戏剧,https://stream1.freetv.fun/san-li-xi-ju-4.m3u8
郏县综合,http://tvpull.dxhmt.cn:9081/tv/10425-1.m3u8?%E5%85%B3%E6%B3%A8%E5%BE%AE%E4%BF%A1%E5%85%AC%E4%BC%97%E5%8F%B7[%E6%99%B4%E5%9B%AD]
郸城新闻综合,http://tvpull.dxhmt.cn:9081/tv/11625-1.m3u8?wsSecret=df15530a0abec41b14bca00fc96270d1&amp;wsTime=1654956569
鄢陵综合,http://tvpull.dxhmt.cn:9081/tv/11024-1.m3u8?%E5%85%B3%E6%B3%A8%E5%BE%AE%E4%BF%A1%E5%85%AC%E4%BC%97%E5%8F%B7[%E6%99%B4%E5%9B%AD]
项城新闻,http://tvpull.dxhmt.cn:9081/tv/11681-1.m3u8#@http://live.dxhmt.cn:9081/tv/11681-1.m3u8#@http://p2.weizan.cn/978354/131995006225520039/live.m3u8
邓州新闻,http://tvpull.dxhmt.cn:9081/tv/11381-1.m3u8?%E5%85%B3%E6%B3%A8%E5%BE%AE%E4%BF%A1%E5%85%AC%E4%BC%97%E5%8F%B7[%E6%99%B4%E5%9B%AD]
荥阳综合,http://tvpull.dxhmt.cn:9081/tv/10182-1.m3u8?wsSecret=df15530a0abec41b14bca00fc96270d1&wsTime=1654956569
荥阳综合,http://iptv.cdn.ha.chinamobile.com/PLTV/88888888/224/3221226673/index.m3u8
禹州公共,http://tvpull.dxhmt.cn:9081/tv/11081-2.m3u8
灵宝新闻综合,http://tvpull.dxhmt.cn:9081/tv/11282-1.m3u8?zhend
滑县新闻,http://tvpull.dxhmt.cn:9081/tv/10526-1.m3u8?%E5%85%B3%E6%B3%A8%E5%BE%AE%E4%BF%A1%E5%85%AC%E4%BC%97%E5%8F%B7[%E6%99%B4%E5%9B%AD]
济源电视一套,http://tvpull.dxhmt.cn:9081/tv/19001-1.m3u8?zhend
洛阳综合,https://wshlslive.migucloud.com/live/6AL7GTQX_C0/playlist.m3u8
洛阳科教,https://wshlslive.migucloud.com/live/RJ0EYBCZ_C0/playlist.m3u8
洛阳科教,http://devlivepull.migucloud.com/live/A2HVH5BQ_C0.flv
洛阳文旅,https://wshlslive.migucloud.com/live/CVN934JS_C0/playlist.m3u8
洛阳文旅,http://devlivepull.migucloud.com/live/Q081CD54_C0.flv
河南都市,http://iptv.cdn.ha.chinamobile.com/PLTV/88888888/224/3221227241/index.m3u8
河南都市,https://live.lalifeier.eu.org/hntv/hnds.m3u8?t=1745796321&key=fe18400b0aeee777efcd1e3282435d28
河南都市,https://migu.188766.xyz/?migutoken=9226a48836172a24513db392327353b3&id=%E9%83%BD%E5%B8%82%E9%A2%91%E9%81%93&type=yy
河南民生,http://iptv.cdn.ha.chinamobile.com/PLTV/88888888/224/3221227268/index.m3u8
河南民生,https://live.lalifeier.eu.org/hntv/hnms.m3u8?t=1745796321&key=5f28534538b48cf3d6dc58909f8897f3
河南民生,https://migu.188766.xyz/?migutoken=ba721e4f17901a54698b22073b7bc118&id=%E6%B0%91%E7%94%9F%E9%A2%91%E9%81%93&type=yy
沁阳新闻综合,http://tvpull.dxhmt.cn:9081/tv/10882-1.m3u8
永城综合,http://iptv.cdn.ha.chinamobile.com/PLTV/88888888/224/3221227057/index.m3u8
永城综合,http://tvpull.dxhmt.cn:9081/tv/11481-1.m3u8
方城一套,http://tvpull.dxhmt.cn:9081/tv/11322-1.m3u8?zhend
新野综合,http://tvpull.dxhmt.cn:9081/tv/11329-1.m3u8?zhend?
新安新闻综合,http://tvpull.dxhmt.cn:9081/tv/10323-1.m3u8?%E5%85%B3%E6%B3%A8%E5%BE%AE%E4%BF%A1%E5%85%AC%E4%BC%97%E5%8F%B7[%E6%99%B4%E5%9B%AD]
开封新闻综合,http://tvpull.dxhmt.cn:9081/tv/10200-2.m3u8?zhend
开封新闻综合,http://iptv.cdn.ha.chinamobile.com/PLTV/88888888/224/3221226689/index.m3u8
开封文化旅游,http://tvpull.dxhmt.cn:9081/tv/10200-3.m3u8?zhend,
开封文化旅游,http://iptv.cdn.ha.chinamobile.com/PLTV/88888888/224/3221226515/index.m3u8
嵩县综合新闻,http://tvpull.dxhmt.cn:9081/tv/10325-1.m3u8?zhendhttp://wshls.live.migucloud.com/live/MZCYG799_C0/playlist.m3u8?zhend
嵩县综合新闻,http://wshls.live.migucloud.com/live/MZCYG799_C0/playlist.m3u8?zhend
宜阳综合,http://tvpull.dxhmt.cn:9081/tv/10327-1.m3u8?wsSecret=df15530a0abec41b14bca00fc96270d1&wsTime=1654956569
内黄综合,http://tvpull.dxhmt.cn:9081/tv/10527-1.m3u8?wsSecret=df15530a0abec41b14bca00fc96270d1&wsTime=1654956569
内乡综合,http://tvpull.dxhmt.cn:9081/tv/11325-1.m3u8?%E5%85%B3%E6%B3%A8%E5%BE%AE%E4%BF%A1%E5%85%AC%E4%BC%97%E5%8F%B7[%E6%99%B4%E5%9B%AD]
偃师新闻,http://tvpull.dxhmt.cn:9081/tv/10381-1.m3u8?wsSecret=df15530a0abec41b14bca00fc96270d1&wsTime=1654956569
鹿泉一套,https://jwcdnqx.hebyun.com.cn/live/luquanyi/1500k/tzwj_video.m3u8?zhebd
邯郸科技教育,http://live.hd.hdbs.cn/video/s10001-2021hdkjjy/index.m3u8?zhebd
浙江国际,https://ct-m-l.cztv.com/channels/lantian/channel010/1080p.m3u8
浙江国际,https://qiniup-m-l.cztv.com/channels/lantian/channel010/1080p.m3u8
三立戏剧,https://stream1.freetv.fun/san-li-xi-ju-1.m3u8
三立戏剧,https://stream1.freetv.fun/san-li-xi-ju-2.m3u8
三立新闻台,https://t.freetv.fun/live/san-li-xin-wen.m3u8
三立新闻台,https://epg.pw/stream/6b49e3faa38adda85abab446f032dc1e686baa0760a9cfa66e2df8fd6fe3b445.m3u8
三立新闻台,https://stream1.freetv.fun/san-li-xin-wen-3.m3u8
三立新闻台,https://stream1.freetv.fun/san-li-xin-wen-4.m3u8
三立新闻台,https://stream1.freetv.fun/san-li-xin-wen-6.ctv
三立新闻台,https://stream1.freetv.fun/san-li-xin-wen-5.ctv
三立综合台,http://bak.dou.ddns-ip.net/api.php?n=xxxtw&id=vrp4No&tk=SLK5QjnsRiya
中天亚洲台,http://rihou.cc:555/tv/中天亚洲
中天娱乐台,https://t.freetv.fun/live/zhong-tian-yu-le.m3u8
中天娱乐台,https://t.freetv.fun/live/zhong-tian-yu-le-1.m3u8
中天娱乐台,http://61.221.215.25:8800/hls/47/index.m3u8
中天新闻台,https://raw.githubusercontent.com/ChiSheng9/iptv/master/TV28.m3u8
中天新闻台,https://t.freetv.fun/live/zhong-tian-xin-wen-1.m3u8
中天新闻台,https://t.freetv.fun/live/zhong-tian-xin-wen-4.m3u8
中天新闻台,https://t.freetv.fun/live/zhong-tian-xin-wen.m3u8
中天新闻台,https://t.freetv.fun/live/zhong-tian-xin-wen-3.m3u8
中天新闻台,https://stream1.freetv.fun/0efa038ef8b00da22a46c019893c5170b1b49731e8b26ede0655c7f76e5dbfa7.m3u8
邯郸科技教育,https://jwcdnqx.hebyun.com.cn/live/hdkj/1500k/tzwj_video.m3u8?zhebd
邯郸公共,http://live.hd.hdbs.cn/video/s10001-2021hdgg/index.m3u8?zhebd
浙江国际,https://ali-m-l.cztv.com/channels/lantian/channel010/1080p.m3u8
浙江国际,https://stream1.freetv.fun/zhe-jiang-guo-ji-3.ctv
浙江国际,https://stream1.freetv.fun/zhe-jiang-guo-ji-4.m3u8
浙江国际,https://stream1.freetv.fun/zhe-jiang-guo-ji-5.ctv
浙江国际,https://stream1.freetv.fun/zhe-jiang-guo-ji-10.m3u8
浙江国际,https://stream1.freetv.fun/zhe-jiang-guo-ji-7.m3u8
嘉兴新闻综合,http://live.zohi.tv/video/s10001-fztv-1/index.m3u8
湖州公共,https://stream1.freetv.fun/hu-zhou-gong-gong-3.m3u8
湖州公共,https://stream1.freetv.fun/hu-zhou-gong-gong-1.m3u8
湖州公共,https://stream1.freetv.fun/hu-zhou-gong-gong-9.m3u8
湖州公共,https://t.freetv.fun/live/hu-zhou-gong-gong-1.m3u8
湖州公共,https://t.freetv.fun/live/hu-zhou-gong-gong-2.m3u8
湖州公共,https://t.freetv.fun/live/hu-zhou-gong-gong-3.m3u8
湖州公共,https://t.freetv.fun/live/hu-zhou-gong-gong.m3u8
浙江经视,http://ali-m-l.cztv.com/channels/lantian/channel003/720p.m3u8
浙江经视,https://ali-m-l.cztv.com/channels/lantian/channel003/1080p.m3u8
浙江留学,http://ali-vl.cztv.com/channels/lantian/channel009/360p.m3u8
浙江留学,https://ali-m-l.cztv.com/channels/lantian/channel009/1080p.m3u8
浙江民生休闲,http://zhfivel02.cztv.com/channel06/1080p.m3u8?auth_key=2524708799-0-0-59c4fe94512c59a90316fbf17ae2fbef
浙江民生休闲,https://ali-m-l.cztv.com/channels/lantian/channel006/1080p.m3u8
浙江民生休闲,http://ali-vl.cztv.com/channels/lantian/channel006/360p.m3u8
浙江民生休闲,https://stream1.freetv.fun/zhe-jiang-min-sheng-3.m3u8
浙江民生休闲,https://stream1.freetv.fun/zhe-jiang-min-sheng-8.m3u8
浙江民生休闲,https://stream1.freetv.fun/zhe-jiang-min-sheng-10.m3u8
浙江民生休闲,https://stream1.freetv.fun/zhe-jiang-min-sheng-2.m3u8
浙江民生休闲,https://stream1.freetv.fun/zhe-jiang-min-sheng-7.ctv
中天新闻台,https://t.freetv.fun/live/zhong-tian-xin-wen-5.m3u8
邯郸公共,https://jwcdnqx.hebyun.com.cn/live/hdgg/1500k/tzwj_video.m3u8?zhebd
邯郸公共,https://jwliveqxzb.hebyun.com.cn/hdgg/hdgg.m3u8
邯郸新闻,https://jwcdnqx.hebyun.com.cn/live/hdxwzh/1500k/tzwj_video.m3u8
邯郸新闻,https://jwliveqxzb.hebyun.com.cn/hdxwzh/hdxwzh.m3u8
邯郸科教,https://jwcdnqx.hebyun.com.cn/live/hdkj/1500k/tzwj_video.m3u8
邯郸科教,https://jwliveqxzb.hebyun.com.cn/hdkj/hdkj.m3u8
邢台综合,https://jwplay.hebyun.com.cn/live/xttv/1500k/tzwj_video.m3u8?zhebd#https://jwplay.hebyun.com.cn/live/xttv/1500k/tzwj_video.m3u8
邢台综合,http://jwplay.hebyun.com.cn/live/xtsrmtzs/1500k/tzwj_video.m3u8
衡水公共,http://ls.qingting.fm/live/2810.m3u8
滦平新闻,http://jwplay.hebyun.com.cn/live/LPTV001/1500k/tzwj_video.m3u8
河北都市,https://jwplay.hebyun.com.cn/live/hbdstv/1500k/tzwj_video.m3u8#http://tv.pull.hebtv.com/jishi/dushipindao.m3u8?t=2510710360&k=4380da13735a230c080ce8ff404033af
河北都市,http://jwplay.hebyun.com.cn/live/hbnmtv/1500k/tzwj_video.m3u8
河北都市,https://event.pull.hebtv.com/jishi/dushipindao.m3u8
河北都市,https://live.lalifeier.eu.org/hebtv/hbds.m3u8?t=1745774515&key=ce739e0d0528ad5a5e6434e48c963ced
河北都市,rtmp://tv.pull.hebtv.com/jishi/dushipindao?t=2510710360&k=b43f406360a945d199904faf3b6e2c18
河北都市,https://ls.qingting.fm/live/1650/64k.m3u8
浙江民生休闲,https://stream1.freetv.fun/zhe-jiang-min-sheng-5.m3u8
浙江民生休闲,https://stream1.freetv.fun/zhe-jiang-min-sheng-9.m3u8
浙江数码时代,https://ali-m-l.cztv.com/channels/lantian/channel012/1080p.m3u8
中天新闻台,https://t.freetv.fun/live/zhong-tian-xin-wen-1-1.m3u8
中天新闻台,http://173.208.234.146/live/ctinews.m3u8
中天新闻台,https://stream1.freetv.fun/zhong-tian-xin-wen-7.m3u8
中天新闻台,https://stream1.freetv.fun/zhong-tian-xin-wen-4.m3u8
中天新闻台,https://stream1.freetv.fun/zhong-tian-xin-wen-5.m3u8
中天新闻台,https://stream1.freetv.fun/zhong-tian-xin-wen-3.m3u8
中天新闻台,https://stream1.freetv.fun/zhong-tian-xin-wen-2.m3u8
中天新闻台,https://stream1.freetv.fun/zhong-tian-xin-wen-6.ctv
中天新闻台,http://222.128.55.152:9080/live/fc.m3u8
中天新闻台,http://bak.dou.ddns-ip.net/api.php?n=xxxtw&id=jI8pXG&tk=SLK5QjnsRiya
中天新闻台,https://stream1.freetv.fun/zhong-tian-xin-wen-7.ctv
中天新闻台,http://flv3948069e.live.126.net/live/dabadqdszbtest78612.flv
中天新闻台,http://rihou.cc:555/tv/中天新闻
中视,https://t.freetv.fun/live/zhong-shi-3.m3u8
中视,http://74.91.26.218:82/live/ctv.m3u8
中视,https://t.freetv.fun/live/zhong-shi-2.ts
中视,https://t.freetv.fun/live/zhong-shi.ts
中视新闻,https://raw.githubusercontent.com/ChiSheng9/iptv/master/TV09.m3u8
中视新闻,https://t.freetv.fun/live/zhong-shi-xin-wen-1.m3u8
中视新闻,http://74.91.26.218:82/live/ctvnews.m3u8
中视新闻,https://stream1.freetv.fun/zhong-shi-xin-wen-6.m3u8
中视新闻,https://stream1.freetv.fun/zhong-shi-xin-wen-4.m3u8
中视新闻,https://stream1.freetv.fun/zhong-shi-xin-wen-3.m3u8
中视新闻,https://stream1.freetv.fun/zhong-shi-xin-wen-5.ctv
中视新闻,http://bak.dou.ddns-ip.net/api.php?n=xxxtw&id=BPKZgZ&tk=SLK5QjnsRiya
中视新闻,https://t.freetv.fun/live/zhong-shi-xin-wen.ts
中视新闻,http://45.192.97.170:8880/play/1316.m3u8
中视新闻,http://rihou.cc:555/tv/[Hk]中视新闻
中视经典,https://t.freetv.fun/live/zhong-shi-jing-dian-1.m3u8
中视经典,http://74.91.26.218:82/live/ctvjd.m3u8
中视经典,https://stream1.freetv.fun/zhong-shi-jing-dian-3.ctv
中视经典,https://t.freetv.fun/live/zhong-shi-jing-dian.ts
中视经典,https://stream1.freetv.fun/zhong-shi-jing-dian-1.ctv
中视菁采台,https://t.freetv.fun/live/zhong-shi-jing-cai-1.m3u8
中视菁采台,http://74.91.26.218:82/live/ctvjc.m3u8
中视菁采台,https://stream1.freetv.fun/zhong-shi-jing-cai-5.ctv
中视菁采台,https://stream1.freetv.fun/zhong-shi-jing-cai-4.ctv
中视菁采台,https://t.freetv.fun/live/zhong-shi-jing-cai.ts
民视,https://t.freetv.fun/live/min-shi-2.m3u8
民视,http://74.91.26.218:82/live/ftv.m3u8
民视,https://stream1.freetv.fun/min-shi-1.m3u8
民视,https://stream1.freetv.fun/min-shi-6.ctv
浙江数码时代,https://ali-m-l.cztv.com/channels/lantian/channel012/1080p.m3u8\r\n
浙江教科影院,http://ali-m-l.cztv.com/channels/lantian/channel004/1080p.m3u8
河北都市,https://radio.pull.hebtv.com/live/hebnczx.m3u8
河北农民,https://jwplay.hebyun.com.cn/live/hbnmtv/1500k/tzwj_video.m3u8?zhebd#http://hbfc.chinashadt.com:2036/live/1003.stream/playlist.m3u8#http://tv.pull.hebtv.com/jishi/nongminpindao.m3u8?t=2510710360&k=75118c17760542fe4385e93cc4f03d38
河北农民,https://ls.qingting.fm/live/1650/64k.m3u8
河北农民,http://ls.qingting.fm/live/1650.m3u8
河北农民,https://event.pull.hebtv.com/jishi/nongminpindao.m3u8
河北农民,https://live.lalifeier.eu.org/hebtv/hbnm.m3u8?t=1745774515&key=fec9ea387b470ccb0dc8e6e0e5b36bec
河北农民,https://tv.pull.hebtv.com/jishi/nongminpindao.m3u8?t=1963555153&k=322fe32502d1e3695b0bdef5e698635e
河北农民,rtmp://tv.pull.hebtv.com/jishi/nongminpindao?t=2510710360&k=a3c2c0f740a31dc24d48ad098cd1eec3
河北农民,https://jwcdnqx.hebyun.com.cn/live/clzhpd/1500k/tzwj_video.m3u8?zhebd
河北农民,https://radio.pull.hebtv.com/live/hebnczx.m3u8
昌黎综合,https://jwcdnqx.hebyun.com.cn/live/clzhpd/1500k/tzwj_video.m3u8?zhebd
任丘文娱,https://jwcdnqx.hebyun.com.cn/live/rqtv2/1500k/tzwj_video.m3u8
任丘综合,https://jwcdnqx.hebyun.com.cn/live/rqtv1/1500k/tzwj_video.m3u8
任丘综合,http://jwcdnqx.hebyun.com.cn/live/rqtv1/1500k/tzwj_video.m3u8
兴隆综合,https://jwcdnqx.hebyun.com.cn/live/xlzh/1500k/tzwj_video.m3u8
平泉影视,https://jwcdnqx.hebyun.com.cn/live/pqys/1500k/tzwj_video.m3u8
平泉综合,https://jwcdnqx.hebyun.com.cn/live/pqzh/1500k/tzwj_video.m3u8
昌黎,https://jwcdnqx.hebyun.com.cn/live/clzhpd/1500k/tzwj_video.m3u8
清河新闻综合,https://jwcdnqx.hebyun.com.cn/live/qinghe/1500k/tzwj_video.m3u8
浙江教科影视,http://ali-m-l.cztv.com/channels/lantian/channel004/1080p.m3u8
浙江教科影视,http://zwebl02.cztv.com/live/channel041080P.m3u8?auth_key=2524708799-0-0-f195b808217db133bfd648edc01e91fa
民视,http://bak.dou.ddns-ip.net/api.php?n=xxxtw&id=4wNEwP&tk=SLK5QjnsRiya
民视,http://37.27.111.214:8080/live/6/hls.m3u8
民视,https://t.freetv.fun/live/min-shi-1.ts
民视,https://t.freetv.fun/live/min-shi-3.ts
民视,http://45.192.97.170:8880/play/1167.m3u8
民视台湾台,https://t.freetv.fun/live/min-shi-tai-wan-1.m3u8
民视台湾台,http://74.91.26.218:82/live/ftvtw.m3u8
民视台湾台,https://stream1.freetv.fun/min-shi-tai-wan-6.m3u8
民视台湾台,https://stream1.freetv.fun/min-shi-tai-wan-7.ctv
民视台湾台,https://stream1.freetv.fun/min-shi-tai-wan-4.ctv
民视台湾台,https://stream1.freetv.fun/min-shi-tai-wan-5.ctv
民视台湾台,https://stream1.freetv.fun/min-shi-tai-wan-6.ctv
民视台湾台,https://t.freetv.fun/live/min-shi-tai-wan.ts
民视影剧台,http://bak.dou.ddns-ip.net/api.php?n=xxxtw&id=Wkf0va&tk=SLK5QjnsRiya
民视影剧台,http://45.192.97.170:8880/play/1183.m3u8
民视新闻台,http://38.64.72.148/hls/modn/list/4012/playlist.m3u8
民视新闻台,http://38.64.72.148:80/hls/modn/list/4012/chunklist1.m3u8
民视新闻台,http://38.64.72.148/hls/modn/list/4012/chunklist1.m3u8
民视新闻台,http://38.64.72.148:80/hls/modn/list/4012/chunklist0.m3u8
民视新闻台,http://38.64.72.148:80/hls/modn/list/4012/playlist.m3u8
民视新闻台,http://38.64.72.148/hls/modn/list/4012/chunklist0.m3u8
民视新闻台,https://t.freetv.fun/live/min-shi-xin-wen-2.m3u8
民视新闻台,https://t.freetv.fun/live/min-shi-xin-wen-1-1.m3u8
民视新闻台,https://t.freetv.fun/live/min-shi-xin-wen-3.m3u8
民视新闻台,https://raw.githubusercontent.com/ChiSheng9/iptv/master/TV17.m3u8
民视新闻台,http://74.91.26.218:82/live/ftvnews.m3u8
民视新闻台,https://stream1.freetv.fun/min-shi-xin-wen-18.m3u8
民视新闻台,https://stream1.freetv.fun/min-shi-xin-wen-17.ctv
民视新闻台,https://stream1.freetv.fun/min-shi-xin-wen-15.m3u8
民视新闻台,https://stream1.freetv.fun/min-shi-xin-wen-6.m3u8
民视新闻台,https://stream1.freetv.fun/min-shi-xin-wen-7.m3u8
民视新闻台,https://stream1.freetv.fun/min-shi-xin-wen-11.m3u8
民视新闻台,https://stream1.freetv.fun/min-shi-xin-wen-1.m3u8
民视新闻台,https://stream1.freetv.fun/min-shi-xin-wen-2.m3u8
民视新闻台,https://stream1.freetv.fun/min-shi-xin-wen-14.m3u8
民视旅游台,https://stream1.freetv.fun/min-shi-lu-you-2.ctv
民视旅游台,https://stream1.freetv.fun/min-shi-lu-you-1.ctv
民视第一台,https://t.freetv.fun/live/min-shi-di-yi-1.m3u8
浙江教科影视,http://zhfivel02.cztv.com/channel04/1080p.m3u8?auth_key=2524708799-0-0-514823d0816d4af94a9f32bd7614ed67
浙江教科影视,http://ali-m-l.cztv.com/channels/lantian/channel04/1080p.m3u8
清河经济综艺,https://jwcdnqx.hebyun.com.cn/live/qinghe1/1500k/tzwj_video.m3u8
衡山,http://live.hznet.tv:1935/live/live1/500K/tzwj_video.m3u8
安顺新闻,http://hplayer1.juyun.tv/camera/154379194.m3u8
安顺新闻,https://ls.qingting.fm/live/5022203/64k.m3u8
甘肃经济,https://hls.gstv.com.cn/49048r/10iv1j.m3u8
甘肃经济,https://satellitepull.cnr.cn/live/wxgshhzs/playlist.m3u8
甘肃经济,rtsp://180.95.143.19/PLTV/88888910/224/3221225493/10000100000000060000000000102578_0.smil
甘肃经济,rtsp://116.176.26.18/PLTV/88888910/224/3221225493/10000100000000060000000000102578_0.smil
甘肃经济,rtsp://116.176.26.19/PLTV/88888910/224/3221225481/10000100000000060000000000102558_0.smil
甘肃经济,rtsp://60.13.27.115/PLTV/88888910/224/3221225481/10000100000000060000000000102558_0.smil
甘肃经济,rtsp://115.85.232.19/PLTV/88888910/224/3221225493/10000100000000060000000000102578_0.smil
甘肃经济,rtsp://60.13.39.19/PLTV/88888910/224/3221225493/10000100000000060000000000102578_0.smil
甘肃经济,rtsp://60.13.23.179/PLTV/88888910/224/3221225493/10000100000000060000000000102578_0.smil
甘肃经济,rtsp://221.7.61.147/PLTV/88888910/224/3221225493/10000100000000060000000000102578_0.smil
甘肃公共,https://hls.gstv.com.cn/49048r/3t5xyc.m3u8
甘肃都市,https://hls.gstv.com.cn/49048r/l54391.m3u8
甘肃都市,https://satellitepull.cnr.cn/live/wxgsdstb/playlist.m3u8
甘肃都市,rtsp://180.95.143.19/PLTV/88888910/224/3221225492/10000100000000060000000000102577_0.smil
甘肃都市,rtsp://116.176.26.18/PLTV/88888910/224/3221225492/10000100000000060000000000102577_0.smil
甘肃都市,rtsp://116.176.26.19/PLTV/88888910/224/3221225484/10000100000000060000000000102561_0.smil
甘肃都市,rtsp://115.85.232.19/PLTV/88888910/224/3221225484/10000100000000060000000000102561_0.smil
甘肃都市,rtsp://60.13.39.19/PLTV/88888910/224/3221225492/10000100000000060000000000102577_0.smil
甘肃都市,rtsp://60.13.23.179/PLTV/88888910/224/3221225492/10000100000000060000000000102577_0.smil
甘肃都市,rtsp://60.13.39.18/PLTV/88888910/224/3221225484/10000100000000060000000000102561_0.smil
甘肃都市,rtsp://221.7.61.147/PLTV/88888910/224/3221225492/10000100000000060000000000102577_0.smil
嘉峪关综合,rtsp://180.95.143.19/PLTV/88888910/224/3221225607/10000100000000060000000000789667_0.smil
嘉峪关综合,rtsp://116.176.26.18/PLTV/88888910/224/3221225607/10000100000000060000000000789667_0.smil
嘉峪关综合,rtsp://60.13.39.19/PLTV/88888910/224/3221225607/10000100000000060000000000789667_0.smil
嘉峪关综合,rtsp://60.13.23.179/PLTV/88888910/224/3221225607/10000100000000060000000000789667_0.smil
嘉峪关综合,rtsp://221.7.61.147/PLTV/88888910/224/3221225607/10000100000000060000000000789667_0.smil
嘉峪关综合,rtsp://116.176.26.19/PLTV/88888910/224/3221225607/10000100000000060000000000789667_0.smil
嘉峪关综合,rtsp://60.13.39.18/PLTV/88888910/224/3221225607/10000100000000060000000000789667_0.smil
甘南藏语,rtsp://116.176.26.18/PLTV/88888910/224/3221225827/374456774.smil
甘南藏语,rtsp://180.95.143.19/PLTV/88888910/224/3221225827/374456774.smil
甘南藏语,rtsp://60.13.39.19/PLTV/88888910/224/3221225827/374456774.smil
甘南藏语,rtsp://60.13.23.179/PLTV/88888910/224/3221225827/374456774.smil
甘南藏语,rtsp://60.13.39.18/PLTV/88888910/224/3221225827/374456774.smil
甘南藏语,rtsp://221.7.61.147/PLTV/88888910/224/3221225827/374456774.smil
甘南藏语,rtsp://116.176.26.19/PLTV/88888910/224/3221225827/374456774.smil
甘南藏语,rtsp://115.85.232.19/PLTV/88888910/224/3221225827/374456774.smil
甘南藏语,rtsp://115.85.205.19/PLTV/88888910/224/3221225827/374456774.smil
甘肃少儿,https://hls.gstv.com.cn/49048r/922k96.m3u8
甘肃少儿,https://3ee63cd9178a070a2db29f77915c49d4.livehwc3.cn/play.kankanlive.com/live/1702033926169975.m3u8
甘肃少儿,rtsp://180.95.143.19/PLTV/88888910/224/3221225494/10000100000000060000000000102582_0.smil
浙江教科影视,https://ali-m-l.cztv.com/channels/lantian/channel004/1080p.m3u8
浙江教科影视,http://ali-vl.cztv.com/channels/lantian/channel004/360p.m3u8
民视第一台,http://74.91.26.218:82/live/ftvdy.m3u8
民视第一台,https://stream1.freetv.fun/min-shi-di-yi-3.ctv
民视第一台,https://stream1.freetv.fun/min-shi-di-yi-2.ctv
民视第一台,https://stream1.freetv.fun/min-shi-di-yi-1.m3u8
民视第一台,http://bak.dou.ddns-ip.net/api.php?n=xxxtw&id=Dr1xw4&tk=SLK5QjnsRiya
民视第一台,https://t.freetv.fun/live/min-shi-di-yi.ts
民视第一台,https://stream1.freetv.fun/min-shi-di-yi-1.ctv
民视综艺台,https://stream1.freetv.fun/min-shi-zong-yi-2.ctv
民视综艺台,http://bak.dou.ddns-ip.net/api.php?n=xxxtw&id=MjnYUP&tk=SLK5QjnsRiya
民视综艺台,http://45.192.97.170:8880/play/1182.m3u8
民视综艺台,http://45.192.97.170:8880/play/1321.m3u8
公视,https://t.freetv.fun/live/gong-shi-2.m3u8
公视,http://74.91.26.218:82/live/pts.m3u8
公视,https://t.freetv.fun/live/gong-shi.ts
公视,https://t.freetv.fun/live/gong-shi-1.ts
公视台语台,http://74.91.26.218:82/live/ptsty.m3u8
公视台语台,https://t.freetv.fun/live/gong-shi-tai-yu.ts
公视戏剧,https://stream1.freetv.fun/gong-shi-xi-ju-1.ctv
东森新闻台,https://t.freetv.fun/live/dong-sen-xin-wen.m3u8
东森新闻台,https://stream1.freetv.fun/dong-sen-xin-wen-1.m3u8
东森新闻台,https://stream1.freetv.fun/dong-sen-xin-wen-5.ctv
东森新闻台,https://stream1.freetv.fun/dong-sen-xin-wen-6.ctv
东森新闻台,https://stream1.freetv.fun/dong-sen-xin-wen-3.ctv
东森新闻台,https://stream1.freetv.fun/dong-sen-xin-wen-7.ctv
东森新闻台,https://stream1.freetv.fun/dong-sen-xin-wen-3.m3u8
东森新闻台,https://stream1.freetv.fun/dong-sen-xin-wen-2.m3u8
东森新闻台,http://bak.dou.ddns-ip.net/api.php?n=xxxtw&id=Ijw0HC&tk=SLK5QjnsRiya
东森新闻台,https://t.freetv.fun/live/dong-sen-xin-wen-1.ts
东森新闻台,http://rihou.cc:555/tv/东森新闻
东森新闻台,http://45.192.97.170:8880/play/1310.m3u8
东森洋片台,https://live.catvod.com/live.php?id=ettvwestern
东森洋片台,https://stream1.freetv.fun/dong-sen-yang-pian-3.m3u8
东森洋片台,http://rihou.cc:555/tv/东森洋片
东森电影台,https://stream1.freetv.fun/dong-sen-dian-ying-8.ctv
东森电影台,https://stream1.freetv.fun/dong-sen-dian-ying-8.m3u8
东森电影台,https://stream1.freetv.fun/dong-sen-dian-ying-1.m3u8
东森电影台,https://stream1.freetv.fun/dong-sen-dian-ying-5.m3u8
东森电影台,https://stream1.freetv.fun/dong-sen-dian-ying-6.ctv
东森电影台,http://rihou.cc:555/tv/东森电影
浙江公共新闻,http://ali-m-l.cztv.com/channels/lantian/channel07/1080p.m3u8
浙江公共新闻,https://stream1.freetv.fun/zhe-jiang-gong-gong-xin-wen-2.ctv
甘肃少儿,rtsp://116.176.26.18/PLTV/88888910/224/3221225494/10000100000000060000000000102582_0.smil
甘肃少儿,rtsp://116.176.26.19/PLTV/88888910/224/3221225485/10000100000000060000000000102562_0.smil
甘肃少儿,rtsp://115.85.232.19/PLTV/88888910/224/3221225494/10000100000000060000000000102582_0.smil
甘肃少儿,rtsp://60.13.23.179/PLTV/88888910/224/3221225494/10000100000000060000000000102582_0.smil
甘肃少儿,rtsp://221.7.61.147/PLTV/88888910/224/3221225494/10000100000000060000000000102582_0.smil
甘肃少儿,rtsp://60.13.39.18/PLTV/88888910/224/3221225485/10000100000000060000000000102562_0.smil
甘肃少儿,rtsp://60.13.27.115/PLTV/88888910/224/3221225485/10000100000000060000000000102562_0.smil
酒泉综合,https://3ee63cd9178a070a2db29f77915c49d4.livehwc3.cn/play.kankanlive.com/live/1702033926169975.m3u8
兵团五师双河新闻综合,http://liveout.btzx.com.cn/62ds9e/4nxdih.m3u8?fbl=
兵团五师双河新闻综合,https://liveout.btzx.com.cn/62ds9e/4nxdih.m3u8?zxinjd
奎屯哈萨克语,http://218.84.12.186:8002/hls/main/playlist.m3u8?zxinjd
玛纳斯综合,http://218.84.127.245:1026/hls/main1/playlist.m3u8?zxinjd,
可克达拉综合,http://file.loulannews.cn/nmip-media/channellive/channel103824/playlist.m3u8
奎屯汉语综合,http://218.84.12.186:8001/hls/main/playlist.m3u8?zxinjd;http://218.84.12.186:8001/hls/main/playlist.m3u8zxinjd
巴音郭楞州,http://218.84.12.186:8002/hls/main/playlist.m3u8
石河子教育,rtmp://124.88.144.73:1935/live/jiaoyu
石河子新闻综合,rtmp://124.88.144.73:1935/live/xwzh
山东少儿,http://livealone302.iqilu.com/iqilu/sepd.m3u8
山东新闻,http://ls.qingting.fm/live/60180.m3u8
东森财经新闻台,https://raw.githubusercontent.com/ChiSheng9/iptv/master/TV03.m3u8
东森财经新闻台,https://stream1.freetv.fun/dong-sen-cai-jing-xin-wen-3.ctv
东森财经新闻台,http://45.192.97.170:8880/play/1315.m3u8
东森超视,http://38.64.72.148:80/hls/modn/list/2013/chunklist1.m3u8
东森超视,http://38.64.72.148:80/hls/modn/list/2013/chunklist0.m3u8
东森超视,https://stream1.freetv.fun/dong-sen-chao-shi-4.m3u8
东森超视,https://stream1.freetv.fun/dong-sen-chao-shi-6.m3u8
东森超视,https://stream1.freetv.fun/dong-sen-chao-shi-7.ctv
东森超视,https://stream1.freetv.fun/dong-sen-chao-shi-9.m3u8
东森超视,https://stream1.freetv.fun/dong-sen-chao-shi-2.ctv
东森超视,https://stream1.freetv.fun/dong-sen-chao-shi-8.ctv
东森超视,https://stream1.freetv.fun/dong-sen-chao-shi-2.m3u8
东森超视,https://stream1.freetv.fun/dong-sen-chao-shi-8.m3u8
东森超视,https://stream1.freetv.fun/dong-sen-chao-shi-6.ctv
东森超视,http://38.64.72.148:80/hls/modn/list/2013/chunklist0.m3u8#rtmp://f13h.mine.nu/sat/tv331
华视,https://raw.githubusercontent.com/ChiSheng9/iptv/master/TV12.m3u8
华视,https://t.freetv.fun/live/hua-shi-3.m3u8
华视,http://74.91.26.218:82/live/cts.m3u8
华视,https://t.freetv.fun/live/hua-shi-1-1.ts
华视,https://t.freetv.fun/live/hua-shi-2.ts
华视新闻,https://t.freetv.fun/live/hua-shi-xin-wen.m3u8
华视新闻,https://t.freetv.fun/live/hua-shi-xin-wen-1.m3u8
华视新闻,https://stream1.freetv.fun/hua-shi-2.m3u8
华视新闻,https://stream1.freetv.fun/hua-shi-xin-wen-4.m3u8
华视新闻,http://bak.dou.ddns-ip.net/api.php?n=xxxtw&id=3pLPQH&tk=SLK5QjnsRiya
华视新闻,http://37.27.111.214:8080/live/8/hls.m3u8
华视新闻,http://45.192.97.170:8880/play/1311.m3u8
纬来体育台,https://stream1.freetv.fun/wei-lai-ti-yu-9.ctv
纬来体育台,https://stream1.freetv.fun/wei-lai-ti-yu-3.m3u8
纬来体育台,http://8.138.7.223/【公众号：榴芒电视】/wlty.m3u8
纬来体育台,http://dassby.qqff.top:99/live/辽宁体育/index.m3u8
浙江公共新闻,https://stream1.freetv.fun/zhe-jiang-gong-gong-xin-wen-1.ctv
浙江公共新闻,https://stream1.freetv.fun/zhe-jiang-gong-gong-xin-wen-1.m3u8
山东新闻,http://livealone302.iqilu.com/iqilu/ggpd.m3u8
山东教育,http://z.b.bkpcp.top/m.php?id=sdjy
山东教育,http://goo.bkpcp.top/mg/sdjy
山东教育,http://tv.scjyhd.com:4022/udp/239.11.0.140:5140
山东教育,http://iptv.huuc.edu.cn/hls/sdetv.m3u8
山东教育,http://rrs01.hw.gmcc.net:8088/PLTV/81/224/3221226701/1.m3u8
山东教育,http://gslbmgsplive.miguvideo.com/migu/kailu/sdjyws/51/20250915/index.m3u8?msisdn=20250927080126244a72fa1b554182ae03568fff35bca7&mdspid=&spid=600697&netType=0&sid=5910022199&pid=2028597139&timestamp=20250927080126&Channel_ID=0116_2600000900-99000-201600010010027&ProgramID=609154353&ParentNodeID=-99&assertID=5910022199&client_ip=106.13.250.83&SecurityKey=20250927080126&promotionId=&mvid=2200208305&mcid=500020&playurlVersion=WX-A1-8.9.2-RELEASE&userid=&jmhm=&videocodec=h264&bean=mgspad&tid=android&conFee=0&puData=41ee1554c91427e91ee78ce8b64f7a33&ddCalcu=3431eae27e9f104565b48ce9c18472e7ee19
山东教育,https://test1.live.sdetv.com.cn/live/dianshizhibo/playlist.m3u8
山东教育,rtsp://118.212.169.207:554/PLTV/88888888/224/3221227291/10000100000000060000000001945822_0.smil
山东教育,rtsp://115.153.245.70/PLTV/88888888/224/3221226980/85722602.smil
山东教育,rtsp://115.153.254.81/PLTV/88888888/224/3221226980/85722602.smil
山东居家购物,http://livealone302.iqilu.com/iqilu/gwpd.m3u8
山东农科,http://livealone302.iqilu.com/iqilu/nkpd.m3u8
山东齐鲁,http://livealone302.iqilu.com/iqilu/qlpd.m3u8
山东生活,http://livealone302.iqilu.com/iqilu/shpd.m3u8
山东生活,http://ls.qingting.fm/live/60260.m3u8
山东体育,http://livealone302.iqilu.com/iqilu/typd.m3u8
山东体育,https://satellitepull.cnr.cn/live/wxsdtyxxgb/playlist.m3u8
山东文旅,http://58.57.40.22:9901/tsfile/live/1023_1.m3u8
山东综艺,http://livealone302.iqilu.com/iqilu/zypd.m3u8
济南新闻综合,https://lives.jnnews.tv/video/s10001-JNTV3/index.m3u8
青州综合,http://m3u8-channel.lytv.tv/nmip-media/channellive/channel113571/playlist.m3u8
浙江公共新闻,https://t.freetv.fun/live/zhe-jiang-gong-gong-xin-wen-1.m3u8
浙江休闲台,http://ali-m-l.cztv.com/channels/lantian/channel006/720p.m3u8
纬来体育台,http://zb.xmzb.xyz/123.php?id=⚽马上oppppp一纬来体育
纬来电影台,http://free.cnlive.club/channel/581b458b.m3u8
纬来电影台,https://stream1.freetv.fun/wei-lai-dian-ying-1.m3u8
纬来电影台,https://stream1.freetv.fun/wei-lai-dian-ying-3.m3u8
纬来电影台,https://smt.iktv.ddns-ip.net/Smart.php?id=videolandmovie
纬来电影台,http://rihou.cc:555/tv/纬来电影
纬来精彩台,https://t.freetv.fun/live/wei-lai-jing-cai.m3u8
纬来精彩台,http://61.221.215.25:8800/hls/48/index.m3u8
纬来育乐台,https://live.catvod.com/live.php?id=videolandmax
纬来育乐台,https://live.catvod.com/live.php?id=videolandyule
靖天戏剧台,http://breezy-audrie-zspace-7524863c.koyeb.app/vipsir?token=leifeng&id=4gtv-4gtv058
靖天戏剧台,https://stream1.freetv.fun/jing-tian-xi-ju-4.ctv
靖天戏剧台,https://tmxk.pp.ua/litv.php?token=tmxk&id=4gtv-4gtv058
靖天戏剧台,http://serv00.bkpcp.top/litv3.php?id=4gtv-4gtv058
靖天映画,http://breezy-audrie-zspace-7524863c.koyeb.app/vipsir?token=leifeng&id=4gtv-4gtv055
靖天电影台,https://aktv.top/AKTV/live/aktv/null6/AKTV.m3u8
靖天资讯台,https://stream1.freetv.fun/jing-tian-zi-xun-2.ctv
靖天资讯台,http://breezy-audrie-zspace-7524863c.koyeb.app/vipsir?token=leifeng&id=4gtv-4gtv065
靖天资讯台,https://tmxk.pp.ua/litv.php?token=tmxk&id=4gtv-4gtv065
龙华偶像,http://cdn8.163189.xyz/163189/lhox
龙华偶像,https://cdn8.163189.xyz/live/lhox/stream.m3u8
龙华戏剧,http://cdn8.163189.xyz/163189/lhxj
龙华戏剧,https://cdn8.163189.xyz/live/lhxj/stream.m3u8
龙华洋片,http://cdn8.163189.xyz/163189/lhyp
龙华洋片,https://cdn8.163189.xyz/live/lhyp/stream.m3u8
龙华洋片,http://bak.dou.ddns-ip.net/api.php?n=xxxtw&id=P4JMrn&tk=SLK5QjnsRiya
龙华电影,https://stream1.freetv.fun/1178a02eb676ee58293691fdc19fed767b2dc61d866c1fee41447a8503ec0253.m3u8
龙华电影,http://cdn8.163189.xyz/163189/lhdy
龙华电影,https://cdn8.163189.xyz/live/lhdy/stream.m3u8
龙华电影,http://bak.dou.ddns-ip.net/api.php?n=xxxtw&id=ZcFnhW&tk=SLK5QjnsRiya
龙华电影,http://37.27.111.214:8080/live/19/hls.m3u8
龙华经典,https://cdn8.163189.xyz/live/lhjd/stream.m3u8
龙华经典,http://cdn8.163189.xyz/163189/lhjd
龙祥时代,http://bak.dou.ddns-ip.net/api.php?n=xxxtw&id=4Vqzbo&tk=SLK5QjnsRiya
台视,https://t.freetv.fun/live/tai-shi-2.m3u8
台视,http://74.91.26.218:82/live/ttv.m3u8
台视,https://t.freetv.fun/live/tai-shi.ts
台视,https://t.freetv.fun/live/tai-shi-1-1.ts
台视新闻台,https://t.freetv.fun/live/tai-shi-xin-wen.m3u8
台视新闻台,https://t.freetv.fun/live/tai-shi-xin-wen-3.m3u8
台视新闻台,https://t.freetv.fun/live/tai-shi-xin-wen-2.m3u8
台视新闻台,https://t.freetv.fun/live/tai-shi-xin-wen-1.ts
台视财经台,https://t.freetv.fun/live/tai-shi-cai-jing-1.m3u8
台视财经台,https://t.freetv.fun/live/tai-shi-cai-jing.ts
HBO,https://t.freetv.fun/live/hbo-b.m3u8
CHC动作电影,https://stream1.freetv.fun/413df533cc2d866bacdc87729814e66f4cf836c13b12ed783b54345fd012c6c8.m3u8
CHC动作电影,https://t.freetv.fun/live/chcdong-zuo-dian-ying-4.m3u8
CHC动作电影,http://38.75.136.137:98/gslb/dsdqpub/chcdz.m3u8?auth=testpub
CHC动作电影,https://iptv.catvod.com/migu?id=644368714&token=43e5faaf20aaaadfd9836d1019229671
CHC动作电影,https://iptv.catvod.com/migu?id=644368714&token=216543e4f42fa6b6dcdd84baffea6d48
CHC动作电影,http://192.151.150.154/live/chcdz.m3u8
CHC动作电影,http://198.204.228.26/live/chcdz.m3u8
青州综合,rtmp://sdqz.chinashadt.com:2036/live/stream:1.stream
济宁公共,https://lives.jnnews.tv/video/s10001-JNTV3/index.m3u8
浙江遂昌,http://l.cztvcloud.com/channels/lantian/SXsuichang1/720p.m3u8
诸暨新闻综合,https://l.cztvcloud.com/channels/lantian/SXzhuji3/720p.m3u8
诸暨新闻综合,http://l.cztvcloud.com/channels/lantian/SXzhuji3/720p.m3u8?zzhed
龙游生活娱乐,https://l.cztvcloud.com/channels/lantian/SXlongyou2/720p.m3u8
龙游生活娱乐,http://l.cztvcloud.com/channels/lantian/SXlongyou2/720p.m3u8
龙游新闻综合,https://l.cztvcloud.com/channels/lantian/SXlongyou1/720p.m3u8
龙游新闻综合,http://l.cztvcloud.com/channels/lantian/SXlongyou1/720p.m3u8?zzhed
龙泉新闻综合,http://l.cztvcloud.com/channels/lantian/SXlongquan1/720p.m3u8
青田电视台,http://l.cztvcloud.com/channels/lantian/SXqingtian1/720p.m3u8
遂昌综合,http://l.cztvcloud.com/channels/lantian/SXsuichang1/720p.m3u8?zzhed
遂昌新闻综合,http://l.cztvcloud.com/channels/lantian/SXsuichang1/720p.m3u8
象山综合,http://play-sh13.quklive.com/live/1702360350551252.m3u8?auth_key=2037107484-800189c57a5a44d3b823b60cf84f6756-0-a6f6828a62d5c167cff5e68735fa0d39
衢江新闻综合,http://l.cztvcloud.com/channels/lantian/SXqujiang1/720p.m3u8?zzhed
衢江新闻综合,https://stream1.freetv.fun/qu-jiang-xin-wen-zong-he-2.m3u8
衢江新闻综合,https://stream1.freetv.fun/qu-jiang-xin-wen-zong-he-3.m3u8
衢江新闻综合,https://stream1.freetv.fun/qu-jiang-xin-wen-zong-he-1.m3u8
衢江新闻综合,https://stream1.freetv.fun/qu-jiang-xin-wen-zong-he-1.ctv
衢江新闻综合,https://t.freetv.fun/live/qu-jiang-xin-wen-zong-he.m3u8
萧山生活,https://l.cztvcloud.com/channels/lantian/SXxiaoshan2/720p.m3u8
萧山生活,http://l.cztvcloud.com/channels/lantian/SXxiaoshan2/720p.m3u8?zzhed
萧山新闻综合,https://l.cztvcloud.com/channels/lantian/SXxiaoshan1/720p.m3u8
萧山新闻综合,https://stream1.freetv.fun/xiao-shan-xin-wen-zong-he-2.m3u8
萧山新闻综合,https://stream1.freetv.fun/xiao-shan-xin-wen-zong-he-9.m3u8
萧山新闻综合,http://l.cztvcloud.com/channels/lantian/SXxiaoshan1/720p.m3u8?zzhed
萧山新闻综合,https://stream1.freetv.fun/xiao-shan-xin-wen-zong-he-3.m3u8
萧山新闻综合,https://stream1.freetv.fun/xiao-shan-xin-wen-zong-he-6.m3u8
萧山新闻综合,https://stream1.freetv.fun/xiao-shan-xin-wen-zong-he-8.m3u8
萧山新闻综合,https://stream1.freetv.fun/xiao-shan-xin-wen-zong-he-1.m3u8
济宁公共,http://lives.jnnews.tv/video/s10001-JNTV3/index.m3u8?shandd
济宁图文,http://lives.jnnews.tv/video/s10001-JNTV4/index.m3u8?shandd
CHC动作电影,http://107.150.60.122/live/chcdz.m3u8
CHC动作电影,https://stream1.freetv.fun/ipv6-chcdong-zuo-dian-ying-19.m3u8
CHC动作电影,https://stream1.freetv.fun/ipv6-chcdong-zuo-dian-ying-20.m3u8
CHC动作电影,https://stream1.freetv.fun/chcdong-zuo-dian-ying-28.ctv
CHC动作电影,https://stream1.freetv.fun/chcdong-zuo-dian-ying-25.ctv
CHC动作电影,https://stream1.freetv.fun/chcdong-zuo-dian-ying-13.m3u8
CHC动作电影,https://stream1.freetv.fun/chcdong-zuo-dian-ying-29.m3u8
CHC动作电影,https://stream1.freetv.fun/chcdong-zuo-dian-ying-2.m3u8
CHC动作电影,https://stream1.freetv.fun/chcdong-zuo-dian-ying-8.m3u8
CHC动作电影,https://stream1.freetv.fun/chcdong-zuo-dian-ying-8.ctv
CHC动作电影,https://stream1.freetv.fun/chcdong-zuo-dian-ying-14.m3u8
CHC动作电影,https://stream1.freetv.fun/chcdong-zuo-dian-ying-5.ctv
CHC动作电影,https://stream1.freetv.fun/chcdong-zuo-dian-ying-30.m3u8
CHC家庭影院,https://t.freetv.fun/live/chcjia-ting-ying-yuan-3.m3u8
CHC家庭影院,https://stream1.freetv.fun/183c4742ee6f00b5553a0796a85f2cd8923f2792809b3028d386bc9f46a62878.m3u8
CHC家庭影院,http://38.75.136.137:98/gslb/dsdqpub/chcjt.m3u8?auth=testpub
CHC家庭影院,https://iptv.catvod.com/migu?id=644368373&token=8fa98c18d01cd78b01befc0bb174155f
CHC家庭影院,https://iptv.catvod.com/migu?id=644368373&token=65180337cd6ef02e59b8176f8c932664
CHC家庭影院,http://198.204.228.26/live/chcjt.m3u8
CHC家庭影院,http://107.150.60.122/live/chcjt.m3u8
济宁教育,http://lives.jnnews.tv/video/s10001-JNTV-2/index.m3u8?shandd
济宁新闻综合,http://lives.jnnews.tv/video/s10001-JNTV-1/index.m3u8
萧山新闻综合,https://stream1.freetv.fun/xiao-shan-xin-wen-zong-he-4.m3u8
萧山新闻综合,https://stream1.freetv.fun/xiao-shan-xin-wen-zong-he-7.m3u8
苍南新闻综合,https://l.cztvcloud.com/channels/lantian/SXcangnan1/720p.m3u8
苍南新闻综合,https://stream1.freetv.fun/cang-nan-xin-wen-zong-he-1.m3u8
苍南新闻综合,https://stream1.freetv.fun/cang-nan-xin-wen-zong-he-3.m3u8
苍南新闻综合,https://stream1.freetv.fun/cang-nan-xin-wen-zong-he-5.m3u8
苍南新闻综合,https://stream1.freetv.fun/cang-nan-xin-wen-zong-he-4.ctv
苍南新闻综合,http://l.cztvcloud.com/channels/lantian/SXcangnan1/720p.m3u8?zzhed
苍南新闻综合,https://t.freetv.fun/live/cang-nan-xin-wen-zong-he-1.m3u8
苍南新闻综合,https://t.freetv.fun/live/cang-nan-xin-wen-zong-he-2.m3u8
苍南新闻综合,https://t.freetv.fun/live/cang-nan-xin-wen-zong-he.m3u8
缙云综合,http://l.cztvcloud.com/channels/lantian/SXjinyun1/720p.m3u8?zzhed
缙云新闻综合,http://l.cztvcloud.com/channels/lantian/SXjinyun1/720p.m3u8
绍兴电视台公共,http://live.shaoxing.com.cn/video/s10001-sxtv2/index.m3u8?%E5%85%B3%E6%B3%A8%E5%BE%AE%E4%BF%A1%E5%85%AC%E4%BC%97%E5%8F%B7[%E6%99%B4%E5%9B%AD]
绍兴新闻综合,https://stream1.freetv.fun/shao-xing-xin-wen-zong-he-4.m3u8
绍兴新闻综合,https://stream1.freetv.fun/shao-xing-xin-wen-zong-he-3.m3u8
绍兴新闻综合,https://stream1.freetv.fun/shao-xing-xin-wen-zong-he-2.m3u8
绍兴新闻综合,https://t.freetv.fun/live/shao-xing-xin-wen-zong-he-2.m3u8
绍兴新闻综合,https://t.freetv.fun/live/shao-xing-xin-wen-zong-he-3-1.m3u8
绍兴新闻综合,https://t.freetv.fun/live/shao-xing-xin-wen-zong-he-3.m3u8
绍兴文化影院,https://stream1.freetv.fun/shao-xing-wen-hua-ying-yuan-2.m3u8
绍兴文化影院,https://stream1.freetv.fun/shao-xing-wen-hua-ying-yuan-4.m3u8
绍兴文化影院,https://stream1.freetv.fun/shao-xing-wen-hua-ying-yuan-1.m3u8
绍兴文化影院,https://stream1.freetv.fun/shao-xing-wen-hua-ying-yuan-3.m3u8
绍兴文化影院,https://t.freetv.fun/live/shao-xing-wen-hua-ying-yuan-2.m3u8
绍兴文化影视,https://stream1.freetv.fun/shao-xing-wen-hua-ying-shi-1.m3u8
绍兴文化影视,https://t.freetv.fun/live/shao-xing-wen-hua-ying-shi-1.m3u8
绍兴公共,https://stream1.freetv.fun/shao-xing-gong-gong-2.m3u8
绍兴公共,https://stream1.freetv.fun/shao-xing-gong-gong-7.m3u8
绍兴公共,https://stream1.freetv.fun/shao-xing-gong-gong-1.m3u8
绍兴公共,https://stream1.freetv.fun/shao-xing-gong-gong-3.m3u8
绍兴公共,https://stream1.freetv.fun/shao-xing-gong-gong-8.m3u8
绍兴公共,https://t.freetv.fun/live/shao-xing-gong-gong-1-1.m3u8
CHC家庭影院,http://192.151.150.154/live/chcjt.m3u8
CHC家庭影院,https://stream1.freetv.fun/chcjia-ting-ying-yuan-19.ctv
CHC家庭影院,https://stream1.freetv.fun/chcjia-ting-ying-yuan-2.m3u8
CHC家庭影院,https://stream1.freetv.fun/chcjia-ting-ying-yuan-20.m3u8
CHC家庭影院,https://stream1.freetv.fun/chcjia-ting-ying-yuan-3.m3u8
CHC家庭影院,https://stream1.freetv.fun/chcjia-ting-ying-yuan-17.ctv
CHC家庭影院,https://stream1.freetv.fun/chcjia-ting-ying-yuan-4.m3u8
CHC家庭影院,https://stream1.freetv.fun/chcjia-ting-ying-yuan-11.ctv
CHC家庭影院,https://stream1.freetv.fun/ipv6-chcjia-ting-ying-yuan-2.m3u8
CHC家庭影院,https://stream1.freetv.fun/chcjia-ting-ying-yuan-7.m3u8
CHC家庭影院,https://stream1.freetv.fun/chcjia-ting-ying-yuan-18.ctv
CHC家庭影院,https://stream1.freetv.fun/chc-jia-ting-ying-yuan-1.ctv
CHC家庭影院,https://stream1.freetv.fun/chcjia-ting-ying-yuan-16.ctv
CHC影迷电影,https://t.freetv.fun/live/chcying-mi-dian-ying-8.m3u8
CHC影迷电影,https://t.freetv.fun/live/chcying-mi-dian-ying-5.m3u8
CHC影迷电影,https://t.freetv.fun/live/chcying-mi-dian-ying-1.m3u8
CHC影迷电影,http://38.75.136.137:98/gslb/dsdqpub/chchd.m3u8?auth=testpub
CHC影迷电影,https://iptv.catvod.com/migu?id=952383261&token=9d1898b92671a98dc6911594594395f4
CHC影迷电影,http://192.151.150.154/live/chchd.m3u8
济宁综合,https://lives.jnnews.tv/video/s10001-JNTV-1/index.m3u8
济宁综合,http://lives.jnnews.tv/video/s10001-JNTV-1/index.m3u8?shandd
绍兴公共,https://t.freetv.fun/live/shao-xing-gong-gong-2.m3u8
绍兴公共,https://t.freetv.fun/live/shao-xing-gong-gong-pin-dao-1.m3u8
绍兴公共,https://t.freetv.fun/live/shao-xing-gong-gong-pin-dao-2.m3u8
海宁新闻综合,https://p2hs.vzan.com/slowlive/317913155078575177/live.m3u8?zbid=293304&tpid=1708007815
海宁新闻综合,http://p2hs.vzan.com/slowlive/317913155078575177/live.m3u8
海宁新闻综合,https://p2hs.vzan.com/slowlive/317913155078575177/live.m3u8
洞头综合,http://l.cztvcloud.com/channels/lantian/SXdongtou1/720p.m3u8
永嘉新闻综合,http://l.cztvcloud.com/channels/lantian/SXyongjia1/720p.m3u8
永嘉新闻综合,https://stream1.freetv.fun/yong-jia-xin-wen-zong-he-3.ctv
永嘉新闻综合,https://stream1.freetv.fun/yong-jia-xin-wen-zong-he-4.m3u8
永嘉新闻综合,https://stream1.freetv.fun/yong-jia-xin-wen-zong-he-2.m3u8
永嘉新闻综合,https://t.freetv.fun/live/yong-jia-xin-wen-zong-he-1.m3u8
永嘉新闻综合,https://t.freetv.fun/live/yong-jia-xin-wen-zong-he.m3u8
武义新闻综合,https://stream1.freetv.fun/wu-yi-xin-wen-zong-he-1.m3u8
武义新闻综合,https://stream1.freetv.fun/wu-yi-xin-wen-zong-he-3.m3u8
武义新闻综合,http://l.cztvcloud.com/channels/lantian/SXwuyi1/720p.m3u8
松阳综合,http://l.cztvcloud.com/channels/lantian/SXsongyang1/720p.m3u8?fbl=
松阳新闻综合,http://l.cztvcloud.com/channels/lantian/SXsongyang1/720p.m3u8?fbl=
普陀电视台,http://l.cztvcloud.com/channels/lantian/SXputuo1/720p.m3u8?zzhed#http://l.cztvcloud.com/channels/lantian/SXputuo1/720p.m3u8
普陀电视台,https://l.cztvcloud.com/channels/lantian/SXputuo1/720p.m3u8
普陀新闻综合,http://l.cztvcloud.com/channels/lantian/SXputuo1/720p.m3u8
新昌生活,http://l.cztvcloud.com/channels/lantian/SXxinchang2/720p.m3u8
新昌新闻综合,https://l.cztvcloud.com/channels/lantian/SXxinchang1/720p.m3u8
新昌新闻综合,http://l.cztvcloud.com/channels/lantian/SXxinchang1/720p.m3u8
新昌新闻综合,https://stream1.freetv.fun/xin-chang-xin-wen-zong-he-6.ctv
新昌新闻综合,https://stream1.freetv.fun/xin-chang-xin-wen-zong-he-5.ctv
新昌新闻综合,https://stream1.freetv.fun/xin-chang-xin-wen-zong-he-4.m3u8
CHC影迷电影,https://stream1.freetv.fun/chcgao-qing-dian-ying-5.m3u8
东营综合,https://m3u8-channel.lytv.tv/nmip-media/channellive/channel113571/playlist.m3u8
东营综合,rtmp://stream.hhek.cn:9936/live/xwzh_sd?shandd
中华美食,http://nas.hssvm.com:8888/udp/225.1.1.218:5002
临沂公共,http://m3u8-channel.lytv.tv/nmip-media/channellive/channel113571/playlist.m3u8
临沂公共,https://m3u8-channel.lytv.tv/nmip-media/channellive/channel113571/playlist.m3u8
临沂农科,https://m3u8-channel.lytv.tv/nmip-media/channellive/channel115062/playlist.m3u8
临沂新闻综合,https://m3u8-channel.lytv.tv/nmip-media/channellive/channel111841/playlist.m3u8
日照公共,http://live.rzw.com.cn/kzpd/sd/live.m3u8?shandd
日照新闻综合,http://live.rzw.com.cn/xwzh/sd/live.m3u8?shandd
日照科教,http://live.rzw.com.cn/ggpd/sd/live.m3u8?shandd
菏泽一套新闻综合,http://live.hznet.tv:1935/live/live1/500K/tzwj_video.m3u8
菏泽三套影视,http://live.hznet.tv:1935/live/live3/500K/tzwj_video.m3u8
新昌新闻综合,https://t.freetv.fun/live/xin-chang-xin-wen-zong-he.m3u8
文成综合,http://l.cztvcloud.com/channels/lantian/SXwencheng1/720p.m3u8
CHC影迷电影,https://stream1.freetv.fun/chcying-mi-dian-ying-12.m3u8
CHC影迷电影,http://63.141.230.178:82/gslb/zbdq5.m3u8?id=chchd
CHC影迷电影,https://stream1.freetv.fun/ipv6-chcying-mi-dian-ying-5.m3u8
CHC影迷电影,https://stream1.freetv.fun/chcying-mi-dian-ying-4.m3u8
CHC影迷电影,http://8.135.27.147:1234/952383261
CHC影迷电影,https://stream1.freetv.fun/chcying-mi-dian-ying-3.m3u8
CHC影迷电影,https://stream1.freetv.fun/chcying-mi-dian-ying-13.m3u8
CHC影迷电影,https://stream1.freetv.fun/chcying-mi-dian-ying-12.ctv
CHC影迷电影,https://stream1.freetv.fun/chcying-mi-dian-ying-8.m3u8
CHC影迷电影,http://27.12.12.107:1234/952383261
CHC影迷电影,https://stream1.freetv.fun/ipv6-chcying-mi-dian-ying-10.m3u8
CHC影迷电影,https://stream1.freetv.fun/chcying-mi-dian-ying-9.ctv
CHC影迷电影,https://stream1.freetv.fun/chcying-mi-dian-ying-15.ctv
amc电影台,http://61.221.215.25:8800/hls/43/index.m3u8
美亚电影,https://t.freetv.fun/live/mei-ya-dian-ying-2.m3u8
美亚电影,https://t.freetv.fun/live/mei-ya-dian-ying.m3u8
菏泽影,http://live.hznet.tv:1935/live/live3/500K/tzwj_video.m3u8?shandd
菏泽新闻综合,http://live.hznet.tv:1935/live/live1/500K/tzwj_video.m3u8?shandd
菏泽经济生活,http://live.hznet.tv:1935/live/live2/500K/tzwj_video.m3u8?shandd
万荣综合,http://60.222.246.220:19433/hls1.m3u8
五台综合,https://568slnjf.live.sxmty.com/live/hls/90c8b2efeb164cc0a6c2409eed668d6b/f77cbb89ec57435b9ba4c47589c16e4f-1.m3u8?zshanxd&amp;quot;
古县综合,https://l2fpdktp.live.sxmty.com/live/hls/e4c3b363cc4549788e2d983f403e07db/d99ce1eb686e41b9afc888110bd95aa7.m3u8?zshanxd
太谷新闻综合,http://p2.vzan.com/slowlive/596867413819827251/live.m3u8
定襄综合,http://lbyzztfe.live.sxmty.com/live/hls/645ff4c60e0a49f0a203abbd73dd8be9/0720e665f10f48e98c9639f4f492fb4a-1.m3u8?zshanxd
山西影视,https://live.lalifeier.eu.org/sxrtv/sxys.m3u8?t=1745796321&key=0721c661fb4b291613b070d85d8af084
山西文体生活,https://live.lalifeier.eu.org/sxrtv/sxwtsh.m3u8?t=1745796321&key=5d07585f428e3bbbe66ef7a534c8db1e
山西社会与法治,https://live.lalifeier.eu.org/sxrtv/sxshfz.m3u8?t=1745796321&key=71bbd0d7dc1eb84139ebea659e164651
山西经济,https://live.lalifeier.eu.org/sxrtv/sxjj.m3u8?t=1745796321&key=f20ee9d210e6bb63a4a7d65e67bdec2b
平遥新闻综合,https://tntgjhjb.live.sxmty.com/live/hls/3a4585ac11ec4e1bb07b419101b370c3/baf63e2b313440c2a25d7859f9b73b05-1.m3u8?zshanxd
怀仁综合,http://1yp7hc5p.live.sxmty.com/live/hls/bff8529922344209985b6e49baa9555a/efa2543628fc4a7ea93d3d6c975f77dc.m3u8?zshanxd,
怀仁综合,https://1yp7hc5p.live.sxmty.com/live/hls/bff8529922344209985b6e49baa9555a/efa2543628fc4a7ea93d3d6c975f77dc-1.m3u8
武乡新闻综合,http://uzoiczhh.live.sxmty.com/live/hls/0d41f1480c4042d49927858f01fde707/53130407737b417b9a6259b57246bae3.m3u8?zshanxd#http://60.220.198.84:81/0.m3u8
汾西综合,https://qmmqvzoz.live.sxmty.com/live/hls/f24f8a390c084386a564074c9260100c/be3fdf07606145739ab2c4b80fe0136a.m3u8?zshanxd
文成新闻综合,http://l.cztvcloud.com/channels/lantian/SXwencheng1/720p.m3u8
数码时代,https://ali-m-l.cztv.com/channels/lantian/channel012/1080p.m3u8
美亚电影,http://173.208.234.146/live/mymovie.m3u8
美亚电影,https://stream1.freetv.fun/mei-ya-dian-ying-2.m3u8
美亚电影,https://stream1.freetv.fun/mei-ya-dian-ying-5.ctv
美亚电影,http://bak.dou.ddns-ip.net/api.php?n=xxxtw&id=R0cwuO&tk=SLK5QjnsRiya
美亚电影,https://stream1.freetv.fun/mei-ya-dian-ying-2.ctv
美亚电影,http://zjrtv.vip/live/?tbs=mydy
淘电影,https://stream1.freetv.fun/tao-dian-ying-7.ctv
淘电影,https://stream1.freetv.fun/tao-dian-ying-3.ctv
淘电影,https://stream1.freetv.fun/tao-dian-ying-8.ctv
淘电影,https://stream1.freetv.fun/tao-dian-ying-6.ctv
淘电影,https://stream1.freetv.fun/tao-dian-ying-10.ctv
淘电影,https://stream1.freetv.fun/tao-dian-ying-4.m3u8
淘电影,https://stream1.freetv.fun/tao-dian-ying-2.m3u8
淘电影,https://stream1.freetv.fun/tao-dian-ying-11.ctv
淘电影,https://stream1.freetv.fun/tao-dian-ying-2.ctv
淘电影,http://kkk.888.3116598.xyz/api.php?n=tttt&id=3zGbfB&tk=FgM0vQMejxvG
淘电影,https://stream1.freetv.fun/ipv6-tao-dian-ying-5.m3u8
淘电影,https://stream1.freetv.fun/tao-dian-ying-9.ctv
淘电影,https://stream1.freetv.fun/tao-dian-ying-1.ctv
淘电影,https://stream1.freetv.fun/tao-dian-ying-17.ctv
祁县新闻综合,http://ggpagerl.live.sxmty.com/live/hls/b350dc1ac5da45c2b2233f6eb122ddf4/49d3766c7f204685a2a8f027b234c33d.m3u8?zshanxd
开化新闻综合,http://l.cztvcloud.com/channels/lantian/SXkaihua1/720p.m3u8?zzhed
开化新闻综合,https://stream1.freetv.fun/kai-hua-xin-wen-zong-he-1.m3u8
开化新闻综合,https://stream1.freetv.fun/kai-hua-xin-wen-zong-he-2.ctv
开化国家公园,http://l.cztvcloud.com/channels/lantian/SXkaihua2/720p.m3u8zzhed
庆元综合,http://l.cztvcloud.com/channels/lantian/SXqingyuan1/720p.m3u8?zzhed
庆元综合,http://l.cztvcloud.com/channels/lantian/SXqingyuan1/720p.m3u8?fbl=
庆元新闻综合,http://l.cztvcloud.com/channels/lantian/SXqingyuan1/720p.m3u8?fbl=
平湖民生休闲,http://l.cztvcloud.com/channels/lantian/SXpinghu2/720p.m3u8?zzhed
平湖新闻综合,https://stream1.freetv.fun/ping-hu-xin-wen-zong-he-5.m3u8
平湖新闻综合,https://stream1.freetv.fun/ping-hu-xin-wen-zong-he-2.m3u8
平湖新闻综合,http://l.cztvcloud.com/channels/lantian/SXpinghu1/720p.m3u8?zzhed
平湖新闻综合,https://stream1.freetv.fun/ping-hu-xin-wen-zong-he-1.m3u8
平湖新闻综合,https://stream1.freetv.fun/ping-hu-xin-wen-zong-he-3.m3u8
平湖新闻综合,https://t.freetv.fun/live/ping-hu-xin-wen-zong-he-1.m3u8
平湖新闻综合,https://t.freetv.fun/live/ping-hu-xin-wen-zong-he-2.m3u8
平湖新闻综合,https://t.freetv.fun/live/ping-hu-xin-wen-zong-he.m3u8
嵊泗综合,http://goo.bkpcp.top/mg/ssxwzh
嵊泗综合,http://l.cztvcloud.com/channels/lantian/SXshengsi1/720p.m3u8
嵊泗综合,https://stream1.freetv.fun/sheng-zhou-xin-wen-zong-he-1.m3u8
嵊泗综合,https://stream1.freetv.fun/sheng-zhou-xin-wen-zong-he-2.ctv
嵊泗新闻综合,http://l.cztvcloud.com/channels/lantian/SXshengsi1/720p.m3u8
嵊州新闻综合,http://l.cztvcloud.com/channels/lantian/SXshengzhou1/720p.m3u8?zzhed#http://l.cztvcloud.com/channels/lantian/SXshengzhou1/720p.m3u8
嵊州新闻综合,https://stream1.freetv.fun/sheng-zhou-xin-wen-zong-he-1.m3u8
兰溪新闻综合,https://stream1.freetv.fun/lan-xi-xin-wen-zong-he-1.m3u8
兰溪新闻综合,https://stream1.freetv.fun/lan-xi-xin-wen-zong-he-3.m3u8
兰溪新闻综合,http://l.cztvcloud.com/channels/lantian/SXlanxi1/720p.m3u8
兰溪新闻综合,https://t.freetv.fun/live/lan-xi-xin-wen-zong-he-1.m3u8
兰溪新闻综合,https://t.freetv.fun/live/lan-xi-xin-wen-zong-he.m3u8
余杭综合,http://l.cztvcloud.com/channels/lantian/SXyuhang1/720p.m3u8
余杭未来E,http://l.cztvcloud.com/channels/lantian/SXyuhang3/720p.m3u8
余姚综合,https://l.cztvcloud.com/channels/lantian/SXyuyao1/720p.m3u8
余姚新闻综合,https://l.cztvcloud.com/channels/lantian/SXyuyao1/720p.m3u8
余姚姚江文化,https://l.cztvcloud.com/channels/lantian/SXyuyao3/720p.m3u8
余姚姚江文化,http://l.cztvcloud.com/channels/lantian/SXyuyao3/720p.m3u8
余姚姚江文化,https://l.cztvcloud.com/channels/lantian/SXyuyao2/720p.m3u8
云和新闻综合,http://l.cztvcloud.com/channels/lantian/SXyunhe1/720p.m3u8
中国蓝新闻,http://ali-m-l.cztv.com/channels/lantian/channel009/1080p.m3u8
中国蓝新闻,https://ali-m-l.cztv.com/channels/lantian/channel009/1080p.m3u8
东阳影视生活,http://l.cztvcloud.com/channels/lantian/SXdongyang1/720p.m3u8
上虞新闻综合,http://l.cztvcloud.com/channels/lantian/SXshangyu1/720p.m3u8?zzhed
上虞新商都,https://stream1.freetv.fun/shang-yu-xin-shang-du-1.m3u8
上虞新商都,https://stream1.freetv.fun/shang-yu-xin-shang-du-5.m3u8
上虞新商都,https://stream1.freetv.fun/shang-yu-xin-shang-du-3.m3u8
上虞新商都,https://stream1.freetv.fun/shang-yu-xin-shang-du-6.m3u8
上虞新商都,http://l.cztvcloud.com/channels/lantian/SXshangyu3/720p.m3u8
淘电影,https://stream1.freetv.fun/tao-dian-ying-7.m3u8
淘电影,https://stream1.freetv.fun/tao-dian-ying-15.ctv
长子综合,https://83awgyp5.live.sxmty.com/live/hls/6f6f4b36f9bd42628b718b595ba507ed/724b7e8907a8414d873eb2a2f69bfa18.m3u8?zshanxd
长子综合,https://www.wxhcgbds.com:8081/channelTv/WXTV_1.m3u8?zshanxd
长子综合,rtmp://zzlive.zzc-media.com/live/xwzh
闻喜综合,https://www.wxhcgbds.com:8081/channelTv/WXTV_1.m3u8?zshanxd
阳曲综合,https://83awgyp5.live.sxmty.com/live/hls/6f6f4b36f9bd42628b718b595ba507ed/724b7e8907a8414d873eb2a2f69bfa18.m3u8?zshanxd
安徽国际,https://www.ahtv.cn/folder9000/folder20193?channelIndex=6
安徽影视,https://www.ahtv.cn/folder9000/folder20193?channelIndex=3
安徽影视,http://112.27.235.94:8000/hls/24/index.m3u8
安徽经济生活,https://live.lalifeier.eu.org/ahtv/ahjjsh.m3u8?t=1745774515&key=a93a5e1794618b8f0038e5d4206cb748
安徽综艺体育,https://live.lalifeier.eu.org/ahtv/ahzyty.m3u8?t=1745774515&key=27009aec794adc785b22478c5aa2ae16
安徽综艺体育,http://112.27.235.94:8000/hls/25/index.m3u8
安徽导视,http://dspdhls.appcoo.com:8888/live/dspd/index.m3u8
合肥新闻,http://112.27.235.94:8000/hls/18/index.m3u8
固镇新闻,http://www.guzhenm.com:7001/hls/hd-live.m3u8?%E5%85%B3%E6%B3%A8%E5%BE%AE%E4%BF%A1%E5%85%AC%E4%BC%97%E5%8F%B7[%E6%99%B4%E5%9B%AD]
上虞新商都,https://stream1.freetv.fun/shang-yu-xin-shang-du-2.m3u8
上虞新商都,https://stream1.freetv.fun/shang-yu-xin-shang-du-4.m3u8
上虞新商都,https://t.freetv.fun/live/shang-yu-xin-shang-du-1.m3u8
上虞新商都,https://t.freetv.fun/live/shang-yu-xin-shang-du.m3u8
上虞新商都,https://t.freetv.fun/live/shang-yu-xin-shang-du-2.m3u8
上虞文化影院,https://stream1.freetv.fun/shang-yu-wen-hua-ying-yuan-3.ctv
上虞文化影院,https://stream1.freetv.fun/shang-yu-wen-hua-ying-yuan-4.ctv
上虞文化影院,http://l.cztvcloud.com/channels/lantian/SXshangyu2/720p.m3u8
上虞文化影院,https://stream1.freetv.fun/shang-yu-wen-hua-ying-yuan-2.ctv
上虞文化影院,https://stream1.freetv.fun/shang-yu-wen-hua-ying-yuan-1.m3u8
上虞文化影院,https://t.freetv.fun/live/shang-yu-wen-hua-ying-yuan.m3u8
上虞文化影视,http://l.cztvcloud.com/channels/lantian/SXshangyu2/720p.m3u8
北京卡酷少儿,http://204.12.221.218:8181/3m1080p/btvkk.m3u8
北京卡酷少儿,http://[2409:8087:1a15:10d1::33]/ottrrs.hl.chinamobile.com/PLTV/88888888/224/3221225654/index.m3u8
北京卡酷少儿,http://[2409:8087:5e08:25::16]:6610/200000001898/460000089800010081/1.m3u8
北京卡酷少儿,https://migu.188766.xyz/?migutoken=1023983db6b5249e61d4950c1654cd84&id=%E5%8C%97%E4%BA%AC%E5%8D%A1%E9%85%B7%E5%B0%91%E5%84%BF&type=yy
北京卡酷少儿,https://cc06.tv12.xyz/29.m3u8
北京卡酷少儿,https://migu.188766.xyz/?migutoken=2c51384549aec8a85219fdc0c475e40b&id=%E5%8C%97%E4%BA%AC%E5%8D%A1%E9%85%B7%E5%B0%91%E5%84%BF&type=yy
北京卡酷少儿,https://migu.188766.xyz/?migutoken=238a8755ee64728b0980917e10720623&id=%E5%8C%97%E4%BA%AC%E5%8D%A1%E9%85%B7%E5%B0%91%E5%84%BF&type=yy
北京卡酷少儿,https://migu.188766.xyz/?migutoken=7d1e1120b370ad3cebcef8f780c94ded&id=%E5%8C%97%E4%BA%AC%E5%8D%A1%E9%85%B7%E5%B0%91%E5%84%BF&type=yy
北京卡酷少儿,https://migu.188766.xyz/?migutoken=64a526a2d003b13c1a2af4fd92f861f7&id=%E5%8C%97%E4%BA%AC%E5%8D%A1%E9%85%B7%E5%B0%91%E5%84%BF&type=yy
北京卡酷少儿,https://migu.188766.xyz/?migutoken=05eaa29189c93d906e117818c1e66c0d&id=%E5%8C%97%E4%BA%AC%E5%8D%A1%E9%85%B7%E5%B0%91%E5%84%BF&type=yy
北京新闻,https://satellitepull.cnr.cn/live/wxbjxwgb/playlist.m3u8
北京新闻,https://ls.qingting.fm/live/339/64k.m3u8
北京新闻,http://[2409:8087:1:20:20::2a]/otttv.bj.chinamobile.com/PLTV/88888888/224/3221226437/1.m3u8?GuardEncType=2&accountinfo=%7E%7EV2.0%7EncK5uEAdYwWMsf8WJWI1mQ%7E_eNUbgU9sJGUcVVduOMKhafLvQUgE_zlz_7pvDimJNO_LSIQh_h2P54Cz-MqgJqC%2CEND
北京新闻,http://[2409:8087:8:21::18]:6610/otttv.bj.chinamobile.com/PLTV/88888888/224/3221226437/1.m3u8
北京新闻,http://[2409:8087:8:21::18]:6610/otttv.bj.chinamobile.com/PLTV/88888888/224/3221226512/1.m3u8
经典电影,https://stream1.freetv.fun/jing-dian-dian-ying-9.ctv
经典电影,https://stream1.freetv.fun/jing-dian-dian-ying-8.ctv
经典电影,https://stream1.freetv.fun/jing-dian-dian-ying-16.m3u8
经典电影,https://stream1.freetv.fun/jing-dian-dian-ying-3.m3u8
经典电影,https://stream1.freetv.fun/jing-dian-dian-ying-15.ctv
经典电影,https://stream1.freetv.fun/jing-dian-dian-ying-18.ctv
黄山新闻综合,http://hslive.hsnewsnet.com/lsdream/hve9Wjs/1000/live.m3u8?zanhd
黄山公共生活,http://hslive.hsnewsnet.com/lsdream/iY92ady/1000/live.m3u8?zanhd
铜陵新闻综合,https://ls.qingting.fm/live/21303/64k.m3u8
祁门综合,http://live.cztv.cc:85/live/sjpd.m3u8?%E5%85%B3%E6%B3%A8%E5%BE%AE%E4%BF%A1%E5%85%AC%E4%BC%97%E5%8F%B7[%E6%99%B4%E5%9B%AD]
祁门综合,http://zbbf2.ahbztv.com/live/416.m3u8?zanhd
灵璧综合,http://live.cms.anhuinews.com/video/s10003-lbtv/index.m3u8?zanhd#http://live.cms.anhuinews.com/video/s10003-lbtv/index.m3u8
滁州科教,http://live.cztv.cc:85/live/sjpd.m3u8?%E5%85%B3%E6%B3%A8%E5%BE%AE%E4%BF%A1%E5%85%AC%E4%BC%97%E5%8F%B7[%E6%99%B4%E5%9B%AD]
滁州新闻综合,http://live.cztv.cc:85/live/xwpd.m3u8?zanhd#http://live.cztv.cc:85/live/xwpd.m3u8
滁州市广播电视台 新闻综合,http://live.cztv.cc:85/live/xwpd.m3u8
滁州公共,http://live.cztv.cc:85/live/ggpd.m3u8?zanhd#http://live.cztv.cc:85/live/ggpd.m3u8
涡阳新闻综合,http://220.180.124.18:888/live/ch0.m3u8
北京新闻,http://dsj.motem.top:8880/bptv/10000100000000050000000003870780.m3u8
北京新闻,http://iptv.huuc.edu.cn/hls/btv9hd.m3u8
北京新闻,http://nas.suntao.online:35455/bptv/10000100000000050000000003870780.m3u8
北京新闻,http://yc.myds.me:35455/bptv/10000100000000050000000003870780.m3u8
北京新闻,https://brtv-radiolive.rbc.cn/alive/fm945.m3u8
北京生活,http://[2409:8087:1:20:20::2a]/otttv.bj.chinamobile.com/PLTV/88888888/224/3221226514/1.m3u8?GuardEncType=2&accountinfo=%7E%7EV2.0%7Es-PVNcPJsjr_oBdcXGT40g%7E_eNUbgU9sJGUcVVduOMKhafLvQUgE_zlz_7pvDimJNMWvZ0r6eMXcXJOGrCpJiq1%2CEND
北京生活,http://[2409:8087:8:21::18]:6610/otttv.bj.chinamobile.com/PLTV/88888888/224/3221226514/1.m3u8
北京生活,http://[2409:8087:8:21::18]:6610/otttv.bj.chinamobile.com/PLTV/88888888/224/3221226561/1.m3u8
北京生活,https://migu.188766.xyz/?migutoken=5352c66f3445e6f6a6674e780db1be96&id=%E5%8C%97%E4%BA%ACi%E7%94%9F%E6%B4%BB&type=yy
北京生活,https://migu.188766.xyz/?migutoken=5e5c979139e77450b03c7e40989d0659&id=%E5%8C%97%E4%BA%ACi%E7%94%9F%E6%B4%BB&type=yy
北京生活,https://migu.188766.xyz/?migutoken=437cf1809839c944343c690d5161c9ba&id=%E5%8C%97%E4%BA%ACi%E7%94%9F%E6%B4%BB&type=yy
北京生活,https://migu.188766.xyz/?migutoken=e0f7ca2f3c1e7a682d58748c350dec64&id=%E5%8C%97%E4%BA%ACi%E7%94%9F%E6%B4%BB&type=yy
北京生活,https://migu.188766.xyz/?migutoken=78717f7be6e3f2923c02860c2c769bd8&id=%E5%8C%97%E4%BA%ACi%E7%94%9F%E6%B4%BB&type=yy
北京生活,https://migu.188766.xyz/?migutoken=a5895e960ee9906bfbdb9b79dd7abb63&id=%E5%8C%97%E4%BA%ACi%E7%94%9F%E6%B4%BB&type=yy
北京生活,https://migu.188766.xyz/?migutoken=2b8b01fb6c3971e03bdd47c14f6d5a39&id=%E5%8C%97%E4%BA%ACi%E7%94%9F%E6%B4%BB&type=yy
北京科教,http://player.cntv.cn/standard/live_HLSDRM20180606.swf?ChannelID=btv3&P2PChannelID=pd://cctv_p2p_hdbtv3
北京财经,http://[2409:8087:1:20:20::2a]/otttv.bj.chinamobile.com/PLTV/88888888/224/3221226516/1.m3u8?GuardEncType=2&accountinfo=%7E%7EV2.0%7Eh9_SEkmWeMdS1TMnIILZgg%7E_eNUbgU9sJGUcVVduOMKhafLvQUgE_zlz_7pvDimJNPIiicEW7OIvk1s-X-PXHqO%2CEND
北京财经,http://[2409:8087:8:21::18]:6610/otttv.bj.chinamobile.com/PLTV/88888888/224/3221226516/1.m3u8
北京财经,http://[2409:8087:8:21::18]:6610/otttv.bj.chinamobile.com/PLTV/88888888/224/3221226560/1.m3u8
北京财经,https://migu.188766.xyz/?migutoken=debab7233813a268c34754a611c9f1fb&id=%E5%8C%97%E4%BA%AC%E8%B4%A2%E7%BB%8F&type=yy
北京财经,https://migu.188766.xyz/?migutoken=5f791d3c1074f0cb3a51cf70dbe29c77&id=%E5%8C%97%E4%BA%AC%E8%B4%A2%E7%BB%8F&type=yy
经典电影,https://stream1.freetv.fun/jing-dian-dian-ying-8.m3u8
经典电影,https://stream1.freetv.fun/jing-dian-dian-ying-9.m3u8
经典电影,https://stream1.freetv.fun/jing-dian-dian-ying-6.m3u8
经典电影,https://stream1.freetv.fun/jing-dian-dian-ying-11.m3u8
经典电影,https://stream1.freetv.fun/jing-dian-dian-ying-19.ctv
经典电影,https://stream1.freetv.fun/jing-dian-dian-ying-10.ctv
经典电影,https://stream1.freetv.fun/jing-dian-dian-ying-7.m3u8
广德生活,https://live.gdtv.ah.cn/live/newsTV.m3u8
宿松新闻综合,http://live.ahsz.tv/video/s10001-szzh/index.m3u8
宿州科教,rtmp://live.ahsz.tv/video/s10001-kxjy
宿州新闻综合,http://live.ahsz.tv/video/s10001-szzh/index.m3u8
宿州公共,http://live.ahsz.tv/video/s10001-ggpd/index.m3u8
六安新闻综合,http://ls.qingting.fm/live/267.m3u8
六安公共,http://ls.qingting.fm/live/1794199.m3u8
北京财经,https://migu.188766.xyz/?migutoken=a636a5c6637f124a3bc9e8d322ecb914&id=%E5%8C%97%E4%BA%AC%E8%B4%A2%E7%BB%8F&type=yy
经典电影,http://kkk.888.3116598.xyz/api.php?n=tttt&id=BZITeT&tk=FgM0vQMejxvG
经典电影,https://stream1.freetv.fun/jing-dian-dian-ying-1.ctv
经典电影,http://zb.xmzb.xyz/888.php?id=be一一经典电影
1905电影网,http://php.jdshipin.com:8880/1905.php?id=1905dy
周星驰,http://173.208.234.146/live/vlzxc.m3u8
周星驰,http://alist.xicp.fun:35455/yy/1382736808#https://live.metshop.top/yy/1382736808
洪金宝,http://173.208.234.146/live/vlhjb.m3u8
洪金宝,https://stream1.freetv.fun/hong-jin-bao-2.ctv
洪金宝,https://stream1.freetv.fun/hong-jin-bao-5.ctv
洪金宝,https://stream1.freetv.fun/hong-jin-bao-4.ctv
刘德华,http://173.208.234.146/live/vlldh.m3u8
刘德华,https://stream1.freetv.fun/liu-de-hua-2.ctv
刘德华,http://epg.112114.xyz/douyu/2516864
刘德华,https://vd2.bdstatic.com/mda-ni103pry5e4aqk39/sc/cae_h264/1662084584421447983/mda-ni103pry5e4aqk39.mp4
成龙,http://38.75.136.137:82/live1/jsb.m3u8?id=lbcl&ip=whus21&usign=1LR7Q-EFMMTvbEbLXeCmxA
成龙,http://173.208.234.146/live/vlcl.m3u8
成龙,https://p6-dy.byteimg.com/origin/pgc-image/bebfddceee5c40f495882785675174cf
林正英,https://t.freetv.fun/live/lin-zheng-ying-ying-yuan-4.m3u8
林正英,http://173.208.234.146/live/vllzy.m3u8
林正英,https://stream1.freetv.fun/lin-zheng-ying-2.ctv
林正英,https://stream1.freetv.fun/lin-zheng-ying-8.ctv
林正英,https://stream1.freetv.fun/lin-zheng-ying-4.ctv
林正英,http://epg.112114.xyz/douyu/218859
电影_英叔,https://lbds.us.ci/11342421
电影_黄渤,https://lbds.us.ci/11352876
电影_洪金宝,https://lbds.us.ci/11279251
电影_星爷,https://lbds.us.ci/11342412
电影_强森,https://lbds.us.ci/21059581
电影_沈腾,https://lbds.us.ci/11601968
电影_李连杰,https://lbds.us.ci/11342390
电影_梁家辉,https://lbds.us.ci/11342429
电影_梁家辉,http://cdn.jdshipin.com:8880/huya.php?id=11342429
电影_怪兽,https://lbds.us.ci/21059577
电影_救援,http://cdn.jdshipin.com:8880/huya.php?id=21059594
电影_玄幻,http://cdn.jdshipin.com:8880/huya.php?id=11342414
电影_古墓系列,https://lbds.us.ci/11352913
电影_功夫片,https://lbds.us.ci/11352941
电影_犯罪片,https://lbds.us.ci/11352974
电影_黑帮片,https://lbds.us.ci/11336719
电影_动作电影,https://lbds.us.ci/11602077
电影_枪战,https://lbds.us.ci/21059579
电影_热血,https://lbds.us.ci/11352934
电影_谍战,https://lbds.us.ci/21059585
电影_谍战片,http://live.metshop.top/huya/21059585?cdn=alicdn
电影_贺岁,https://lbds.us.ci/11601971
电影_贺岁片,https://lbds.us.ci/11601986
电影_推荐,https://lbds.us.ci/11602041
邵氏影院,http://www.goodiptv.club/douyu/4246519
动作影院,http://kkk.888.3116598.xyz/api.php?n=tttt&id=HNbgwe&tk=FgM0vQMejxvG
动作影院,http://123.118.55.165:45237/tsfile/live/1018_1.m3u8?key=txiptv&playlive=1&authid=0
喜剧影院,http://74.91.26.218:82/live/vlxjyy.m3u8
北京财经,https://migu.188766.xyz/?migutoken=cb960527d4ce7c7a517f09146c70512e&id=%E5%8C%97%E4%BA%AC%E8%B4%A2%E7%BB%8F&type=yy
亳州新闻,http://zbbf2.ahbztv.com/live/416.m3u8?zanhd
亳州农村,http://zbbf2.ahbztv.com/live/418.m3u8?zanhd
宁夏经济,https://ls.qingting.fm/live/1841/64k.m3u8
宁夏经济,https://satellitepull.cnr.cn/live/wxnxjjgb/playlist.m3u8
银川生活,http://play-a2.quklive.com/live/1667883987087179.m3u8
银川公共,http://play-a2.quklive.com/live/1667883943560053.m3u8
银川文体,http://play-a2.quklive.com/live/1667884025738071.m3u8
延边卫视,http://l.cztvcloud.com/channels/lantian/SXxinchang2/720p.m3u8#
延边卫视,http://[2409:8087:1:20:20::2c]/otttv.bj.chinamobile.com/PLTV/88888888/224/3221227045/1.m3u8?GuardEncType=2&accountinfo=%7E%7EV2.0%7Eq0D3NdTUN7FuRzr8eJsbQA%7E_eNUbgU9sJGUcVVduOMKhafLvQUgE_zlz_7pvDimJNONS2RAhxb5u6NYaMGGM23S%2CEND
延边卫视,http://tv.scjyhd.com:4022/udp/239.11.0.206:5140
延边卫视,http://[2409:8087:1e03:21::2]:6060/cms001/ch00000090990000001470/index.m3u8
延边卫视,http://iptv.cdn.ha.chinamobile.com/PLTV/88888888/224/3221227253/index.m3u8
延边卫视,http://[2409:8087:1a0b:df::4020]:80/ottrrs.hl.chinamobile.com/PLTV/88888888/224/3221226516/index.m3u8
延边卫视,http://otttv.bj.chinamobile.com/PLTV/88888888/224/3221227045/1.m3u8?GuardEncType=2&accountinfo=%7E%7EV2.0%7Eq0D3NdTUN7FuRzr8eJsbQA%7EtP4-l0lmSfjwLWEfK_el1vH_mv-s1zo4AQJwdedaVwG9xkuFTDg8J26cwOrNJzn20BErrHdLhuZ9EzLUCD3PMW-OMx4MGteHV2vLeW6BqoY%2CEND
延边卫视,http://tvbox6.com/tv/bfgd.php?id=117
延边卫视,http://ottrrs.hl.chinamobile.com/PLTV/88888888/224/3221226516/index.m3u8
延边卫视,http://iptv.huuc.edu.cn/hls/ybtv.m3u8
吉林都市,https://live.lalifeier.eu.org/jlntv/jlds.m3u8?t=1745796321&key=ba85da6410cdc8b830d46c3182ad7775
吉林生活,https://live.lalifeier.eu.org/jlntv/jlsh.m3u8?t=1745796321&key=8386cb03e732cd707a483bb89f1216af
喜剧影院,http://123.118.55.165:45237/tsfile/live/1017_1.m3u8?key=txiptv&playlive=1&authid=0
喜剧影院,http://kkk.888.3116598.xyz/api.php?n=tttt&id=aRqMtM&tk=FgM0vQMejxvG
北京财经,https://migu.188766.xyz/?migutoken=75137ed3ab4a369c916ac72093d59167&id=%E5%8C%97%E4%BA%AC%E8%B4%A2%E7%BB%8F&type=yy
北京财经,https://migu.188766.xyz/?migutoken=792c714bb418fe120ba7b879b3b99a52&id=%E5%8C%97%E4%BA%AC%E8%B4%A2%E7%BB%8F&type=yy
北京财经,https://migu.188766.xyz/?migutoken=a24459aac2415af0c51b1570c8315fa8&id=%E5%8C%97%E4%BA%AC%E8%B4%A2%E7%BB%8F&type=yy
北京青年,http://player.cntv.cn/standard/live_HLSDRM20180919.swf?v=180.171.5.8.9.6.3.9&ChannelID=btv8&videoTVChannel=btv8&P2PChannelID=pd://cctv_p2p_hdbtv8&tai=btv8&VideoName=btv8&channelID=btv8
七彩戏剧,http://php.jdshipin.com/itv6s.php?cid=bestzb&id=5000000011000031116
七彩戏剧,http://z.b.bkpcp.top/m.php?id=qcxj
上海外语,http://z.b.bkpcp.top/m.php?id=shics
上海外语,http://[2409:8087:5e00:24::029]:6610/000000001000/2000000002000000001/index.m3u8?stbId=3&livemode=1&HlsProfileId=&channel-id=hnbblive&Contentid=2000000002000000001&IASHttpSessionId=OTT19019320240419154124000281
上海外语,https://live.lalifeier.eu.org/kankanews/shics.m3u8?t=1746307365&key=5923d8473fb7e7c254f421fd5c26ed51
上海新闻综合,http://z.b.bkpcp.top/m.php?id=shxwzh
上海新闻综合,https://mgtv.ottiptv.cc/migu/651632657.m3u8?migutoken=348c9164063c2b1df215dd2fa7cd92cb119d8a335ae0edfb5d615a6c714e71b669eee2f5ff1730afa92af7ca41d0aa96e3a280d7e5f2069eb8a3b852f3ebc270147489d7c8bfb08a7c4b9c4d80
上海新闻综合,https://migu.188766.xyz/?migutoken=2db2e2ddce3431f6bb0042dc4d843909&id=xwzh&type=sz
上海新闻综合,https://mursor.ottiptv.cc/migu/651632657.m3u8?migutoken=2c1df649aa4a05375c169ba80b0e1237948ea4ca1f76374295c3a13814b384753f3baf0671b15276cc4e08d3b8cc736174d9e248cc91974b4a90971bb67c1980a21d82ed456a9630f45e87f4b0
上海新闻综合,http://gslbmgsplive.miguvideo.com/wd_r4/dfl/xinwenzonghehd/1200/index.m3u8?msisdn=20250919080134d0a4f61e680b4d1b8d2460b858ff1fec&mdspid=&spid=699212&netType=0&sid=5500002275&pid=2028597139&timestamp=20250919080134&Channel_ID=0116_2600000900-99000-201600010010027&ProgramID=651632657&ParentNodeID=-99&assertID=5500002275&client_ip=106.13.250.88&SecurityKey=20250919080134&promotionId=&mvid=5100001716&mcid=500020&playurlVersion=WX-A1-8.9.1-RELEASE&userid=&jmhm=&videocodec=h264&bean=mgspad&tid=android&conFee=0&puData=c6e37e6787e81aeb250c874ff8533137&ddCalcu=7c36e1e13313705e86f7f8477e88c10a5e2b
上海新闻综合,https://migu.188766.xyz/?migutoken=a24a7f080c30b35a01a1aa3774cc6128&id=%E4%B8%8A%E6%B5%B7%E6%96%B0%E9%97%BB%E7%BB%BC%E5%90%88&type=yy
上海新闻综合,https://iptv.catvod.com/live.php?id=%E4%B8%8A%E6%B5%B7%E6%96%B0%E9%97%BB%E7%BB%BC%E5%90%88
上海新闻综合,https://stream1.freetv.fun/shang-hai-xin-wen-zong-he-3.m3u8
上海新闻综合,http://gslbmgsplive.miguvideo.com/wd_r4/dfl/xinwenzonghehd/1200/index.m3u8?msisdn=20251023080141ea171d5993054ddd94612bf653be3cfa&mdspid=&spid=699212&netType=0&sid=5500002275&pid=2028597139&timestamp=20251023080141&Channel_ID=0116_2600000900-99000-201600010010027&ProgramID=651632657&ParentNodeID=-99&assertID=5500002275&client_ip=106.13.250.83&SecurityKey=20251023080141&promotionId=&mvid=5100001716&mcid=500020&playurlVersion=WX-A1-8.9.2-RELEASE&userid=&jmhm=&videocodec=h264&bean=mgspad&tid=android&conFee=0&puData=4757c0d2f0cd0feb69bcfc7ea14ddd49&ddCalcu=9447ed52d71dc0401da2ef70ccfdc0bf9e6b
上海新闻综合,http://gslbmgsplive.miguvideo.com/wd_r4/dfl/xinwenzonghehd/1200/index.m3u8?msisdn=202510240800572be58ced346548aab92c7ebfbc90d088&mdspid=&spid=699212&netType=0&sid=5500002275&pid=2028597139&timestamp=20251024080057&Channel_ID=0116_2600000900-99000-201600010010027&ProgramID=651632657&ParentNodeID=-99&assertID=5500002275&client_ip=106.13.250.88&SecurityKey=20251024080057&promotionId=&mvid=5100001716&mcid=500020&playurlVersion=WX-A1-8.9.2-RELEASE&userid=&jmhm=&videocodec=h264&bean=mgspad&tid=android&conFee=0&puData=05479a300e9aa0cbfb7bbc5ca9733a84&ddCalcu=4085ea423713907a93a0c05ec9baba70bcfb
上海第一财经,https://mgtv.ottiptv.cc/migu/608780988.m3u8?migutoken=0c7df30d952e5d120406d3eb259cd5e26ec6aa86037008719de147cc6fbc34e877c3e3d7b9617267f35521bdddc4c5995e6fc0583816a5df1bfe19814868525e736733676761a4b2d4db618e84
上海第一财经,https://migu.188766.xyz/?migutoken=b8d7dbd0bc89492df1c76fe83baa3f8d&id=%E4%B8%8A%E6%B5%B7%E7%AC%AC%E4%B8%80%E8%B4%A2%E7%BB%8F&type=yy
上海第一财经,https://mursor.ottiptv.cc/migu/608780988.m3u8?migutoken=7c61765857deba36348b33b70960be142ad01112a576887cba46c30e7069797b60d888f8f8dde583e0fd4fc58620a1fe2e530a64d73661591405b25881e40fcc2c1fe608d3cc0e259c8c00d297
上海第一财经,http://gslbmgsplive.miguvideo.com/wd_r1/2018/bestv/dycj/1000/index.m3u8?msisdn=2025091908013429b62173a5e24f8ea1f310d5ed32e792&mdspid=&spid=699212&netType=0&sid=2201008312&pid=2028597139&timestamp=20250919080134&Channel_ID=0116_2600000900-99000-201600010010027&ProgramID=608780988&ParentNodeID=-99&assertID=2201008312&client_ip=106.13.250.88&SecurityKey=20250919080134&promotionId=&mvid=2201008312&mcid=500020&playurlVersion=WX-A1-8.9.1-RELEASE&userid=&jmhm=&videocodec=h264&bean=mgspad&tid=android&conFee=0&puData=6c828d22c926cc843970f3f1c7455bea&ddCalcu=a6eceb815285804d72c21cf932f60c7c9834
上海第一财经,https://migu.188766.xyz/?migutoken=00c7a8cf9514cb1da205713d4c0a1b2e&id=dycj&type=sz
上海第一财经,https://migu.188766.xyz/?migutoken=7a992fa9f551411086c3d1650c42b3a3&id=dycj&type=sz
上海第一财经,https://migu.188766.xyz/?migutoken=be369ffbe22967e86c09dad740c1fb2e&id=dycj&type=sz
上海第一财经,https://migu.188766.xyz/?migutoken=58ed192d309552863df4b89ece8b8ec1&id=dycj&type=sz
上海第一财经,https://migu.188766.xyz/?migutoken=0ecb45482bf2e2832f7022ee1e0ebeb9&id=dycj&type=sz
上海第一财经,https://migu.188766.xyz/?migutoken=98503588afe512313efaf70d7852501f&id=dycj&type=sz
上海纪实,http://php.jdshipin.com/TVOD/hnyd.php?id=200000001898/460000089800010067
上海纪实,http://iptv.huuc.edu.cn/hls/docuchina.m3u8
上海纪实,https://stream1.freetv.fun/ipv6-shang-hai-ji-shi-ren-wen-5.m3u8
上海纪实,https://stream1.freetv.fun/shang-hai-ji-shi-ren-wen-1.m3u8
上海纪实,https://stream1.freetv.fun/ipv6-shang-hai-ji-shi-ren-wen-2.m3u8
上海纪实,https://stream1.freetv.fun/ipv6-shang-hai-ji-shi-ren-wen-3.m3u8
上海纪实,http://[2409:8087:3869:8021:1001::e5]:6610/PLTV/88888910/224/3221225655/index.m3u8
上海都市,http://yc.myds.me:35455/itv/5000000010000018926.m3u8?cdn=bestzb
上海都市,https://live.lalifeier.eu.org/kankanews/shds.m3u8?t=1746292937&key=3725d08baa89daf1e05599a00bdac978
上海都市,https://live.lalifeier.eu.org/kankanews/shds.m3u8?t=1746307365&key=635dd803224a560866c81f72aae510a0
上海都市,https://stream1.freetv.fun/ipv6-shang-hai-du-shi-4.m3u8
上海都市,https://stream1.freetv.fun/shang-hai-du-shi-1.m3u8
上海都市,https://stream1.freetv.fun/ipv6-shang-hai-du-shi-6.m3u8
上海都市,https://stream1.freetv.fun/ipv6-shang-hai-du-shi-1.m3u8
上海都市,https://stream1.freetv.fun/shang-hai-du-shi-7.m3u8
上海都市,https://stream1.freetv.fun/ipv6-shang-hai-du-shi-7.m3u8
上海都市,https://stream1.freetv.fun/ipv6-shang-hai-du-shi-8.m3u8
东方影视,http://php.jdshipin.com:8880/itv6.php?cid=bestzb&id=5000000010000032212
东方影视,http://z.b.bkpcp.top/m.php?id=shys
东方影视,http://gat.bkpcp.top/ymg.php?id=shys
东方影视,http://z.b.bkpcp.top/m.php?id=dfys
东方影视,https://www.freetv.top/migu/617290047.m3u8?migutoken=86c02ad0875d5cc49d77bcc8bdb628f2c9d508ffc323b964a03c8f92dde4afafa0345cf5a8fefbdf915c748e3d11c6c18e27ae1e21a609cec31a45e6c437db26a7a243625f9cf35c271171a22c
东方影视,https://stream1.freetv.fun/ipv6-dong-fang-ying-shi-8.m3u8
东方影视,https://stream1.freetv.fun/dong-fang-ying-shi-12.m3u8
东方影视,https://stream1.freetv.fun/ipv6-dong-fang-ying-shi-9.m3u8
东方影视,https://stream1.freetv.fun/dong-fang-ying-shi-6.ctv
东方影视,https://stream1.freetv.fun/dong-fang-ying-shi-4.ctv
东方财经,http://[2409:8087:5e00:24::2d]:6610/000000001000/1/5000000007000010003/index.m3u8?channel-id=bestzb&Contentid=5000000007000010003&livemode=1&stbId=3
吉林乡村,https://live.lalifeier.eu.org/jlntv/jlxc.m3u8?t=1745796321&key=b26baf2d67026a93e41fcbbd3f132bc3
刀刀影院,http://www.goodiptv.club/douyu/747764
华语影视,http://www.goodiptv.club/douyu/3928
贝爷贰厅,http://www.goodiptv.club/douyu/9661369
贝爷贰厅,https://goodiptv.club/douyu/4332
橙记港剧,http://www.goodiptv.club/douyu/4549169
热门港剧,http://www.goodiptv.club/douyu/5522351
仙剑奇侠传,,http://1.94.31.214:35455/yy/1382749903
与凤行,http://159.75.85.63:35455/huya/26355866#http://cfss.cc/cdn/hy/26355866.m3u8
开端,http://159.75.85.63:35455/huya/11342397#http://cfss.cc/cdn/hy/11342397.m3u8
小欢喜,,http://1.94.31.214:35455/yy/1382737888
狂飙,http://alist.xicp.fun:35455/yy/1355142167#https://live.metshop.top/yy/1355142167
狂飙,,http://1.94.31.214:35455/yy/1355142167
勇敢的心,http://jiaojirentv.top/2020/yy.php?id=1354744544
东方财经,http://yc.myds.me:35455/itv/5000000007000010003.m3u8?cdn=bestzb
吉林乡村,https://satellitepull.cnr.cn/live/wxjlxcgb/playlist.m3u8
延边-2,http://stream8.jlntv.cn/ljtv/playlist.m3u8
延边-2,http://stream5.jlntv.cn/wq/playlist.m3u8
长白山电视台,http://stream8.jlntv.cn/cbstv/sd/live.m3u8#http://stream8.jlntv.cn/cbstv/sd/live.m3u8?zjild
德惠综合,http://stream11.jlntv.cn/dehuitv/sd/live.m3u8?%E5%85%B3%E6%B3%A8%E5%BE%AE%E4%BF%A1%E5%85%AC%E4%BC%97%E5%8F%B7[%E6%99%B4%E5%9B%AD]
九台综合,http://stream10.jlntv.cn/jiutaitv/sd/live.m3u8?%E5%85%B3%E6%B3%A8%E5%BE%AE%E4%BF%A1%E5%85%AC%E4%BC%97%E5%8F%B7[%E6%99%B4%E5%9B%AD]
长白朝语,http://hplayer1.juyun.tv:80/camera/11344136.m3u8
靖宇综合,http://stream8.jlntv.cn/jytv/sd/live.m3u8?zjild,
靖宇综合,http://stream9.jlntv.cn:80/aac_jygb/playlist.m3u8
敦化一套,http://stream8.jlntv.cn/dhtv/playlist.m3u8?zjild
珲春新闻综合,http://stream8.jlntv.cn/hctv/sd/live.m3u8?zjild,
龙井综合,http://stream8.jlntv.cn/ljtv/sd/live.m3u8?%E5%85%B3%E6%B3%A8%E5%BE%AE%E4%BF%A1%E5%85%AC%E4%BC%97%E5%8F%B7[%E6%99%B4%E5%9B%AD]
龙井综合,http://stream9.jlntv.cn:80/aac_longjinggb/playlist.m3u8
梅河口综合,http://stream4.jlntv.cn/mhk/sd/live.m3u8?zjild
梅河口综合,http://stream3.jlntv.cn:80/aac_mhkgb/playlist.m3u8
桦甸综合,http://stream10.jlntv.cn/huadian/sd/live.m3u8?%E5%85%B3%E6%B3%A8%E5%BE%AE%E4%BF%A1%E5%85%AC%E4%BC%97%E5%8F%B7[%E6%99%B4%E5%9B%AD]
桦甸综合,http://stream9.jlntv.cn:80/aac_huadiangb/playlist.m3u8
磐石综合,http://stream5.jlntv.cn/ps/sd/live.m3u8?_upt=e05f429d1702757565
磐石综合,http://stream3.jlntv.cn:80/aac_psgb/sd/live.m3u8
舒兰新闻综合,http://stream8.jlntv.cn/shulan/sd/live.m3u8?_upt=332db6421699196585
东丰综合,http://stream5.jlntv.cn/df/sd/live.m3u8?%E5%85%B3%E6%B3%A8%E5%BE%AE%E4%BF%A1%E5%85%AC%E4%BC%97%E5%8F%B7[%E6%99%B4%E5%9B%AD]
东丰综合,http://stream3.jlntv.cn:80/aac_dfgb/playlist.m3u8
双辽综合,http://stream5.jlntv.cn/sl/sd/live.m3u8?_upt=73404dd11699197122
双辽综合,http://stream3.jlntv.cn:80/aac_slgb/playlist.m3u8
辉南新闻综合,http://stream5.jlntv.cn/hn/sd/live.m3u8?%E5%85%B3%E6%B3%A8%E5%BE%AE%E4%BF%A1%E5%85%AC%E4%BC%97%E5%8F%B7[%E6%99%B4%E5%9B%AD]
柳河综合,http://stream5.jlntv.cn/lh/sd/live.m3u8?_upt=db16d5e41702758050
柳河综合,http://stream3.jlntv.cn:80/aac_lhgb/sd/live.m3u8
通化县综合,http://stream5.jlntv.cn/thx/sd/live.m3u8?zjild
全纪实,http://183.220.107.138:4022/rtp/239.10.0.105:5140
动漫秀场,http://php.jdshipin.com/itv6.php?cid=bestzb&id=5000000011000031113
神雕侠侣,http://alist.xicp.fun:35455/yy/1351762426#https://live.metshop.top/yy/1351762426#https://lunbo.freetv.top/yy/1351762426
神雕侠侣,,http://1.94.31.214:35455/yy/1351762426
雪中悍刀行,http://jiaojirentv.top/2020/yy.php?id=1382660835
天龙八部,https://txmov2.a.kwimgs.com/upic/2021/02/26/11/BMjAyMTAyMjYxMTAwNTBfNDAzMDAxOTlfNDUwNDcyNzM5MTRfMF8z_b_B75ed716649c36f65fc2354f75dba47a5.mp4
天龙八部,http://jiaojirentv.top/2020/yy.php?id=1382736855
天龙八部,https://godmusic.bs2dl.yy.com/dHZlZmVhMWUxMDYzYjQ0ZmJkYjU4MmE4NDlkYjRmNmMxMy0xMTY2Mzk0Njky?Cf=cf.mp4
天龙八部,http://alist.xicp.fun:35455/yy/1351814644#https://live.metshop.top/yy/1351814644
天龙八部,,http://1.94.31.214:35455/yy/1351814644
笑傲江湖,https://alimov2.a.kwimgs.com/upic/2023/03/07/20/BMjAyMzAzMDcyMDMyNDdfNjE2NzgxMTQwXzk3NzEzNDY4NjgxXzBfMw==_b_B75baa98fedb7da382eb4a29e5f7df2bf.mp4
笑傲江湖,https://vd4.bdstatic.com/mda-ki3e6haxdv0x0tgr/v1-cae/mda-ki3e6haxdv0x0tgr.mp4?auth_key=1602763155-0-0-1dae92370a0b1d7d9dca0d3d9c748b00&bcevod_channel=searchbox_feed&pd=1&pt=3&abtest=8797_2&sle=1&sl=537&split=597343
笑傲江湖,http://alist.xicp.fun:35455/yy/1354930909#https://live.metshop.top/yy/1354930909
笑傲江湖,,http://1.94.31.214:35455/yy/1354930909
鹿鼎记,http://jiaojirentv.top/2020/yy.php?id=28265277
鹿鼎记,http://alist.xicp.fun:35455/yy/28265277#https://live.metshop.top/huya/23865080#https://live.metshop.top/yy/28265277#https://lunbo.freetv.top/yy/1382736920
鹿鼎记,,http://1.94.31.214:35455/yy/28265277
寻秦记,http://2.itv.nctv.top:54321/yy/1382749900#http://www.xzbn.site:35455/yy/1382749900
通化县综合,http://stream3.jlntv.cn:80/aac_thxgb/playlist.m3u8
汪清综合,http://stream5.jlntv.cn/wq/sd/live.m3u8?_upt=eb80947d1699080781
内蒙经济,https://ls.qingting.fm/live/1885/64k.m3u8
内蒙经济,https://satellitepull.cnr.cn/live/wx32nmgjjgb/playlist.m3u8
内蒙古经济生活,https://ls.qingting.fm/live/1885/64k.m3u8
文山州公共,http://m3u8.channel.wsrtv.com.cn/cms/videos/nmip-media/channellive/channel8/playlist.m3u8?zyund
文山州新闻综合,http://m3u8.channel.wsrtv.com.cn/cms/videos/nmip-media/channellive/channel7/playlist.m3u8?zyund
昆明公共,http://wshls.live.migucloud.com/live/UD0YLY2G_C0_3/playlist.m3u8
昆明科学教育,http://wshls.live.migucloud.com/live/ZBXWIMTD_C0_2/playlist.m3u8
易门综合,https://zb-live.ynurl.com/yimen/3b75a2f9-7941-46b7-992d-a9796fbca5fe.m3u8
通海电视台,https://zb-live.ynurl.com/tonghai/3bfe3a9e-48e6-4c1e-8770-1df66447cc6c.m3u8
陇川综合,https://zb-live.ynurl.com/longchuan/58f88df3-605e-4c57-865c-8e8f85241ca1.m3u8
云南都市,https://hwapi.yntv.net/62hdvf/rjwt14.m3u8
云南娱乐,https://hwapi.yntv.net/62hdvf/q9vs1b.m3u8
安多卫视,http://php.jdshipin.com/TVOD/hljyd.php?id=3221225659
安多卫视,http://tv.scjyhd.com:4022/udp/239.11.0.124:5140
安多卫视,https://liveout.xntv.tv/a65jur/96iln2.m3u8#@http://cm-wshls.homecdn.com/live/5a296.dlv#@http://dtrmlive.qhdtrm.cn/xnds/sd/live.m3u8#@http://cm-wshls.homecdn.com/live/5a296.m3u8#rtmp://liveout.xntv.tv/a65jur/96iln2
安多卫视,rtmp://liveout.xntv.tv/a65jur/96iln2
安多卫视,http://[2409:8087:1a0b:df::4007]:80/ottrrs.hl.chinamobile.com/PLTV/88888888/224/3221225659/index.m3u8
安多卫视,http://ottrrs.hl.chinamobile.com/PLTV/88888888/224/3221225659/index.m3u8
动漫秀场,http://[2409:8087:74d9:21::6]/000000001000PLTV/88888888/224/3221226197/index.m3u8
寻秦记,http://alist.xicp.fun:35455/yy/1382749900#,https://live.metshop.top/yy/1382749900
寻秦记,,http://1.94.31.214:35455/yy/1382851591
封神榜,https://lbds.us.ci/29465849
封神榜,http://alist.xicp.fun:35455/yy/1356043643#https://live.metshop.top/yy/1356043643
新白娘子传奇,http://alist.xicp.fun:35455/yy/1354490667#https://live.metshop.top/yy/1354490667#http://43.138.170.29:35455/yy/1354930969
新白娘子传奇,,http://1.94.31.214:35455/yy/1354930969
钟馗传说,http://alist.xicp.fun:35455/yy/1382736839#https://live.metshop.top/yy/1382736839
父母爱情,http://173.208.234.146/live/lbfumuaiqing.m3u8
红楼梦,http://jiaojirentv.top/2020/yy.php?id=1382745084
红楼梦,http://alist.xicp.fun:35455/yy/1382745084#https://live.metshop.top/yy/1382745084#https://lunbo.freetv.top/yy/1382745084
三国演义,http://173.208.234.146/live/vlsgyy.m3u8
三国演义,http://alist.xicp.fun:35455/yy/1354936241#https://live.metshop.top/yy/1354936241
三国演义,,http://1.94.31.214:35455/yy/1354930932
少年包青天,http://jiaojirentv.top/2020/yy.php?id=38498680
少年包青天,,http://1.94.31.214:35455/yy/38498680.
少年包青天,,http://1.94.31.214:35455/yy/38498680
宰相刘罗锅,http://alist.xicp.fun:35455/yy/1353892468#https://lunbo.freetv.top/yy/1353892468
安多卫视,http://3501776.xyz:35455/itv/1000000005000266001.m3u8?cdn=ystenlive
动漫秀场,https://stream1.freetv.fun/dong-man-xiu-chang-11.m3u8
动漫秀场,https://stream1.freetv.fun/ipv6-dong-man-xiu-chang-11.m3u8
动漫秀场,https://stream1.freetv.fun/dong-man-xiu-chang-9.ctv
动漫秀场,https://stream1.freetv.fun/ipv6-dong-man-xiu-chang-9.m3u8
动漫秀场,https://stream1.freetv.fun/dong-man-xiu-chang-2.m3u8
动漫秀场,https://live.v1.mk/api/bestv.php?id=dmxc8m/8000000
动漫秀场,https://stream1.freetv.fun/dong-man-xiu-chang-12.ctv
动漫秀场,https://stream1.freetv.fun/dong-man-xiu-chang-7.m3u8
哈哈炫动,http://php.jdshipin.com/TVOD/hnyd.php?id=200000001898/460000089800010117
哈哈炫动,http://[2409:8087:1a01:df::7005]/ottrrs.hl.chinamobile.com/PLTV/2/224/3221225657/2.m3u8
哈哈炫动,http://[2409:8087:74d9:21::6]/000000001000PLTV/88888888/224/3221226618/index.m3u8
哈哈炫动,https://stream1.freetv.fun/ipv6-ha-ha-xuan-dong-8.m3u8
哈哈炫动,https://live.lalifeier.eu.org/kankanews/hhxd.m3u8?t=1746292937&key=b5431ae4fa8b2429332dae8604165c95
哈哈炫动,https://live.lalifeier.eu.org/kankanews/hhxd.m3u8?t=1746307365&key=611cf4efea7a3dd2fe1b6a28541bed06
哈哈炫动,https://stream1.freetv.fun/ha-ha-xuan-dong-8.m3u8
哈哈炫动,https://stream1.freetv.fun/ha-ha-xuan-dong-16.m3u8
哈哈炫动,http://[2409:8087:8:21::18]:6610/otttv.bj.chinamobile.com/PLTV/88888888/224/3221226931/1.m3u8
哈哈炫动,https://stream1.freetv.fun/ha-ha-xuan-dong-29.m3u8
新闻综合,https://m3u8channel.yunxya.com/nmip-media/channellive/channel100028/playlist.m3u8
新闻综合,http://z.b.bkpcp.top/m.php?id=shxw
新闻综合,https://www.freetv.top/migu/651632657.m3u8?migutoken=b4a3e55048f55ec1c8fc5b509fbdf32f2dc5d255f5f218e79e84ca9a87fb9f2239927cb11b448f18285b50b81b4cd50a1354e9be5a3283375e85372798c3f3eb3ad60adf45eb5615f68eb4825f
新闻综合,https://live.lalifeier.eu.org/kankanews/shxwzh.m3u8?t=1746379256&key=0f50abfb27cedee7672bcf626d21f83b
新闻综合,https://live.lalifeier.eu.org/kankanews/shxwzh.m3u8?t=1746393735&key=647ef0ee7c08241a915702c9b6f16960
新闻综合,https://live.lalifeier.eu.org/kankanews/shxwzh.m3u8?t=1746292937&key=2c0730250b4adabbdab89ad23f78c053
新闻综合,https://live.lalifeier.eu.org/kankanews/shxwzh.m3u8?t=1746307365&key=934041caefb0bfa77af7ffc44707320c
新闻综合,https://stream1.freetv.fun/xin-wen-zong-he-13.m3u8
新闻综合,https://stream1.freetv.fun/xin-wen-zong-he-5.m3u8
新闻综合,https://www.freetv.top/migu/651632657.m3u8?migutoken=5ae42e8fda034ab7bf5171dafa0043e70cd12bcd716940c4572fde52ea92b0785f16f1bdbce4c83f5e075b250fe95668f19f8527dda57c27db24f95d412614d99c86a3a2d9341d88b5224b7068
欢笑剧场,http://z.b.bkpcp.top/m.php?id=hxjc
欢笑剧场,http://gat.bkpcp.top/ymg.php?id=hxjc
欢笑剧场,http://goo.bkpcp.top/mg/hxjc
神医喜来乐,http://jiaojirentv.top/2020/yy.php?id=1382714119
安多卫视,http://dsk.cc/php/xxtv.php?id=adws
安多卫视,rtsp://116.176.26.18/PLTV/88888910/224/3221225872/376957310.smil
安多卫视,rtsp://180.95.143.19/PLTV/88888910/224/3221225872/376957310.smil
西宁新闻综合,https://liveout.xntv.tv/a65jur/96iln2.m3u8#@http://cm-wshls.homecdn.com/live/5a296.dlv#@http://dtrmlive.qhdtrm.cn/xnds/sd/live.m3u8#@http://cm-wshls.homecdn.com/live/5a296.m3u8#rtmp://liveout.xntv.tv/a65jur/96iln2
西宁新闻综合,rtmp://liveout.xntv.tv/a65jur/96iln2
西宁生活服务,https://liveout.xntv.tv/a65jur/90p2i1.m3u8?zqinghd#https://liveout.xntv.tv/a65jur/90p2i1.m3u8#http://dtrmlive.qhdtrm.cn/xnds/sd/live.m3u8
青海都市,http://[2409:8087:1e01:20::3]:80/PLTV/11/224/3221225749/index.m3u8
青海综合,http://lmt.scqstv.com/live1/live1.m3u8
黑龙江文体,http://php.jdshipin.com/TVOD/hljyd.php?id=3221226239
黑龙江文体,http://[2409:8087:1a01:df::7005]/ottrrs.hl.chinamobile.com/PLTV/88888888/224/3221226239/index.m3u8
黑龙江文体,http://[2409:8087:1a01:df::4025]:80/ottrrs.hl.chinamobile.com/PLTV/88888888/224/3221226239/1.m3u8
黑龙江文体,http://[2409:8087:1a01:df::4077]/ottrrs.hl.chinamobile.com/PLTV/88888888/224/3221226239/1.m3u8?icpid=88888888&from=1&hms_devid=1012&vqe=3
黑龙江文体,http://ottrrs.hl.chinamobile.com/PLTV/88888888/224/3221226239/index.m3u8
黑龙江文体,https://idclive.hljtv.com:4430/live/hljwy_hd.m3u8
黑龙江新闻法治,http://php.jdshipin.com/TVOD/hljyd.php?id=3221226330
黑龙江新闻法治,http://[2409:8087:1a01:df::7005]/ottrrs.hl.chinamobile.com/PLTV/88888888/224/3221226330/index.m3u8
黑龙江新闻法治,http://[2409:8087:1a01:df::4077]/PLTV/88888888/224/3221225967/index.m3u8
黑龙江新闻法治,https://ls.qingting.fm/live/4974/64k.m3u8
黑龙江新闻法治,https://idclive.hljtv.com:4430/live/hljxw_hd.m3u8
黑龙江新闻法治,https://satellitepull.cnr.cn/live/wx32hljxwgb/playlist.m3u8
黑龙江影视,http://php.jdshipin.com/TVOD/hljyd.php?id=3221226298
黑龙江影视,http://[2409:8087:1a01:df::7005]/ottrrs.hl.chinamobile.com/PLTV/88888888/224/3221226298/index.m3u8
黑龙江影视,http://[2409:8087:1a01:df::4035]/ottrrs.hl.chinamobile.com/PLTV/88888888/224/3221226298/1.m3u8
黑龙江影视,http://[2409:8087:1a01:df::4077]/ottrrs.hl.chinamobile.com/PLTV/88888888/224/3221226298/1.m3u8?icpid=88888888&from=1&hms_devid=1012&vqe=3
黑龙江影视,http://ottrrs.hl.chinamobile.com/PLTV/88888888/224/3221226298/index.m3u8
黑龙江影视,https://idclive.hljtv.com:4430/live/hljys_hd.m3u8
黑龙江都市,http://php.jdshipin.com/TVOD/hljyd.php?id=3221226301
黑龙江都市,http://[2409:8087:1a01:df::7005]/ottrrs.hl.chinamobile.com/PLTV/88888888/224/3221226301/index.m3u8
黑龙江都市,http://[2409:8087:1a01:df::4025]:80/ottrrs.hl.chinamobile.com/PLTV/88888888/224/3221226301/1.m3u8
黑龙江都市,http://[2409:8087:1a01:df::4055]:80/TVOD/88888888/224/3221225969/main.m3u8
黑龙江都市,http://[2409:8087:1a01:df::4077]:80/ottrrs.hl.chinamobile.com/PLTV/88888888/224/3221226301/index.m3u8
黑龙江都市,https://idclive.hljtv.com:4430/live/dushi_hd.m3u8
黑龙江少儿,http://php.jdshipin.com/TVOD/hljyd.php?id=3221226304
黑龙江少儿,https://ls.qingting.fm/live/4972/64k.m3u8
黑龙江少儿,http://[2409:8087:1a01:df::7005]/ottrrs.hl.chinamobile.com/PLTV/88888888/224/3221226304/index.m3u8
黑龙江少儿,http://[2409:8087:1a01:df::4035]/ottrrs.hl.chinamobile.com/PLTV/88888888/224/3221226304/1.m3u8
黑龙江少儿,http://[2409:8087:1a01:df::4077]/ottrrs.hl.chinamobile.com/PLTV/88888888/224/3221226304/1.m3u8?icpid=88888888&from=1&hms_devid=1012&vqe=3
黑龙江少儿,http://ottrrs.hl.chinamobile.com/PLTV/88888888/224/3221226304/index.m3u8
黑龙江少儿,https://idclive.hljtv.com:4430/live/hljse_hd.m3u8
黑龙江新闻,https://ls.qingting.fm/live/4974/64k.m3u8
哈尔滨新闻综合,http://php.jdshipin.com/TVOD/hljyd.php?id=3221226434
哈尔滨新闻综合,http://stream.hrbtv.net/xwzh/sd/live.m3u8?zheild
哈尔滨影视,http://stream.hrbtv.net/yspd/sd/live.m3u8?zheild#http://stream.hrbtv.net/yspd/sd/live.m3u8
哈尔滨资讯,http://stream.hrbtv.net/zxpd/sd/live.m3u8
哈尔滨生活,http://stream.hrbtv.net/shpd/sd/live.m3u8?zheild
哈尔滨娱乐,http://stream.hrbtv.net/ylpd/sd/live.m3u8?zheild
哈尔滨娱乐,https://stream.hrbtv.net/ylpd/sd/live.m3u8
大庆新闻综合,rtmp://masterpull.hljtv.com/live/4WdrZLCq
鹤岗新闻综合,http://php.jdshipin.com/TVOD/hljyd.php?id=3221226534
鹤岗新闻综合,http://[2409:8087:1a01:df::4059]:80/TVOD/88888888/224/3221226073/main.m3u8
鹤岗新闻综合,http://[2409:8087:1a01:df::4060]:80/ottrrs.hl.chinamobile.com/PLTV/88888888/224/3221226534/index.m3u8
欢笑剧场,http://iptv.cdn.ha.chinamobile.com/PLTV/88888888/224/3221226704/index.m3u8
欢笑剧场,http://[2409:8087:5e00:24::1e]:6060/000000001000/5000000002000009455/1.m3u8
神医喜来乐,http://alist.xicp.fun:35455/yy/1382714119#https://live.metshop.top/yy/1382714119#https://lunbo.freetv.top/yy/1382714119
神医喜来乐,,http://1.94.31.214:35455/yy/1382714119
伪装者,http://jiaojirentv.top/2020/yy.php?id=1354936244
伪装者,http://alist.xicp.fun:35455/yy/1382851593#https://lunbo.freetv.top/yy/1382851593
雍正王朝,http://173.208.234.146/live/lbyongzhengwc.m3u8
雍正王朝,http://jiaojirentv.top/2020/yy.php?id=26650882
雍正王朝,http://alist.xicp.fun:35455/yy/1356043620#https://live.metshop.top/huya/11342439#http://cfss.cc/cdn/hy/11342439.m3u8
隋唐英雄传,http://alist.xicp.fun:35455/yy/1352475619#https://live.metshop.top/yy/1352475619
宫心计,http://2.itv.nctv.top:54321/yy/1354933540#http://www.xzbn.site:35455/yy/1354933540
宫心计,http://alist.xicp.fun:35455/yy/1354933540#http://43.138.170.29:35455/yy/1354933540
上海滩,https://txmov2.a.kwimgs.com/upic/2021/02/22/22/BMjAyMTAyMjIyMjU2NDFfMTI0MzE0NjMyOF80NDg1MDgzMTY5NF8yXzM=_b_B35aa4e9376173041991a9a379ff4ac56.mp4
上海滩,https://vd4.bdstatic.com/mda-keck5jhdaagebxkm/v1-cae/mda-keck5jhdaagebxkm.mp4?auth_key=1602762530-0-0-3e02c62e492e00c28c5557d41188d769&bcevod_channel=searchbox_feed&pd=1&pt=3&abtest=8797_2&sle=1&sl=288&split=391503
上海滩,http://alist.xicp.fun:35455/yy/1382745184#https://live.metshop.top/yy/1382745184
大时代,http://alist.xicp.fun:35455/yy/1354930891#https://live.metshop.top/yy/1354930891#https://lunbo.freetv.top/yy/1354930891
天道,,http://1.94.31.214:35455/yy/1382735574
武林外传,http://173.208.234.146/live/lbwlwz.m3u8
欢笑剧场,http://[2409:8087:1e01:20::3]/PLTV/11/224/3221225771/index.m3u8
七台河新闻综合,http://live.qthnews.org.cn:1935/live/live1/800k/tzwj_video.m3u8
佳木斯新闻综合,http://php.jdshipin.com/TVOD/hljyd.php?id=3221226451
佳木斯新闻综合,http://live.qthnews.org.cn:1935/live/live2/800k/tzwj_video.m3u8
佳木斯新闻综合,rtmp://masterpull.hljtv.com/live/l9wQtsVs
甘南县综合,https://stream.hrbtv.net/zxpd/sd/live.m3u8
甘南县综合,rtmp://masterpull.hljtv.com/live/YbFyF4Jb
哈尔滨都市资讯,https://stream.hrbtv.net/zxpd/sd/live.m3u8
齐齐哈尔新闻综合,http://php.jdshipin.com/TVOD/hljyd.php?id=3221226437
齐齐哈尔新闻综合,rtmp://masterpull.hljtv.com/live/dUi8b96l
双鸭山综合,http://live.qthnews.org.cn:1935/live/live2/800k/tzwj_video.m3u8
双鸭山综合,rtmp://masterpull.hljtv.com/live/BowdCSzZ
七台河民生社教,http://live.qthnews.org.cn:1935/live/live2/800k/tzwj_video.m3u8
翡翠台,http://php.jdshipin.com:8880/TVOD/iptv.php?id=fct3&token=512df05ba47edb46400575c93e179adb7981226d414516400ed1d382cb126adc517715d4ccd3a2276bf3c7b72d52f58905225cf0b1cc461b7888443f
翡翠台,http://cdn9.163189.xyz/smt1.1.php?id=jade_twn
翡翠台,http://v2h.jdshipin.com:80/jade2/jade.stream/chunklist_w100.m3u8
翡翠台,https://cdn.163189.xyz/live/fct4k/stream.m3u8
翡翠台,https://cdn3.163189.xyz/live/fct/stream.m3u8
翡翠台,http://cdn5.1678520.xyz/live/?id=fct
翡翠台,https://cdn5.1678520.xyz/live/live2.1.php?id=j1
翡翠台,http://r.jdshipin.com/GeWKr?id=fct406
翡翠台,http://iptv.diyp.site/公众号【DIYP】.php?key=gat5&id=263ef8e25e9d14599c49b2169d133840
翡翠台,https://cdn.iptv8k.top/dl/jrys.php?id=3&time=20240926215313&ip=111.229.253.40
明珠台,http://iptv.diyp.site/公众号【DIYP】.php?key=gat5&id=cadf460aacc566024c43c7c43091734c
凤凰中文,http://php.jdshipin.com:8880/TVOD/iptv.php?id=fhzw
凤凰中文,https://piccpndks.v.kcdnvip.com/audio/xianggangweishi_2.m3u8
欢笑剧场,http://[2409:8087:1e01:20::3]:80/PLTV/11/224/3221225771/index.m3u8
康熙微服私访记,,http://1.94.31.214:35455/yy/1352811698
正阳门下,http://alist.xicp.fun:35455/yy/1354931580#https://live.metshop.top/yy/1354931580
济公游记,http://jiaojirentv.top/2020/yy.php?id=1355265814
济公游记,http://alist.xicp.fun:35455/yy/1355265814#http://43.138.170.29:35455/yy/1355265814
我爱我家,http://jiaojirentv.top/2020/yy.php?id=1382735557
康熙王朝,http://173.208.234.146/live/lbkangxiwc.m3u8
康熙王朝,http://alist.xicp.fun:35455/yy/1382736818#https://live.metshop.top/yy/1382736818
老三国,http://jiaojirentv.top/2020/yy.php?id=1354930932
老三国,http://jiaojirentv.top/2020/yy.php?id=1354936241
凤凰中文,https://k44991.kylintv.tv/live/pxna_iphone.m3u8
凤凰中文,https://cdn.163189.xyz/live/fhzw/stream.m3u8
欢笑剧场,https://shyd.695847.xyz/cms001/ch00000090990000001490/index.m3u8?IASHttpSessionId=RR4967720251014100028031761&ispcode=12
欢笑剧场,https://shyd.695847.xyz/cms001/ch00000090990000001193/index.m3u8?IASHttpSessionId=RR4967720251014100028031761&ispcode=12
欢笑剧场,http://[2409:8087:1e01:20::3]/PLTV/11/224/3221225771/1.m3u8
法治天地,http://php.jdshipin.com/itv6.php?cid=bestzb&id=9001547084732463424
法治天地,http://z.b.bkpcp.top/m.php?id=fztd
法治天地,http://iptv.cdn.ha.chinamobile.com/PLTV/88888888/224/3221226655/index.m3u8
法治天地,https://cc06.tv12.xyz/42.m3u8
法治天地,http://[2409:8087:5e01:24::16]:6610/000000001000/2000000002000000014/index.m3u8?stbId=3&livemode=1&HlsProfileId=&channel-id=hnbblive&Contentid=2000000002000000014&IASHttpSessionId=OTT19019320240419154124000281
法治天地,http://[2409:8087:5e08:25::4]:6610/000000001000/9001547084732463424/index.m3u8?channel-id=bestzb&Contentid=9001547084732463424&Ace
法治天地,http://[2409:8087:1e01:20::3]/PLTV/11/224/3221225994/index.m3u8
法治天地,http://[2409:8087:1e01:20::3]/PLTV/11/224/3221225994/1.m3u8
法治天地,http://[2409:8087:1e01:20::3]:80/PLTV/11/224/3221225994/1.m3u8
法治天地,http://iptv.666230.xyz/iptv/hnyx.php/fztx
生活时尚,https://stream1.freetv.fun/sheng-huo-shi-shang-13.m3u8
生活时尚,https://stream1.freetv.fun/sheng-huo-shi-shang-17.ctv
爱情公寓,http://173.208.234.146/live/vlaqgy.m3u8
凤凰中文,http://cdn5.1678520.xyz:80/live/live2.1.php?id=fhzw
凤凰中文,http://cdn.163.dedyn.io/live/fhzw/stream.m3u8
凤凰中文,http://cdn.163189.xyz/live/fhzw/stream.m3u8
凤凰中文,http://www.terrykang.cn:5678/sxg.php?id=test1_4000
凤凰中文,http://dbiptv.sn.chinamobile.com/PLTV/88888890/224/3221226547/index.m3u8
凤凰中文,http://php.17186.eu.org/phtv/fhzw.m3u8
凤凰资讯,http://php.jdshipin.com:8880/smt.php?id=phoenixinfo_hd
凤凰资讯,https://cdn3.163189.xyz/live/fhzx/stream.m3u8
凤凰资讯,http://cdn5.1678520.xyz:80/live/live2.1.php?id=fhzx
凤凰资讯,https://cdn6.163189.xyz/live/fhzx/stream.m3u8
凤凰资讯,http://cdn3.163189.xyz/live/fhzx/stream.m3u8
凤凰资讯,http://www.terrykang.cn:5678/sxg.php?id=test2_4000
凤凰资讯,https://k44991.kylintv.tv/live/pxinhd_iphone.m3u8
凤凰资讯,http://dbiptv.sn.chinamobile.com/PLTV/88888890/224/3221226546/index.m3u8
凤凰资讯,http://hwrr.jx.chinamobile.com:8080/PLTV/88888888/224/3221226274/index.m3u8
凤凰资讯,http://cdn3.132.us.kg/live/fhzx/stream.m3u8
凤凰香港,http://php.jdshipin.com:8880/smt.php?id=hkphoenix_twn
凤凰香港,https://cdn6.163189.xyz/live/fhhk/stream.m3u8
凤凰香港,http://cdn3.132.us.kg/live/fhhk/stream.m3u8
凤凰香港,http://php.17186.eu.org/phtv/fhhk.m3u8
凤凰香港,http://[2409:8087:3869:8021:1001::e5]:6610/PLTV/88888910/224/3221226251/index.m3u8
凤凰香港,http://hwrr.jx.chinamobile.com:8080/PLTV/88888888/224/3221226251/index.m3u8
凤凰香港,https://smart.pendy.dpdns.org/Smart.php?id=hkphoenix_twn
凤凰香港,http://r.jdshipin.com/yDoTN
凤凰香港,http://wo.xiang.lai.ge.bi.jiao.chang.de.yu.ming.wan.wan.jie.xi.bu.zhi.dao.ke.bu.ke.xing.hk3.345888.xyz.cdn.cloudflare.net/gt/aktv.php?variable=null-5
凤凰香港,http://iptv.diyp.site/公众号【DIYP】.php?key=gat5&id=f2ad963332e3a496326ee97dc82c475e
凤凰卫视,http://cdn.132.us.kg/live/fhzw/stream.m3u8
凤凰卫视,http://php.jdshipin.com:8880/smt.php?id=phoenixtv_hd
凤凰卫视,https://smart.pendy.dpdns.org/Smart.php?id=phoenixtv_hd
凤凰卫视,http://221.7.175.154:8445/tsfile/live/1020_1.m3u8?key=txiptv&playlive=1&authid=0
生活时尚,https://stream1.freetv.fun/sheng-huo-shi-shang-9.ctv
生活时尚,https://stream1.freetv.fun/sheng-huo-shi-shang-29.m3u8
生活时尚,https://stream1.freetv.fun/sheng-huo-shi-shang-5.ctv
纪晓岚,http://alist.xicp.fun:35455/yy/1382781415#https://live.metshop.top/yy/1382781415
我的体育老师,http://jiaojirentv.top/2020/yy.php?id=1382745169
巩汉林小品,http://120.78.6.151:8968/yy.php?id=1354889035
相声小品,http://live.nctv.top/douyu1.php?id=9286868
蔡明小品,http://120.78.6.151:8968/yy.php?id=1354936177
赵本山小品,http://jiaojirentv.top/2020/yy.php?id=1354936217
东北热剧,http://ottrrs.hl.chinamobile.com/PLTV/88888888/224/3221225741/index.m3u8
中国功夫,http://ottrrs.hl.chinamobile.com/PLTV/88888888/224/3221225681/index.m3u8
军事评论,http://ottrrs.hl.chinamobile.com/PLTV/88888888/224/3221225668/index.m3u8
军旅剧场,http://ottrrs.hl.chinamobile.com/PLTV/88888888/224/3221225676/index.m3u8
军旅剧场,http://kkk.888.3116598.xyz/api.php?n=tttt&id=0Ef35E&tk=FgM0vQMejxvG
军旅剧场,http://123.118.55.165:45237/tsfile/live/1012_1.m3u8?key=txiptv&playlive=1&authid=0
农业致富,http://ottrrs.hl.chinamobile.com/PLTV/88888888/224/3221225683/index.m3u8
动作电影,http://ottrrs.hl.chinamobile.com/PLTV/88888888/224/3221225661/index.m3u8
动作电影,https://iptv.catvod.com/live.php?id=NewTV%E5%8A%A8%E4%BD%9C%E7%94%B5%E5%BD%B1
动作电影,http://dassby.qqff.top:99/live/CHC动作电影/index.m3u8
古装剧场,http://ottrrs.hl.chinamobile.com/PLTV/88888888/224/3221225663/index.m3u8
古装剧场,http://123.118.55.165:45237/tsfile/live/1014_1.m3u8?key=txiptv&playlive=1&authid=0
古装剧场,http://kkk.888.3116598.xyz/api.php?n=tttt&id=tpn6wv&tk=FgM0vQMejxvG
哒啵赛事,http://ottrrs.hl.chinamobile.com/PLTV/88888888/224/3221225675/index.m3u8
家庭剧场,http://ottrrs.hl.chinamobile.com/PLTV/88888888/224/3221225677/index.m3u8
怡伴健康,http://ottrrs.hl.chinamobile.com/PLTV/88888888/224/3221225673/index.m3u8
惊悚悬疑,http://ottrrs.hl.chinamobile.com/PLTV/88888888/224/3221225665/index.m3u8
明星大片,http://ottrrs.hl.chinamobile.com/PLTV/88888888/224/3221225664/index.m3u8
欢乐剧场,http://ottrrs.hl.chinamobile.com/PLTV/88888888/224/3221225742/index.m3u8
武搏世界,http://ottrrs.hl.chinamobile.com/PLTV/88888888/224/3221225680/index.m3u8
海外剧场,http://ottrrs.hl.chinamobile.com/PLTV/88888888/224/3221225671/index.m3u8
潮妈辣婆,http://ottrrs.hl.chinamobile.com/PLTV/88888888/224/3221225685/index.m3u8
炫舞未来,http://ottrrs.hl.chinamobile.com/PLTV/88888888/224/3221225719/index.m3u8
爱情喜剧,http://ottrrs.hl.chinamobile.com/PLTV/88888888/224/3221225669/index.m3u8
精品体育,http://ottrrs.hl.chinamobile.com/PLTV/88888888/224/3221225674/index.m3u8
精品大剧,http://ottrrs.hl.chinamobile.com/PLTV/88888888/224/3221225670/index.m3u8
精品纪录,http://ottrrs.hl.chinamobile.com/PLTV/88888888/224/3221225672/index.m3u8
精品萌宠,http://ottrrs.hl.chinamobile.com/PLTV/88888888/224/3221226508/index.m3u8
纪实科教,http://ottrrs.hl.chinamobile.com/PLTV/88888888/224/3221225729/index.m3u8
纪实科教,http://120.76.248.139/live/bfgd/4200000113.m3u8
超级体育,http://ottrrs.hl.chinamobile.com/PLTV/88888888/224/3221225715/index.m3u8
超级电影,http://ottrrs.hl.chinamobile.com/PLTV/88888888/224/3221225717/index.m3u8
超级电视剧,http://ottrrs.hl.chinamobile.com/PLTV/88888888/224/3221225716/index.m3u8
超级综艺,http://ottrrs.hl.chinamobile.com/PLTV/88888888/224/3221225714/index.m3u8
金牌综艺,http://ottrrs.hl.chinamobile.com/PLTV/88888888/224/3221225666/index.m3u8
黑莓动画,http://ottrrs.hl.chinamobile.com/PLTV/88888888/224/3221225662/index.m3u8
黑莓动画,http://kkk.888.3116598.xyz/api.php?n=tttt&id=pHqT4g&tk=FgM0vQMejxvG
黑莓电影,http://ottrrs.hl.chinamobile.com/PLTV/88888888/224/3221225743/index.m3u8
黑莓电影,https://epg.pw/stream/ffcb6572863f0745a7369fbd9d901f1dfd0ab8fab8bad8bebb4e01c90b303c47.m3u8
ELEVEN体育1,https://stream1.freetv.fun/eltaai-er-da-ti-yu--1--wj-1.ctv
ELEVEN体育2,https://stream1.freetv.fun/eltaai-er-da-ti-yu--2--wj-1.ctv
生活时尚,https://stream1.freetv.fun/sheng-huo-shi-shang-4.ctv
TVBS亚洲,http://d2e1asnsl7br7b.cloudfront.net/7782e205e72f43aeb4a48ec97f66ebbe/index_5.m3u8?zshijd
TVBS亚洲,http://38.64.72.148:80/hls/modn/list/4005/chunklist0.m3u8
TVBS亚洲,http://185.243.7.13:80/play/live.php?mac=00:1A:79:45:5E:9A&stream=941621&extension=ts&play_token=vFR5CkmzbA
纬来体育,http://yc.myds.me:35455/itv/5000000010000017540.m3u8?cdn=bestzb
纬来体育,https://smart.pendy.dpdns.org/Smart.php?id=videolandsport
纬来体育,http://iptv.diyp.site/公众号【DIYP】.php?key=gat5&id=8d6457d1b6c00daea5b90e3c3cb2fde8
纬来体育,https://cdn.iptv8k.top/dl/jrys.php?id=291&time=20240926215313&ip=111.229.253.40
纬来体育,http://zb.xmzb.xyz/123.php?id=⚽马上oppppp一纬来体育
纬来体育,http://dassby.qqff.top:99/live/辽宁体育/index.m3u8
纬来体育,rtmp://116.93.98.236/sat/tv721.flv
纬来体育,rtmp://220.130.201.73/sat/tv721
纬来体育,rtmp://60.248.77.83/sat/tv721
纬来体育,rtmp://9hv9.mine.nu/sat/tv721.flv
纬来育乐,http://iptv.diyp.site/公众号【DIYP】.php?key=gat5&id=b42811cf86d52427b10f21ae97d5693c
纬来育乐,rtmp://116.93.98.236/sat/tv701.flv
纬来育乐,rtmp://220.130.201.73/sat/tv701
纬来育乐,rtmp://9hv9.mine.nu/sat/tv701
纬来育乐,rtmp://60.248.77.83/sat/tv701
生活时尚,https://stream1.freetv.fun/sheng-huo-shi-shang-24.m3u8
生活时尚,https://stream1.freetv.fun/sheng-huo-shi-shang-28.m3u8
五星体育,https://t.freetv.fun/live/wu-xing-ti-yu.m3u8
五星体育,https://t.freetv.fun/live/wu-xing-ti-yu-4.m3u8
五星体育,https://stream1.freetv.fun/wu-xing-ti-yu-9.m3u8
五星体育,https://stream1.freetv.fun/ipv6-wu-xing-ti-yu-7.m3u8
五星体育,https://stream1.freetv.fun/wu-xing-ti-yu-5.m3u8
五星体育,https://stream1.freetv.fun/wu-xing-ti-yu-15.m3u8
五星体育,https://stream1.freetv.fun/wu-xing-ti-yu-10.m3u8
五星体育,https://stream1.freetv.fun/wu-xing-ti-yu-1.m3u8
五星体育,https://stream1.freetv.fun/wu-xing-ti-yu-7.m3u8
五星体育,https://stream1.freetv.fun/ipv6-wu-xing-ti-yu-6.m3u8
五星体育,https://stream1.freetv.fun/ipv6-wu-xing-ti-yu-8.m3u8
五星体育,https://stream1.freetv.fun/wu-xing-ti-yu-13.ctv
五星体育,https://stream1.freetv.fun/ipv6-wu-xing-ti-yu-10.m3u8
五星体育,https://stream1.freetv.fun/wu-xing-ti-yu-4.m3u8
五星体育,https://stream1.freetv.fun/ipv6-wu-xing-ti-yu-2.m3u8
五星体育,http://63.141.230.178:82/gslb/zbdq5.m3u8?id=wxtyhd
五星体育,https://stream1.freetv.fun/wu-xing-ti-yu-14.m3u8
五星体育,https://stream1.freetv.fun/wu-xing-ti-yu-3.m3u8
五星体育,https://stream1.freetv.fun/wu-xing-ti-yu-6.m3u8
五星体育,https://stream1.freetv.fun/wu-xing-ti-yu-13.m3u8
劲爆体育,http://t.061899.xyz/tl/tl.php?id=jbty
劲爆体育,http://120.238.94.82:9901/tsfile/live/1086_1.m3u8
劲爆体育,http://183.237.95.108:9901/tsfile/live/1074_1.m3u8?key=txiptv&playlive=0&authid=0
劲爆体育,http://t.061899.xyz/tl/dq.php?id=jbty
劲爆体育,http://8.138.7.223/tv/migu3.php?id=jbty
咪咕体育,http://ottrrs.hl.chinamobile.com/PLTV/88888888/224/3221226398/index.m3u8
咪咕体育,https://t.freetv.fun/live/mi-gu-ti-yu.m3u8
睛彩竞技,http://ottrrs.hl.chinamobile.com/PLTV/88888888/224/3221226472/index.m3u8
睛彩竞技,http://kkk.888.3116598.xyz/api.php?n=tttt&id=i210MD&tk=FgM0vQMejxvG
睛彩竞技,http://kkk.888.3116598.xyz/api.php?n=tttt&id=2TKnNO&tk=FgM0vQMejxvG
睛彩竞技,http://kkk.888.3116598.xyz/api.php?n=tttt&id=49nLjl&tk=FgM0vQMejxvG
睛彩篮球,http://ottrrs.hl.chinamobile.com/PLTV/88888888/224/3221226469/index.m3u8
睛彩篮球,http://kkk.888.3116598.xyz/api.php?n=tttt&id=nXR0Sc&tk=FgM0vQMejxvG
睛彩篮球,http://kkk.888.3116598.xyz/api.php?n=tttt&id=ATiiGA&tk=FgM0vQMejxvG
睛彩篮球,http://kkk.888.3116598.xyz/api.php?n=tttt&id=imBKNx&tk=FgM0vQMejxvG
睛彩羽毛球,http://kkk.888.3116598.xyz/api.php?n=tttt&id=spzlFo&tk=FgM0vQMejxvG
生活时尚,https://stream1.freetv.fun/sheng-huo-shi-shang-1.ctv
生活时尚,https://stream1.freetv.fun/sheng-huo-shi-shang-2.ctv
J2,http://php.jdshipin.com:8880/PLTV/iptv.php?id=j2
Viutv,http://php.jdshipin.com:8880/PLTV/iptv.php?id=viutv
Viutv,http://iptv.diyp.site/公众号【DIYP】.php?key=gat5&id=4f0dd8b20a195bdf2dcf5540f665ee0b
Viutv,https://turkmedya-live.ercdn.net/tv360/tv360.m3u8
三立台湾,http://zb.xmzb.xyz/123.php?id=⚽马上oppppp一三立台湾
无线新闻,http://php.jdshipin.com:8880/TVOD/iptv.php?id=tvbxw
无线新闻,https://cdn9.163189.xyz/smt3.1.1.php?id=inews_twn
无线新闻,http://cdn9.163189.xyz/smt1.1.php?id=inews_twn
无线新闻,https://v2hcdn.jdshipin.com/news/news.stream/chunklist_w105.m3u8
无线新闻,http://v2hcdn.jdshipin.com/news/news.stream/chunklist_w1005.m3u8
无线新闻,http://iptv.diyp.site/公众号【DIYP】.php?key=gat5&id=f7b4583df4a36084ee912dbe42ae7432
三立新闻,https://tv.iill.top/4gtv/229
三立新闻,https://raw.githubusercontent.com/ChiSheng9/iptv/master/TV32.m3u8
三立新闻,http://wo.xiang.lai.ge.bi.jiao.chang.de.yu.ming.wan.wan.jie.xi.bu.zhi.dao.ke.bu.ke.xing.hk3.345888.xyz.cdn.cloudflare.net/gt/aktv.php?variable=null-14
三立新闻,http://iptv.diyp.site/公众号【DIYP】.php?key=gat5&id=db8e1e5ca873263badcb5fe80cf52d5f
三立新闻,http://zb.xmzb.xyz/123.php?id=⚽马上oppppp一三立INEW
东森综合,https://smart.pendy.dpdns.org/Smart.php?id=ettvzhonghe
东森综合,https://cdn.iptv8k.top/dl/jrys.php?id=220&time=20240926215313&ip=111.229.253.40
东森超视,https://smart.pendy.dpdns.org/Smart.php?id=ettvsuper
东森超视,http://iptv.diyp.site/公众号【DIYP】.php?key=gat5&id=163e6c3e3bd21f2beb6af46d4b6b9353
东森超视,https://cdn.iptv8k.top/dl/jrys.php?id=216&time=20240926215313&ip=111.229.253.40
东森超视,http://38.64.72.148:80/hls/modn/list/2013/chunklist0.m3u8#rtmp://f13h.mine.nu/sat/tv331
东森超视,rtmp://116.93.98.236/sat/tv331.flv
东森超视,rtmp://220.130.201.73/sat/tv331
东森超视,rtmp://60.248.77.83/sat/tv331
东森超视,rtmp://9hv9.mine.nu/sat/tv331.flv
东森电影,http://mytv.cdn.com.mp/live/dsdy/stream.m3u8
东森电影,https://smart.pendy.dpdns.org/Smart.php?id=ettvmovie
东森电影,http://iptv.diyp.site/公众号【DIYP】关注一下啊.php?key=gat2&id=11
靖天资讯,https://cdn.iptv8k.top/dl/jrys.php?id=315&time=20240926215313&ip=111.229.253.40
第一财经,http://[2409:8087:5e00:24::2d]:6610/000000001000/1/5000000010000027146/index.m3u8?channel-id=bestzb&Contentid=5000000010000027146&livemode=1&stbId=3
辽宁体育,http://120.76.248.139/live/bfgd/4200000611.m3u8
辽宁体育,https://stream1.freetv.fun/liao-zhu-ti-yu-3.m3u8
辽宁体育,http://dassby.qqff.top:99/live/辽宁体育/index.m3u8
辽宁体育,http://119.29.233.26:1234/962067526#,http://63.141.230.178:82/gslb/zbdq5.m3u8?id=lnty
风云足球,http://38.75.136.137:98/gslb/dsdqpub/fyzq.m3u8?auth=testpub
风云足球,https://epg.pw/stream/6d7bf281e3d739806a73f5373acaa6e01988ec9739f5ac1355ce54b47a928472.m3u8
风云足球,http://63.141.230.178:82/gslb/zbdq5.m3u8?id=fyzq
风云足球,http://120.76.248.139/live/bfgd/4200000225.m3u8
风云足球,http://dassby.qqff.top:99/live/风云足球/index.m3u8
风云足球,http://207.56.13.146:81/cdnlive/fyzq.m3u8
风云足球,http://104.152.209.49:8181/720p/fyzq.m3u8
魅力足球,https://stream1.freetv.fun/mei-li-zu-qiu-1.m3u8
魅力足球,https://stream1.freetv.fun/ipv6-mei-li-zu-qiu-4.m3u8
魅力足球,https://stream1.freetv.fun/mei-li-zu-qiu-4.ctv
魅力足球,https://stream1.freetv.fun/ipv6-mei-li-zu-qiu-5.m3u8
魅力足球,https://stream1.freetv.fun/mei-li-zu-qiu-3.m3u8
魅力足球,https://stream1.freetv.fun/mei-li-zu-qiu-5.ctv
魅力足球,https://stream1.freetv.fun/ipv6-mei-li-zu-qiu-3.m3u8
魅力足球,https://stream1.freetv.fun/mei-li-zu-qiu-2.m3u8
魅力足球,http://dassby.qqff.top:99/live/快乐垂钓/index.m3u8
魅力足球,http://t.061899.xyz/tl/tl.php?id=mlzq
魅力足球,http://8.138.7.223/tv/migu3.php?id=mlzq
咪咕视频,http://kkk.888.3116598.xyz/api.php?n=tttt&id=bRumHS&tk=FgM0vQMejxvG
咪咕体育,http://ottrrs.hl.chinamobile.com/PLTV/88888888/224/3221226398/index.m3u8
咪咕体育,https://t.freetv.fun/live/mi-gu-ti-yu.m3u8
游戏风云,http://t.061899.xyz/tl/tl.php?id=yxfy
游戏风云,http://dassby.qqff.top:99/live/游戏风云/index.m3u8
第一财经,http://ls.qingting.fm/live/276.m3u8
第一财经,http://yc.myds.me:35455/itv/5000000010000027146.m3u8?cdn=bestzb
星卫娱乐,http://61.162.52.6:8088/newlive/live/hls/60/live.m3u8
CHC家庭影院,http://z.b.bkpcp.top/m.php?id=chcjtyy
CHC家庭影院,http://gat.bkpcp.top/ymg.php?id=jtyy
CHC家庭影院,http://goo.bkpcp.top/mg/jtyy
CHC家庭影院,https://www.freetv.top/migu/644368373.m3u8?migutoken=893aa32f9d861d92c0661b8125e5b12471106642e4d0f341956e45e2f60dbb2179c3b5b6f05c2e8242e24d254815578255456ce991c2d337b226ce49c025efe16f2d4715157e642b7447f0bf06
CHC家庭影院,http://eastscreen.tv/ooooo.php?id=chcjt
CHC家庭影院,http://[2409:8087:4c0a:22:1::11]:6410/170000001115/UmaiCHAN63807601b19dd/index.m3u8?m3u8_level=2
CHC家庭影院,http://sport.pendy.dpdns.org/migu/644368373?token=BCDxUPC2aE0y0iz8JYzYhWA21b8DBPXm4Tw9nHe0T-ftD1MRmsBCXZPPiHXeDz7cNybVmmXGazeeaHKpxyYgEA
CHC家庭影院,https://mursor.ottiptv.cc/migu/644368373.m3u8?migutoken=eda0112e6a1f0fac1c6d7d1bba6e6bf6f4bad80594800fe209a244e76507b80132e671dc1045ca63e497f73f714e92acba8837381116572cad1ef61ce9ddcc4ec333dd4414d08865970e33e630
CHC家庭影院,https://migu.188766.xyz/?migutoken=1d2aae4c4233178928277e5322b57c56&id=CHC%E5%AE%B6%E5%BA%AD%E5%BD%B1%E9%99%A2&pp=1
CHC家庭影院,https://mgtv.ottiptv.cc/mg/644368373.m3u8?sign=bda539eec2bb0ede8adbb107fcdc9993&tm=1757355490&token=072f4527703a45daa10a910c53fd653d5df5967341cf62fd859165a75cc3b6f2ae98138455253d9c9ac756a91e35dab648886b61f038012df542942ca2502a10bbd4d0abfb15d675d25435f808
CHC动作电影,http://z.b.bkpcp.top/m.php?id=dzdy CCTV1 综合
CHC动作电影,http://goo.bkpcp.top/mg/dzdy
CHC动作电影,http://tv.scjyhd.com:4022/udp/239.11.0.142:5140
CHC动作电影,http://ottrrs.hl.chinamobile.com/TVOD/88888888/224/3221225661/index.m3u8
CHC动作电影,http://[2409:8087:1a01:df::4021]:80/TVOD/88888888/224/3221225555/main.m3u8
CHC动作电影,https://www.freetv.top/migu/644368714.m3u8?migutoken=2e48d18419793654f347e8ca29e0028ce9f3eaaa7a108b006304178b8f790f34908f8a09bbb8f4b8b8abcf36e2341f1043dde8719cf4927fcd0dcde4667f8b91e68e820314791d9b70452862c9
CHC动作电影,https://stream.freetv.fun/2f2e29b8759a2458730dc1f3686024472691952a50e787fe075944d0cb17f36e.ctv
CHC动作电影,http://eastscreen.tv/ooooo.php?id=chcdz
CHC动作电影,http://[2409:8087:4c0a:22:1::11]:6410/170000001115/UmaiCHAN6380763222d00/index.m3u8?m3u8_level=2
CHC动作电影,http://data.3g.yy.com/live/hls/1382735573/1382735573
CHC高清电影,http://183.237.95.108:9901/tsfile/live/1008_1.m3u8?key=txiptv&playlive=0&authid=0
CHC高清电影,rtsp://115.153.247.80/PLTV/88888888/224/3221226990/86128784.smil
CHC高清电影,rtsp://115.153.230.145/PLTV/88888888/224/3221226990/86128784.smil
CHC高清电影,rtsp://115.153.222.112:554/PLTV/88888888/224/3221226990/86128784.smil
淘剧场,http://[2409:8087:1:20:20::26]/otttv.bj.chinamobile.com/PLTV/88888888/224/3221226553/1.m3u8?GuardEncType=2&accountinfo=%7E%7EV2.0%7EQaJ92NID2SpQlY6_VJVogg%7E_eNUbgU9sJGUcVVduOMKhafLvQUgE_zlz_7pvDimJNOuQYJeiYEeFWTkFfE86Vq-%2CEND
淘剧场,http://dsj.motem.top:8880/bptv/10000100000000050000000003887497.m3u8
第一财经,https://live.lalifeier.eu.org/kankanews/dycj.m3u8?t=1746393735&key=7b164ddded8a7d9ea3ba4a8d86999077
第一财经,https://live.lalifeier.eu.org/kankanews/dycj.m3u8?t=1746379256&key=e6deaa8fc1e0662447be8f3b7c649f70
游戏风云,http://8.138.7.223/tv/migu3.php?id=yxfy
解说_亮哥讲电影,https://lbds.us.ci/16144175
解说_大象放映室,https://lbds.us.ci/21277391
解说_小川侃电影,https://lbds.us.ci/15870999
解说_扁豆看电影,https://lbds.us.ci/16028551
解说_斌哥漫说,https://lbds.us.ci/18632116
解说_涵哥评电影,https://lbds.us.ci/16865726
解说_电影狂人,https://lbds.us.ci/18715610
解说_科幻梦工场,https://lbds.us.ci/15152155
解说_越哥说电影,https://lbds.us.ci/15894162
解说_阿斗说电影,https://lbds.us.ci/13303478
解说_阿良说剧,https://lbds.us.ci/20488841
淘剧场,http://zjzcf.synology.me:35455/bptv/10000100000000050000000003887497.m3u8
第一财经,https://live.lalifeier.eu.org/kankanews/dycj.m3u8?t=1746292937&key=8dbd6113ce0541e6b92e8f47782ef1f6
第一财经,https://live.lalifeier.eu.org/kankanews/dycj.m3u8?t=1746307365&key=7477fec974c356ed2cf91be43a1dc893
第一财经,https://stream1.freetv.fun/ipv6-di-yi-cai-jing-8.m3u8
第一财经,https://stream1.freetv.fun/di-yi-cai-jing-13.m3u8
第一财经,https://stream1.freetv.fun/di-yi-cai-jing-6.ctv
纪实人文,http://ottrrs.hl.chinamobile.com/PLTV/88888888/224/3221225738/index.m3u8
纪实人文,http://[2409:8087:5e00:24::1e]:6060/200000001898/460000089800010067/1.m3u8
纪实人文,https://stream1.freetv.fun/ipv6-ji-shi-ren-wen-12.m3u8
都市剧场,https://satellitepull.cnr.cn/live/wxcqxwgb/playlist.m3u8
都市剧场,http://iptv.cdn.ha.chinamobile.com/PLTV/88888888/224/3221226694/index.m3u8
都市剧场,https://hls-gateway.vpstv.net/streams/708845.m3u8
都市剧场,http://[2409:8087:5e00:24::1e]:6060/000000001000/5000000011000031111/1.m3u8
都市剧场,http://[2409:8087:5e08:25::4]:6610/000000001000/5000000011000031111/index.m3u8?channel-id=bestzb&Contentid=5000000011000031111&Ace
都市剧场,http://[2409:8087:1e01:20::3]/PLTV/11/224/3221225762/index.m3u8
都市剧场,http://[2409:8087:1e01:20::3]:80/PLTV/11/224/3221225762/index.m3u8
都市剧场,https://shyd.695847.xyz/cms001/ch00000090990000001203/index.m3u8?IASHttpSessionId=RR4967720251014100028031761&ispcode=12
都市剧场,http://[2409:8087:1e01:20::3]/PLTV/11/224/3221226155/index.m3u8
都市剧场,http://iptv.666230.xyz/iptv/hnyx.php/dsjc
金山电视台,https://pili-live-hls.wdit.com.cn/wditlive/8818dfe5f4df45ba9a3f32964d172fb2b6d3.m3u8
璧山综合,http://222.179.42.129:8181/hls1.m3u8?zzhongqd
铜梁综合,http://183.64.174.171:40123/ch1.m3u8
铜梁综合,http://183.64.174.171:40123/ch1.m3u8?zzhongqd
重庆汽摩,http://183.230.184.51:65500/tntv1.m3u8?zzhongqd
荣昌综合,http://183.64.181.25:40023/rongchang01.m3u8
荣昌综合,http://183.64.181.25:40023/rongchang01.m3u8?%E5%85%B3%E6%B3%A8%E5%BE%AE%E4%BF%A1%E5%85%AC%E4%BC%97%E5%8F%B7[%E6%99%B4%E5%9B%AD]
江津新闻综合,http://222.179.155.21:1935/ch1.m3u8?%E5%85%B3%E6%B3%A8%E5%BE%AE%E4%BF%A1%E5%85%AC%E4%BC%97%E5%8F%B7[%E6%99%B4%E5%9B%AD]
江津新闻综合,http://222.179.155.21:1935/ch1.m3u8
江津新闻综合,http://222.179.155.21:1935/ch1.m3u8?zzhongqd
垫江综合,rtmp://play-sh.quklive.com/live/1672366847646284
重庆时尚购物,http://183.220.107.138:4022/rtp/239.10.0.169:5140
东海新闻,http://iptv.666230.xyz/iptv/jsyd.php/jsdonghaixinwen
优漫卡通,http://php.jdshipin.com/TVOD/hnyd.php?id=200000001898/460000089800010118
优漫卡通,http://z.b.bkpcp.top/m.php?id=ymkt
优漫卡通,http://[2409:8087:1a01:df::7005]/ottrrs.hl.chinamobile.com/PLTV/2/224/3221225656/2.m3u8
优漫卡通,https://live.lalifeier.eu.org/jstv/ymkt.m3u8?t=1745796321&key=a52fbb40a8c25dfa0feef5a1b4b5910d
优漫卡通,https://live.lalifeier.eu.org/jstv/ymkt.m3u8?t=1746307365&key=c18c5077358ab692ad43005bbc7b32bd
优漫卡通,https://www.freetv.top/migu/626064703.m3u8?migutoken=deac6c5275081b54ad412a195e499b7c0cb8f04446b6c80aaa9d3eb1063d620261c68202d59aea05060007b58a62d5d208f16379d861d6f1627c10c9dd894f0bf7e3ca97b04696255e193e871c
优漫卡通,https://www.freetv.top/migu/626064703.m3u8?migutoken=7f7c4b909389a0cd5172701768041a0f3887534c4534a68bf1dc85550389e9ab156655484be16e89604513fde9da2f036ebae28d31515b0be32eb12462f5de9d9cab8f00c44671241d5c6e1356
优漫卡通,https://stream1.freetv.fun/you-man-qia-tong-11.m3u8
优漫卡通,http://[2409:8087:8:21::18]:6610/otttv.bj.chinamobile.com/PLTV/88888888/224/3221226932/1.m3u8
优漫卡通,http://iptv.cdn.ha.chinamobile.com/PLTV/88888888/224/3221226406/index.m3u8
南京信息,http://live.nbs.cn/channels/njtv/xxpd/500k.m3u8?zjiangsd
南京十八,http://z.b.bkpcp.top/m.php?id=njsb
南京十八,http://live.nbs.cn/channels/njtv/sbpd/500k.m3u8
南京十八,https://live.nbs.cn/channels/njtv/sbpd/m3u8:500k/live.m3u8
南京十八,https://www.freetv.top/migu/838151753.m3u8?migutoken=8d26f1ff3a7322649e82c96f1a66d55d677c626a8ee62463a8c2625094b8270bd4345b1d0806f71840b81eac2b68f3a2aeabe6407feb4ee2f36580799b57c48c1418a87aee8ca513ec1544ca7a
南京十八,https://mgtv.ottiptv.cc/migu/838151753.m3u8?migutoken=e1c3c9e2e67541d90ea94c4c917f96ecf43c6c0ae7c616929d8676e7c14bc5587ba870ce22575333640bfff61b05d4d468f6564c6251023f1ad20957cfe3b2c12e71b4662f83dce5d920a86c29
南京十八,https://migu.188766.xyz/?migutoken=f0e690fa7de59aaad328a7b4a38196cf&id=%E5%8D%97%E4%BA%AC%E5%8D%81%E5%85%AB%E9%A2%91%E9%81%93&type=yy
南京十八,https://mursor.ottiptv.cc/migu/838151753.m3u8?migutoken=71f2d3c2ed881bd3f09c8b8ff0a21c6c25b10c8e1f523debcb58cb9212792cdfaa95632b2b8fdccfd7deb5ee9f2b4f71bb6d8d903d73327707e481c372345073d32bac152ad0eb00b164075b13
南京十八,http://gslbmgsplive.miguvideo.com/migu/kailu/nanjingsb/50/20230719/index.m3u8?msisdn=202509190801349730ff2fd0254ae4ad096d68d3fc7f35&mdspid=&spid=699067&netType=0&sid=5910021864&pid=2028597139&timestamp=20250919080134&Channel_ID=0116_2600000900-99000-201600010010027&ProgramID=838151753&ParentNodeID=-99&assertID=5910021864&client_ip=106.13.250.88&SecurityKey=20250919080134&promotionId=&mvid=5900006207&mcid=500020&playurlVersion=WX-A1-8.9.1-RELEASE&userid=&jmhm=&videocodec=h264&bean=mgspad&tid=android&conFee=0&puData=b0d57eedc76b6ea1b6b460ea0a8ac2d3&ddCalcu=3bd0e2d1c58a708eae0dace7066b46be6ab1
南京十八,https://migu.188766.xyz/?migutoken=d20c86b1b7bcef398b4e8dcde8b4e229&id=%E5%8D%97%E4%BA%AC%E5%8D%81%E5%85%AB%E9%A2%91%E9%81%93&type=yy
南京十八,http://gslbmgsplive.miguvideo.com/migu/kailu/nanjingsb/50/20230719/index.m3u8?msisdn=2025102308014162d44288f10c4a84b8b27a5f80ee99fd&mdspid=&spid=699067&netType=0&sid=5910021864&pid=2028597139&timestamp=20251023080141&Channel_ID=0116_2600000900-99000-201600010010027&ProgramID=838151753&ParentNodeID=-99&assertID=5910021864&client_ip=106.13.250.83&SecurityKey=20251023080141&promotionId=&mvid=5900006207&mcid=500020&playurlVersion=WX-A1-8.9.2-RELEASE&userid=&jmhm=&videocodec=h264&bean=mgspad&tid=android&conFee=0&puData=5a6e4ed4765e04fdb8e8bd37c3607a6c&ddCalcu=c56aea627e80406e3dc47736d5be80e48fbd
南京娱乐,http://live.nbs.cn/channels/njtv/ylpd/500k.m3u8?zjiangsd
南京少儿,http://live.nbs.cn/channels/njtv/sepd/nbs23.m3u8
南京少儿,https://live.nbs.cn/channels/njtv/sepd/nbs23.m3u8
南京少儿,http://nklive.nbs.cn/hls/e0981f3f-1a20-4a59-b8d1-17feb83a4610/index.m3u8
淘剧场,http://missyao.com:35455/bptv/10000100000000050000000003887497.m3u8
淘娱乐,http://[2409:8087:1:20:20::2c]/otttv.bj.chinamobile.com/PLTV/88888888/224/3221226551/1.m3u8?GuardEncType=2&accountinfo=%7E%7EV2.0%7Ex0efg9fpenP8E8lWJUb5Lg%7E_eNUbgU9sJGUcVVduOMKhafLvQUgE_zlz_7pvDimJNNg3bzRax0E9tLmO9xgXVx8%2CEND
淘娱乐,http://dsj.motem.top:8880/bptv/10000100000000050000000003887499.m3u8
淘娱乐,http://zjzcf.synology.me:35455/bptv/10000100000000050000000003887499.m3u8
淘娱乐,http://missyao.com:35455/bptv/10000100000000050000000003887499.m3u8
淘电影,http://[2409:8087:1:20:20::26]/otttv.bj.chinamobile.com/PLTV/88888888/224/3221226552/1.m3u8?GuardEncType=2&accountinfo=%7E%7EV2.0%7EXOsrWMA-UCdUl1hQSR9EKw%7E_eNUbgU9sJGUcVVduOMKhafLvQUgE_zlz_7pvDimJNNg3bzRax0E9tLmO9xgXVx8%2CEND
淘电影,http://yc.myds.me:35455/bptv/10000100000000050000000003887498.m3u8
淘电影,http://nas.suntao.online:35455/bptv/10000100000000050000000003887498.m3u8
淘电影,http://dsj.motem.top:8880/bptv/10000100000000050000000003887498.m3u8
NewTV惊悚悬疑,http://php.jdshipin.com/TVOD/hnyd.php?id=200000001898/460000089800010077
NewTV惊悚悬疑,http://ottrrs.hl.chinamobile.com/PLTV/88888888/224/3221225665/index.m3u8
NewTV惊悚悬疑,http://yc.myds.me:35455/itv/1000000004000024282.m3u8?cdn=ystenlive
NewTV惊悚悬疑,http://3501776.xyz:35455/itv/1000000004000024282.m3u8?cdn=ystenlive
NewTV动作电影,http://php.jdshipin.com/TVOD/hnyd.php?id=200000001898/460000089800010003
NewTV动作电影,http://yc.myds.me:35455/itv/1000000004000018653.m3u8?cdn=ystenlive
NewTV动作电影,http://3501776.xyz:35455/itv/1000000004000018653.m3u8?cdn=ystenlive
黑莓电影,http://php.jdshipin.com/TVOD/hnyd.php?id=200000001898/460000089800010073
黑莓电影,http://ottrrs.hl.chinamobile.com/TVOD/88888888/224/3221225743/index.m3u8
南京教科,http://live.nbs.cn/channels/njtv/jkpd/nbs06.m3u8
南京教科,http://z.b.bkpcp.top/m.php?id=njkj
南京教科,https://live.nbs.cn/channels/njtv/jkpd/nbs06.m3u8
南京教科,https://www.freetv.top/migu/838153729.m3u8?migutoken=68341b05540f514ec344fce1684f8a66005aec759b66a516681cab444a9ba187b5fe8f24736f20a63bce950472d823cb104a3f9b1e3d92a9aaca7c063902981bf22e9689666398fd6a3f36c311
南京教科,https://mgtv.ottiptv.cc/migu/838153729.m3u8?migutoken=0427a8c0867765b66984ce8ef774d494eeb52a2d6a7eefe17c4b03fa30923700917323b8951caa30617f3eecc1db2844cdff2f7470556533fbc072ad7a7cb0c6284344cc57983294a2b26f4303
南京教科,https://migu.188766.xyz/?migutoken=86098e6420f5a0e910566b8ddc67d470&id=%E5%8D%97%E4%BA%AC%E6%95%99%E7%A7%91%E9%A2%91%E9%81%93&type=yy
南京教科,https://mursor.ottiptv.cc/migu/838153729.m3u8?migutoken=98de282c32eafc9a4b5acb6a30e117df1024ef4fac48d0348aa808540419b9072643b9f63e1411783dd42b9978f99128ce02062868fedeb4af89c194b9aa6722196b357ace002aa267e696cb66
南京教科,http://gslbmgsplive.miguvideo.com/migu/kailu/nanjingkj/50/20230719/index.m3u8?msisdn=2025091908013422d2a0f4ed5e4511b896d3d3645248f2&mdspid=&spid=699067&netType=0&sid=5910021865&pid=2028597139&timestamp=20250919080134&Channel_ID=0116_2600000900-99000-201600010010027&ProgramID=838153729&ParentNodeID=-99&assertID=5910021865&client_ip=106.13.250.88&SecurityKey=20250919080134&promotionId=&mvid=5900006205&mcid=500020&playurlVersion=WX-A1-8.9.1-RELEASE&userid=&jmhm=&videocodec=h264&bean=mgspad&tid=android&conFee=0&puData=52692ec9c72414583509ce0cd575172e&ddCalcu=e522e7611985207e5cd9cc07e2c491045538
南京教科,https://migu.188766.xyz/?migutoken=a6883f8a1ea5cd2a7868aa888d093f75&id=%E5%8D%97%E4%BA%AC%E6%95%99%E7%A7%91%E9%A2%91%E9%81%93&type=yy
解说_鱼丸电影,https://lbds.us.ci/16615910
黑莓电影,http://[2409:8087:1a01:df::4001]:80/TVOD/88888888/224/3221225681/main.m3u8
南京教科,http://gslbmgsplive.miguvideo.com/migu/kailu/nanjingkj/50/20230719/index.m3u8?msisdn=20251023080141d50925a1117343ecb53b23bb6266f888&mdspid=&spid=699067&netType=0&sid=5910021865&pid=2028597139&timestamp=20251023080141&Channel_ID=0116_2600000900-99000-201600010010027&ProgramID=838153729&ParentNodeID=-99&assertID=5910021865&client_ip=106.13.250.83&SecurityKey=20251023080141&promotionId=&mvid=5900006205&mcid=500020&playurlVersion=WX-A1-8.9.2-RELEASE&userid=&jmhm=&videocodec=h264&bean=mgspad&tid=android&conFee=0&puData=b2b216d53c7175e66065d308271343c9&ddCalcu=9bc2e3b2428310167d25830c37d157650e66
南京新闻综合,http://z.b.bkpcp.top/m.php?id=njxwzh
南京新闻综合,http://live.nbs.cn/channels/njtv/xwzh/nbs06.m3u8
南京新闻综合,https://live.nbs.cn/channels/njtv/xwzh/nbs06.m3u8
南京新闻综合,https://www.freetv.top/migu/838109047.m3u8?migutoken=74a123656ffd42bf35e581516bd59c04fe4bcfe92f39e16931582e1b674ff2fc4d90da5f9b3dc796b8700456682cfb198f958ef81602312978e5168c1b35bb475fe775bf234a1c7965f918691c
南京新闻综合,https://mgtv.ottiptv.cc/migu/838109047.m3u8?migutoken=d3d943815e6d6e9e9493a9b4b1d5a1d360bb5f3c04230f6d4d71f7f7c9f30771d321f1c262008c92ffde17fef4a62d1e1c58d5a9454573fb1489994d9be29f4e1cc7786813b671581eda4b9439
南京新闻综合,https://migu.188766.xyz/?migutoken=dded42c9656aee80f87270572030de96&id=%E5%8D%97%E4%BA%AC%E6%96%B0%E9%97%BB%E7%BB%BC%E5%90%88%E9%A2%91%E9%81%93&type=yy
南京新闻综合,https://mursor.ottiptv.cc/migu/838109047.m3u8?migutoken=fc1711b9c156db946a3c118fc27dae4c680e060dce4ac71e6daee3575118e0d40e394f66435e2a580495ab5e9c3d79668b5ed551ad777e18298343a466ce1308e398329241cfb78dcbdced39b1
南京新闻综合,http://gslbmgsplive.miguvideo.com/migu/kailu/nanjingxwzh/50/20230719/index.m3u8?msisdn=202509190801346040f34e796a43e3821e1db9273c556a&mdspid=&spid=699067&netType=0&sid=5910021863&pid=2028597139&timestamp=20250919080134&Channel_ID=0116_2600000900-99000-201600010010027&ProgramID=838109047&ParentNodeID=-99&assertID=5910021863&client_ip=106.13.250.88&SecurityKey=20250919080134&promotionId=&mvid=5900006203&mcid=500020&playurlVersion=WX-A1-8.9.1-RELEASE&userid=&jmhm=&videocodec=h264&bean=mgspad&tid=android&conFee=0&puData=de89fe41d47757280f2c68af5d15033a&ddCalcu=ad3ee3810985f01ed451fda48767c527f208
南京新闻综合,https://migu.188766.xyz/?migutoken=4ff8d407dadeaa1f66d0c47a97191939&id=%E5%8D%97%E4%BA%AC%E6%96%B0%E9%97%BB%E7%BB%BC%E5%90%88%E9%A2%91%E9%81%93&type=yy
南京新闻综合,http://gslbmgsplive.miguvideo.com/migu/kailu/nanjingxwzh/50/20230719/index.m3u8?msisdn=20251023080141b90781bc871243ca9ccefdd19990364a&mdspid=&spid=699067&netType=0&sid=5910021863&pid=2028597139&timestamp=20251023080141&Channel_ID=0116_2600000900-99000-201600010010027&ProgramID=838109047&ParentNodeID=-99&assertID=5910021863&client_ip=106.13.250.83&SecurityKey=20251023080141&promotionId=&mvid=5900006203&mcid=500020&playurlVersion=WX-A1-8.9.2-RELEASE&userid=&jmhm=&videocodec=h264&bean=mgspad&tid=android&conFee=0&puData=147e2c56380633b791b7bb2fc8bdccc9&ddCalcu=91c4ec72ce8d20bc85c6f328b0b673b31b97
南京生活,https://live.nbs.cn/channels/njtv/shpd/m3u8:500k/live.m3u8
南通新闻综合,https://mgtv.ottiptv.cc/migu/955227985.m3u8?migutoken=03e9c85f19b5ac291f5863436507873a8f47ec3c677c7857c89bda5778edc8e38fc38b4270aa374c49eee39b39ffaf80a20b750130c27760df766c0cf7b5d437be8dc60c1ced9117d98f6c9b3e
黑莓电影,http://[2409:8087:1a01:df::4077]:80/ottrrs.hl.chinamobile.com/PLTV/88888888/224/3221225666/index.m3u8
黑莓电影,http://[2409:8087:1:20:20::27]/otttv.bj.chinamobile.com/PLTV/88888888/224/3221226939/1.m3u8?GuardEncType=2&accountinfo=%7E%7EV2.0%7E kBVQL3MtyiM0GGQzuPjqAQ%7EtP4-l0lmSfjwLWEfK_el1vH_mv-s1zo4AQJwdedaVwG9xkuFTDg8J26cwOrNJzn20BErrHdLhuZ9EzLUCD3PMW-OMx4MGteHV2vLeW6BqoY%2CEND
黑莓电影,http://[2409:8087:2001:20:2800:0:df6e:eb08]/ott.mobaibox.com/PLTV/3/224/3221227520/index.m3u8
黑莓电影,http://[2409:8087:3869:8021:1001::e5]:6610/PLTV/88888888/224/3221225764/2/index.m3u8
黑莓电影,http://[2409:8087:1a0b:df::4014]:80/ottrrs.hl.chinamobile.com/PLTV/88888888/224/3221225743/index.m3u8
黑莓电影,http://otttv.bj.chinamobile.com/PLTV/88888888/224/3221226939/1.m3u8?GuardEncType=2&accountinfo=%7E%7EV2.0%7EkBVQL3MtyiM0GGQzuPjqAQ%7EtP4-l0lmSfjwLWEfK_el1vH_mv-s1zo4AQJwdedaVwG9xkuFTDg8J26cwOrNJzn20BErrHdLhuZ9EzLUCD3PMW-OMx4MGteHV2vLeW6BqoY%2CEND
黑莓电影,http://[2409:8087:8:21::18]:6610/otttv.bj.chinamobile.com/PLTV/88888888/224/3221226939/1.m3u8?
纬来电影,http://free.cnlive.club/channel/581b458b.m3u8?q=111.170.171.148
靖天映画,http://breezy-audrie-zspace-7524863c.koyeb.app/vipsir?token=leifeng&id=4gtv-4gtv055
靖天映画,https://4gtv.dxjc.pp.ua/li-4gtv-4gtv055/index.m3u8
靖天映画,https://mao.ffmking888.dpdns.org/?id=6Z2W5aSp5pig55Wr&auth=30234cedf871581989d3c91a3daec1e9f50e024aafcfa2247e7d44d91bb8d02fbc3f571b2d67f9d82642cc1d0f133d89
靖天戏剧,http://serv00.bkpcp.top/litv3.php?id=4gtv-4gtv058
靖天戏剧,http://breezy-audrie-zspace-7524863c.koyeb.app/vipsir?token=leifeng&id=4gtv-4gtv058
靖天戏剧,https://mao.ffmking888.dpdns.org/?id=6Z2W5aSp5oiy5YqH5Yaw&auth=30234cedf871581989d3c91a3daec1e9f50e024aafcfa2247e7d44d91bb8d02fbc3f571b2d67f9d82642cc1d0f133d89
星卫娱乐,http://61.162.52.6:8088/newlive/live/hls/60/live.m3u8
南通新闻综合,https://mursor.ottiptv.cc/migu/955227985.m3u8?migutoken=be267bde65321b03020def1e8efad6d03353e251d524566f48e873e9dd9d55f8c97e4ed4b30ee9079e46ad70c47b5fd76ddb351b8c4a1d3425dc45a91518f7dfe8f2ca008c97ab08852dbe49c3
南通新闻综合,https://migu.188766.xyz/?migutoken=61a3a9103235260cc82c94647d760ce5&id=%E5%8D%97%E9%80%9A%E6%96%B0%E9%97%BB%E7%BB%BC%E5%90%88&type=yy
南通新闻综合,http://gslbmgsplive.miguvideo.com/migu/kailu/ntxwzh/51/20250604/index.m3u8?msisdn=202509190801352ef9ff3bad3f4a65b064683f87e439c3&mdspid=&spid=699067&netType=0&sid=5910022178&pid=2028597139&timestamp=20250919080135&Channel_ID=0116_2600000900-99000-201600010010027&ProgramID=955227985&ParentNodeID=-99&assertID=5910022178&client_ip=106.13.250.88&SecurityKey=20250919080135&promotionId=&mvid=5900006706&mcid=500020&playurlVersion=WX-A1-8.9.1-RELEASE&userid=&jmhm=&videocodec=h264&bean=mgspad&tid=android&conFee=0&puData=98aea868da861defcb53a7c9f1ba5a81&ddCalcu=1988eaa15e5aa0b816f89dca78a6315dbecf
南通新闻综合,https://migu.188766.xyz/?migutoken=3f29f213c39df8e4e7c4ae826f3db9ae&id=%E5%8D%97%E9%80%9A%E6%96%B0%E9%97%BB%E7%BB%BC%E5%90%88&type=yy
南通新闻综合,https://iptv.catvod.com/live.php?id=%E5%8D%97%E9%80%9A%E6%96%B0%E9%97%BB%E7%BB%BC%E5%90%88
南通新闻综合,http://gslbmgsplive.miguvideo.com/migu/kailu/ntxwzh/51/20250604/index.m3u8?msisdn=202510230801432bba200bfb354535b9886f031208cce3&mdspid=&spid=699067&netType=0&sid=5910022178&pid=2028597139&timestamp=20251023080143&Channel_ID=0116_2600000900-99000-201600010010027&ProgramID=955227985&ParentNodeID=-99&assertID=5910022178&client_ip=106.13.250.83&SecurityKey=20251023080143&promotionId=&mvid=5900006706&mcid=500020&playurlVersion=WX-A1-8.9.2-RELEASE&userid=&jmhm=&videocodec=h264&bean=mgspad&tid=android&conFee=0&puData=2e507c0ae7d1d63de0a405794c6b1217&ddCalcu=721ee252105b706cc04a9e775d014da603ed
南通新闻综合,http://gslbmgsplive.miguvideo.com/migu/kailu/ntxwzh/51/20250604/index.m3u8?msisdn=202510240800592b66efbec2f342349068cf9b89987f0e&mdspid=&spid=699067&netType=0&sid=5910022178&pid=2028597139&timestamp=20251024080059&Channel_ID=0116_2600000900-99000-201600010010027&ProgramID=955227985&ParentNodeID=-99&assertID=5910022178&client_ip=106.13.250.88&SecurityKey=20251024080059&promotionId=&mvid=5900006706&mcid=500020&playurlVersion=WX-A1-8.9.2-RELEASE&userid=&jmhm=&videocodec=h264&bean=mgspad&tid=android&conFee=0&puData=c30e235addfb289fd6b4a087caa89b23&ddCalcu=3c23eb029e5820a3a5ca7d8d0fab42b869df
南通新闻综合,http://gslbmgsplive.miguvideo.com/migu/kailu/ntxwzh/51/20250604/index.m3u8?msisdn=20251025080102df5bfd8079f1495a93b5db8970ebcd80&mdspid=&spid=699067&netType=0&sid=5910022178&pid=2028597139&timestamp=20251025080102&Channel_ID=0116_2600000900-99000-201600010010027&ProgramID=955227985&ParentNodeID=-99&assertID=5910022178&client_ip=106.13.250.90&SecurityKey=20251025080102&promotionId=&mvid=5900006706&mcid=500020&playurlVersion=WX-A1-8.9.2-RELEASE&userid=&jmhm=&videocodec=h264&bean=mgspad&tid=android&conFee=0&puData=bce85213974cffcdcc52779b9d090656&ddCalcu=6b5ce6e208595002d193b997747c2f5fcccd
南通新闻综合,http://gslbmgsplive.miguvideo.com/migu/kailu/ntxwzh/51/20250604/index.m3u8?msisdn=2025110308005777011739c2954d3aa536005ebe28dc05&mdspid=&spid=699067&netType=0&sid=5910022178&pid=2028597139&timestamp=20251103080057&Channel_ID=0116_2600000900-99000-201600010010027&ProgramID=955227985&ParentNodeID=-99&assertID=5910022178&client_ip=106.13.250.89&SecurityKey=20251103080057&promotionId=&mvid=5900006706&mcid=500020&playurlVersion=WX-A1-8.10.1-RELEASE&userid=&jmhm=&videocodec=h264&bean=mgspad&tid=android&conFee=0&puData=463bb2d4fe3f4543ddf4639cb4d8f36f&ddCalcu=f466e330fb58b0d24db4cf9e336f44f5d4d3
句容党建,http://jrlive.jrntv.com:80/live/dangjian/playlist.m3u8
句容党建,http://jrlive.jrntv.com/live/_definst_/dangjians/playlist.m3u8?%E5%85%B3%E6%B3%A8%E5%BE%AE%E4%BF%A1%E5%85%AC%E4%BC%97%E5%8F%B7[%E6%99%B4%E5%9B%AD]
句容党建,http://jrlive.jrntv.com/live/_definst_/dangjians/playlist.m3u8
句容影院,http://jrlive.jrntv.com/live/_definst_/yingshis/chunklist_w1994429382.m3u8?zjiangsd
句容新闻综合,http://jrlive.jrntv.com/live/_definst_/jrxwzhs/playlist.m3u8?zjiangsd
句容新闻综合,http://jrlive.jrntv.com/live/_definst_/jrxwzhs/playlist.m3u8
句容生活,http://jrlive.jrntv.com/live/_definst_/shenghuos/playlist.m3u8?%E5%85%B3%E6%B3%A8%E5%BE%AE%E4%BF%A1%E5%85%AC%E4%BC%97%E5%8F%B7[%E6%99%B4%E5%9B%AD]
句容生活,http://jrlive.jrntv.com/live/_definst_/shenghuos/playlist.m3u8
宜兴新闻,https://stream1.freetv.fun/yi-xing-xin-wen-1.m3u8
宜兴新闻,https://stream1.freetv.fun/yi-xing-xin-wen-2.m3u8
宜兴新闻,https://t.freetv.fun/live/yi-xing-xin-wen-1.m3u8
经典电影,http://goo.bkpcp.top/mg/jdxgdy
经典电影,http://tv.scjyhd.com:4022/udp/239.93.0.57:9024
经典电影,https://tv.iill.top/4gtv/201
宜兴新闻,http://gslbmgsplive.miguvideo.com/migu/kailu/yxxwzh/51/20250604/index.m3u8?msisdn=c4334cd837731065e39d85dadfc27a9e&mdspid=&spid=699067&netType=0&sid=5910022179&pid=2028597139&timestamp=20260515054817&Channel_ID=0116_2600034600-99000-201600010010028&ProgramID=955227996&ParentNodeID=-99&assertID=5910022179&client_ip=39.98.181.246&SecurityKey=20260515054817&promotionId=&mvid=5900006707&mcid=500020&playurlVersion=WX-A1-9.5.1-RELEASE&userid=&jmhm=&videocodec=h264&appCode=miguvideo_android&bean=mgspad&tid=android&conFee=0&puData=bde5aa1e0363f6ad7b423de7937e3a1e&ddCalcu=eb1dvaea35leaa7a319e70e3d6332f46ba7d&sv=10004&ct=android
宜兴新闻,http://gslbmgsplive.miguvideo.com/migu/kailu/yxxwzh/51/20250604/index.m3u8?msisdn=1d653a4080d206d7b4b399c6a7606355&mdspid=&spid=699067&netType=0&sid=5910022179&pid=2028597139&timestamp=20260516053937&Channel_ID=0116_2600034600-99000-201600010010028&ProgramID=955227996&ParentNodeID=-99&assertID=5910022179&client_ip=39.98.171.74&SecurityKey=20260516053937&promotionId=&mvid=5900006707&mcid=500020&playurlVersion=ZQ-A1-9.5.1-RELEASE&userid=&jmhm=&videocodec=h264&appCode=miguvideo_android&bean=mgspad&tid=android&conFee=0&puData=c9036845f793ec4b3d44b18c2d62822d&ddCalcu=dc29v20a83l26a68d425cf8719b34e4cd43b&sv=10004&ct=android
宜兴新闻,http://gslbmgsplive.miguvideo.com/migu/kailu/yxxwzh/51/20250604/index.m3u8?msisdn=300192a09d9e8f26a4638374d61a1701&mdspid=&spid=699067&netType=0&sid=5910022179&pid=2028597139&timestamp=20260517053155&Channel_ID=0116_2600034600-99000-201600010010028&ProgramID=955227996&ParentNodeID=-99&assertID=5910022179&client_ip=39.98.179.220&SecurityKey=20260517053155&promotionId=&mvid=5900006707&mcid=500020&playurlVersion=WX-A1-9.5.1-RELEASE&userid=&jmhm=&videocodec=h264&appCode=miguvideo_android&bean=mgspad&tid=android&conFee=0&puData=879062422c7d4634b5337ec4fe09eb9b&ddCalcu=b897vb9ae0l96a02e4f242cce77d343653b4&sv=10004&ct=android
宜兴新闻,http://gslbmgsplive.miguvideo.com/migu/kailu/yxxwzh/51/20250604/index.m3u8?msisdn=445c74e40d9eea8451644ad31a08df35&mdspid=&spid=699067&netType=0&sid=5910022179&pid=2028597139&timestamp=20260518053355&Channel_ID=0116_2600034600-99000-201600010010028&ProgramID=955227996&ParentNodeID=-99&assertID=5910022179&client_ip=39.98.179.220&SecurityKey=20260518053355&promotionId=&mvid=5900006707&mcid=500020&playurlVersion=WX-A1-9.5.1-RELEASE&userid=&jmhm=&videocodec=h264&appCode=miguvideo_android&bean=mgspad&tid=android&conFee=0&puData=490d626b0c4fa23dd38713687ad77abb&ddCalcu=b4b9va0a7dl76ad2a67b806c341f7a8233dd&sv=10004&ct=android
宜兴新闻,http://gslbmgsplive.miguvideo.com/migu/kailu/yxxwzh/51/20250604/index.m3u8?msisdn=b9d6d6e897b499a340a7e94de5d08050&mdspid=&spid=699067&netType=0&sid=5910022179&pid=2028597139&timestamp=20260519055010&Channel_ID=0116_2600034600-99000-201600010010028&ProgramID=955227996&ParentNodeID=-99&assertID=5910022179&client_ip=39.98.171.74&SecurityKey=20260519055010&promotionId=&mvid=5900006707&mcid=500020&playurlVersion=WX-A1-9.5.1-RELEASE&userid=&jmhm=&videocodec=h264&appCode=miguvideo_android&bean=mgspad&tid=android&conFee=0&puData=a31f940dff08e42175bbfa3c877daf14&ddCalcu=4a13vf1aafld9a74708dcf3fa0f8beb45271&sv=10004&ct=android
宜兴新闻,http://gslbmgsplive.miguvideo.com/migu/kailu/yxxwzh/51/20250604/index.m3u8?msisdn=41ee41857b194a3296ae21dda65d1e5a&mdspid=&spid=699067&netType=0&sid=5910022179&pid=2028597139&timestamp=20260520055838&Channel_ID=0116_2600034600-99000-201600010010028&ProgramID=955227996&ParentNodeID=-99&assertID=5910022179&client_ip=39.98.188.45&SecurityKey=20260520055838&promotionId=&mvid=5900006707&mcid=500020&playurlVersion=ZQ-A1-9.5.1-RELEASE&userid=&jmhm=&videocodec=h264&appCode=miguvideo_android&bean=mgspad&tid=android&conFee=0&puData=bf6bff85e15c8bc5fdfe69d42ed248ce&ddCalcu=ebcfv86a4bl2fadfe8254ed1956ce8fbdcf5&sv=10004&ct=android
宜兴新闻,http://gslbmgsplive.miguvideo.com/migu/kailu/yxxwzh/51/20250604/index.m3u8?msisdn=866e776061423c854414494d2893d81f&mdspid=&spid=699067&netType=0&sid=5910022179&pid=2028597139&timestamp=20260521052206&Channel_ID=0116_2600034600-99000-201600010010028&ProgramID=955227996&ParentNodeID=-99&assertID=5910022179&client_ip=39.98.185.189&SecurityKey=20260521052206&promotionId=&mvid=5900006707&mcid=500020&playurlVersion=ZQ-A1-9.5.1-RELEASE&userid=&jmhm=&videocodec=h264&appCode=miguvideo_android&bean=mgspad&tid=android&conFee=0&puData=9148596dfde7f58403fbddf8a3546e40&ddCalcu=0941ve4a68l45a5936ad8ffdded7bff53804&sv=10004&ct=android
宜兴紫砂,rtmp://yixing-tv-ori-hls.jstv.com/yixing-tv-ori/yixing_zs
宿迁公共,http://iptv.666230.xyz/iptv/jsyd.php/G_SQGG
常州公共,http://iptv.666230.xyz/iptv/jsyd.php/jsczgonggong
常州生活,http://iptv.666230.xyz/iptv/jsyd.php/jsczshenghuo
常州都市,http://iptv.666230.xyz/iptv/jsyd.php/jsczdushi
常熟民生,rtmp://cstvplay.21cs.cn/cstv2/cstv2
徐州公共,http://iptv.666230.xyz/iptv/jsyd.php/xzgg
徐州新聞綜合,http://z.b.bkpcp.top/m.php?id=xzxwzh
扬州邗江,http://cm-wshls.homecdn.com/live/8c3.m3u8
扬州邗江,https://cm-wshls.homecdn.com/live/8c3.m3u8
经典电影,https://mursor.ottiptv.cc/bilibili/1777481601
经典电影,https://yylunbo.ottiptv.cc/yy/1414812324
经典电影,http://zb.xmzb.xyz/888.php?id=be一一经典电影
经典电影,rtsp://118.212.169.207:554/PLTV/88888888/224/3221227322/10000100000000060000000001946404_0.smil
经典电影,rtsp://115.153.245.70/PLTV/88888888/224/3221227010/86440860.smil
经典电影,rtsp://115.153.254.81/PLTV/88888888/224/3221227010/86440860.smil
经典电影,rtsp://115.153.240.228:554/PLTV/88888888/224/3221227010/86440860.smil
天映经典,https://migu.188766.xyz/?migutoken=3637f4ae3861b554c9b368728cc8b391&id=Celestial2&type=dy
天映经典,https://classicarts.akamaized.net/hls/live/1024257/CAS/master.m3u8
天映经典,https://100.061833.xyz/stream/mytv/null-1/stream.m3u8?uid=3291919010&u=rty789&p=29624e2e4c4ccee26ed8f3e0ca1012ea57a8f2191be6149f632250f7036119cc
天映经典,http://free.cnlive.club/channel/n7e49c99a.m3u8
无线星河,http://php.jdshipin.com/smt.php?id=Xinhe
无线星河,https://cdn6.101.qzz.io/163189/tvbxh
星空卫视,http://tv.scjyhd.com:4022/udp/239.93.0.156:2193
星空卫视,http://iptv.huuc.edu.cn/hls/startv.m3u8
星空卫视,http://wouu.net:9977/udp/239.93.0.156:2193
星空卫视,http://iptv.diyp.site/公众号【DIYP】关注一下啊.php?key=gat1&id=19
星空卫视,http://122.224.58.42:85/tsfile/live/1024_1.m3u8?key=txiptv&playlive=1&authid=0
新沂新闻,http://live.xysrmt.cn/xwzh/sd/live.m3u8?zjiangsd"
新沂生活,http://live.xysrmt.cn/shpd/sd/live.m3u8?zjiangsd
无锡娱乐,https://stream.thmz.com/wxtv2/playlist.m3u8
无锡娱乐,http://stream.thmz.com/wxtv2/sd/live.m3u8?zjiangsd#http://stream.thmz.com/wxtv2/playlist.m3u8?_upt=5ff4061f1706166872#http://stream.thmz.com/wxtv2/playlist.m3u8#http://stream.thmz.com/wxtv2/sd/live.m3u8?_upt=acffe97a1704940314
无锡娱乐,http://stream.thmz.com/wxtv2/playlist.m3u8?_upt=5ff4061f1706166872
无锡娱乐,http://stream.thmz.com/wxtv2/sd/live.m3u8
无锡娱乐,http://stream.thmz.com/wxtv2/sd/live.m3u8?_upt=978cd8731706199708
无锡娱乐,http://stream.thmz.com/wxtv2/sd/live.m3u8?_upt=acffe97a1704940314
无锡新闻综合,http://stream.thmz.com/wxtv1/sd/live.m3u8?zjiangsd#http://stream.thmz.com/wxtv1/playlist.m3u8?_upt=156143371706166361#http://stream.thmz.com/wxtv1/sd/live.m3u8?_upt=4ba3ab191698644028#http://stream.thmz.com/wxtv1/playlist.m3u8
无锡新闻综合,http://m.m3u8.wifiwx.com/live/wifiwx-239.m3u8?zjiangsd
无锡新闻综合,http://stream.thmz.com/wxtv1/playlist.m3u8
无锡新闻综合,http://stream.thmz.com/wxtv1/playlist.m3u8?_upt=156143371706166361
无锡新闻综合,http://stream.thmz.com/wxtv1/sd/live.m3u8
无锡新闻综合,http://stream.thmz.com/wxtv1/sd/live.m3u8?_upt=4ba3ab191698644028
无锡生活,https://stream.thmz.com/wxtv4/playlist.m3u8
无锡生活,http://stream.thmz.com/wxtv4/playlist.m3u8?_upt=8c51357c1707362770
无锡生活,http://m.m3u8.wifiwx.com/live/wifiwx-244.m3u8?zjiangsd
无锡生活,http://stream.thmz.com/wxtv4/sd/live.m3u8
无锡生活,http://stream.thmz.com/wxtv4/sd/live.m3u8?_upt=978cd8731706199708
无锡经济,https://stream.thmz.com/wxtv5/playlist.m3u8
无锡经济,http://stream.thmz.com/wxtv5/sd/live.m3u8?zjiangsd#http://stream.thmz.com/wxtv5/playlist.m3u8?_upt=10155d141706166867#http://stream.thmz.com/wxtv5/playlist.m3u8#http://stream.thmz.com/wxtv5/sd/live.m3u8?_upt=cfacd5221704890772
无锡经济,http://stream.thmz.com/wxtv5/sd/live.m3u8?zjiangsd
东森电影,http://mytv.cdn.com.mp/live/dsdy/stream.m3u8
东森电影,https://smart.pendy.dpdns.org/Smart.php?id=ettvmovie
东森电影,http://iptv.diyp.site/公众号【DIYP】关注一下啊.php?key=gat2&id=11
龙祥电影,http://free.cnlive.club/channel/67548a4f.m3u8
东森洋片,https://hls.iill.top/api/dsyp/index.m3u8
东森洋片,http://free.cnlive.club/channel/n7160b4.m3u8?q=111.170.171.148
东森超视,https://smart.pendy.dpdns.org/Smart.php?id=ettvsuper
东森超视,http://iptv.diyp.site/公众号【DIYP】.php?key=gat5&id=163e6c3e3bd21f2beb6af46d4b6b9353
东森超视,https://cdn.iptv8k.top/dl/jrys.php?id=216&time=20240926215313&ip=111.229.253.40
东森超视,http://38.64.72.148:80/hls/modn/list/2013/chunklist0.m3u8#rtmp://f13h.mine.nu/sat/tv331
东森超视,rtmp://116.93.98.236/sat/tv331.flv
东森超视,rtmp://220.130.201.73/sat/tv331
东森超视,rtmp://60.248.77.83/sat/tv331
东森超视,rtmp://9hv9.mine.nu/sat/tv331.flv
咪咕直播2,http://[2409:8087:5e00:24::2d]:6610/000000001000/1/3000000001000005969/index.m3u8?channel-id=FifastbLive&Contentid=3000000001000005969&livemode=1&stbId=YanG-1989
咪咕直播3,http://[2409:8087:5e00:24::2d]:6610/000000001000/1/3000000001000007218/index.m3u8?channel-id=FifastbLive&Contentid=3000000001000007218&livemode=1&stbId=YanG-1989
咪咕直播4,http://[2409:8087:5e00:24::2d]:6610/000000001000/1/3000000001000008001/index.m3u8?channel-id=FifastbLive&Contentid=3000000001000008001&livemode=1&stbId=YanG-1989
咪咕直播5,http://[2409:8087:5e00:24::2d]:6610/000000001000/1/3000000001000008176/index.m3u8?channel-id=FifastbLive&Contentid=3000000001000008176&livemode=1&stbId=YanG-1989
咪咕直播6,http://[2409:8087:5e00:24::2d]:6610/000000001000/1/3000000001000008379/index.m3u8?channel-id=FifastbLive&Contentid=3000000001000008379&livemode=1&stbId=YanG-1989
咪咕直播7,http://[2409:8087:5e00:24::2d]:6610/000000001000/1/3000000001000010129/index.m3u8?channel-id=FifastbLive&Contentid=3000000001000010129&livemode=1&stbId=YanG-1989
咪咕直播8,http://[2409:8087:5e00:24::2d]:6610/000000001000/1/3000000001000010948/index.m3u8?channel-id=FifastbLive&Contentid=3000000001000010948&livemode=1&stbId=YanG-1989
咪咕直播9,http://[2409:8087:5e00:24::2d]:6610/000000001000/1/3000000001000028638/index.m3u8?channel-id=FifastbLive&Contentid=3000000001000028638&livemode=1&stbId=YanG-1989
咪咕直播10,http://[2409:8087:5e00:24::2d]:6610/000000001000/1/3000000001000031494/index.m3u8?channel-id=FifastbLive&Contentid=3000000001000031494&livemode=1&stbId=YanG-1989
咪咕直播11,http://[2409:8087:5e00:24::2d]:6610/000000001000/1/3000000010000000097/index.m3u8?channel-id=FifastbLive&Contentid=3000000010000000097&livemode=1&stbId=YanG-1989
咪咕直播12,http://[2409:8087:5e00:24::2d]:6610/000000001000/1/3000000010000002019/index.m3u8?channel-id=FifastbLive&Contentid=3000000010000002019&livemode=1&stbId=YanG-1989
咪咕直播13,http://[2409:8087:5e00:24::2d]:6610/000000001000/1/3000000010000002809/index.m3u8?channel-id=FifastbLive&Contentid=3000000010000002809&livemode=1&stbId=YanG-1989
咪咕直播14,http://[2409:8087:5e00:24::2d]:6610/000000001000/1/3000000010000003915/index.m3u8?channel-id=FifastbLive&Contentid=3000000010000003915&livemode=1&stbId=YanG-1989
咪咕直播15,http://[2409:8087:5e00:24::2d]:6610/000000001000/1/3000000010000004193/index.m3u8?channel-id=FifastbLive&Contentid=3000000010000004193&livemode=1&stbId=YanG-1989
咪咕直播16,http://[2409:8087:5e00:24::2d]:6610/000000001000/1/3000000010000005837/index.m3u8?channel-id=FifastbLive&Contentid=3000000010000005837&livemode=1&stbId=YanG-1989
咪咕直播17,http://[2409:8087:5e00:24::2d]:6610/000000001000/1/3000000010000006077/index.m3u8?channel-id=FifastbLive&Contentid=3000000010000006077&livemode=1&stbId=YanG-1989
咪咕直播18,http://[2409:8087:5e00:24::2d]:6610/000000001000/1/3000000010000006658/index.m3u8?channel-id=FifastbLive&Contentid=3000000010000006658&livemode=1&stbId=YanG-1989
咪咕直播19,http://[2409:8087:5e00:24::2d]:6610/000000001000/1/3000000010000009788/index.m3u8?channel-id=FifastbLive&Contentid=3000000010000009788&livemode=1&stbId=YanG-1989
无锡经济,http://stream.thmz.com/wxtv5/playlist.m3u8?_upt=10155d141706166867
无锡经济,http://stream.thmz.com/wxtv5/playlist.m3u8
无锡经济,http://stream.thmz.com/wxtv5/sd/live.m3u8?_upt=cfacd5221704890772
无锡经济,http://stream.thmz.com/wxtv5/playlist.m3u8?_upt=2e07387a1707368071
无锡经济,http://stream.thmz.com/wxtv5/sd/live.m3u8?_upt=978cd8731706199708
无锡经济,http://stream.thmz.com/wxtv5/sd/live.m3u8?_upt=31414f601706199828
无锡经济,http://stream.thmz.com/wxtv5/sd/live.m3u8
无锡都市资讯,http://stream.thmz.com/wxtv3/sd/live.m3u8?zjiangsd#http://stream.thmz.com/wxtv3/sd/live.m3u8?_upt=978cd8731706199708#http://stream.thmz.com/wxtv3/playlist.m3u8#http://stream.thmz.com/wxtv3/playlist.m3u8?_upt=1758133b1706166861
无锡都市资讯,http://stream.thmz.com/wxtv3/playlist.m3u8
无锡都市资讯,http://stream.thmz.com/wxtv3/playlist.m3u8?_upt=1758133b1706166861
无锡都市资讯,http://stream.thmz.com/wxtv3/sd/live.m3u8
无锡都市资讯,http://stream.thmz.com/wxtv3/sd/live.m3u8?_upt=978cd8731706199708
武进新闻,https://live.wjyanghu.com/live/CH1.m3u8
武进新闻,http://live.wjyanghu.com/live/CH1.m3u8?%E5%85%B3%E6%B3%A8%E5%BE%AE%E4%BF%A1%E5%85%AC%E4%BC%97%E5%8F%B7[%E6%99%B4%E5%9B%AD]
武进新闻,https://live.wjyanghu.com/live/CH1.m3u8?%E5%85%B3%E6%B3%A8%E5%BE%AE%E4%BF%A1%E5%85%AC%E4%BC%97%E5%8F%B7[%E6%99%B4%E5%9B%AD]
武进生活,https://live.wjyanghu.com/live/CH2.m3u8
武进生活,https://live.wjyanghu.com/live/CH2.m3u8?%E5%85%B3%E6%B3%A8%E5%BE%AE%E4%BF%A1%E5%85%AC%E4%BC%97%E5%8F%B7[%E6%99%B4%E5%9B%AD]
武进生活,http://live.wjyanghu.com/live/CH2.m3u8
江宁新闻,https://migu.188766.xyz/?migutoken=77969fb082a75b798578427f3570edd2&id=%E4%BD%93%E8%82%B2%E4%BC%91%E9%97%B2%E9%A2%91%E9%81%93&type=yy
江苏体育,https://migu.188766.xyz/?migutoken=77969fb082a75b798578427f3570edd2&id=%E4%BD%93%E8%82%B2%E4%BC%91%E9%97%B2%E9%A2%91%E9%81%93&type=yy
江苏体育,https://migu.188766.xyz/?migutoken=90d4e3f3f8a5288cc5aac4a92021e341&id=%E4%BD%93%E8%82%B2%E4%BC%91%E9%97%B2%E9%A2%91%E9%81%93&type=yy
江苏体育,https://migu.188766.xyz/?migutoken=af50fdc5b09032a97cf990bd6f36aef2&id=%E4%BD%93%E8%82%B2%E4%BC%91%E9%97%B2%E9%A2%91%E9%81%93&type=yy
江苏体育,https://migu.188766.xyz/?migutoken=25d75081796a390b82f0299988e556ac&id=%E4%BD%93%E8%82%B2%E4%BC%91%E9%97%B2%E9%A2%91%E9%81%93&type=yy
江苏体育,https://migu.188766.xyz/?migutoken=721cd3a9b6d2cd1a0e378a6a68ae2702&id=%E4%BD%93%E8%82%B2%E4%BC%91%E9%97%B2%E9%A2%91%E9%81%93&type=yy
江苏体育,https://migu.188766.xyz/?migutoken=e37f9d8dbdb18b5cdfd250b672323263&id=%E4%BD%93%E8%82%B2%E4%BC%91%E9%97%B2%E9%A2%91%E9%81%93&type=yy
江苏体育,https://stream1.freetv.fun/jiang-su-ti-yu-1.ctv
江苏体育,https://migu.188766.xyz/?migutoken=e7cad15a67e285fc33476bc66661384a&id=%E4%BD%93%E8%82%B2%E4%BC%91%E9%97%B2%E9%A2%91%E9%81%93&type=yy
江苏体育,https://stream1.freetv.fun/jiang-su-ti-yu-4.ctv
江苏体育,https://migu.188766.xyz/?migutoken=0a9b4a5bbdea61549a458d098b7c5096&id=%E4%BD%93%E8%82%B2%E4%BC%91%E9%97%B2%E9%A2%91%E9%81%93&type=yy
江苏公共,http://iptv.666230.xyz/iptv/jsyd.php/G_JSGG
江苏城市,http://z.b.bkpcp.top/m.php?id=jscs
江苏城市,https://stream1.freetv.fun/675206b8446ce719bfb293b5a5296db3aa26521c9810de7c996838247cc56964.ctv
江苏城市,https://mursor.ottiptv.cc/migu/626064714.m3u8?migutoken=b92ada516923349cef01531d5bff5992a22ba9122a3e7c2696e7edd09a971fa6e2a2e1a2209c9ab3c9a404643dce743a2de2a97c7793ae60e3b2614d285ec1c42bcb6619c30a8bb2923adbbb68
江苏城市,http://gslbmgsplive.miguvideo.com/wd_r2/jstv/jschengshi/600/index.m3u8?msisdn=202509030900312c5ad926e30449e5b9405f27a3fde9a6&mdspid=&spid=699067&netType=0&sid=5500260508&pid=2028597139&timestamp=20250903090031&Channel_ID=0116_2600037000-99000-200300220100002&ProgramID=626064714&ParentNodeID=-99&assertID=5500260508&client_ip=106.13.250.83&SecurityKey=20250903090031&promotionId=&mvid=5100186409&mcid=500020&playurlVersion=WX-A1-8.8.1-RELEASE&userid=&jmhm=&videocodec=h264&bean=mgspad&tid=android&conFee=0&puData=3712225a575d903704881b6443f50a06&ddCalcu=6307va1a02x52af2354a4567b51d89804307&sv=10004&ct=android
咪咕直播20,http://[2409:8087:5e00:24::2d]:6610/000000001000/1/3000000010000010833/index.m3u8?channel-id=FifastbLive&Contentid=3000000010000010833&livemode=1&stbId=YanG-1989
咪咕直播21,http://[2409:8087:5e00:24::2d]:6610/000000001000/1/3000000010000011297/index.m3u8?channel-id=FifastbLive&Contentid=3000000010000011297&livemode=1&stbId=YanG-1989
咪咕直播22,http://[2409:8087:5e00:24::2d]:6610/000000001000/1/3000000010000011518/index.m3u8?channel-id=FifastbLive&Contentid=3000000010000011518&livemode=1&stbId=YanG-1989
咪咕直播23,http://[2409:8087:5e00:24::2d]:6610/000000001000/1/3000000010000012558/index.m3u8?channel-id=FifastbLive&Contentid=3000000010000012558&livemode=1&stbId=YanG-1989
咪咕直播24,http://[2409:8087:5e00:24::2d]:6610/000000001000/1/3000000010000012616/index.m3u8?channel-id=FifastbLive&Contentid=3000000010000012616&livemode=1&stbId=YanG-1989
咪咕直播25,http://[2409:8087:5e00:24::2d]:6610/000000001000/1/3000000010000015470/index.m3u8?channel-id=FifastbLive&Contentid=3000000010000015470&livemode=1&stbId=YanG-1989
咪咕直播26,http://[2409:8087:5e00:24::2d]:6610/000000001000/1/3000000010000015560/index.m3u8?channel-id=FifastbLive&Contentid=3000000010000015560&livemode=1&stbId=YanG-1989
咪咕直播27,http://[2409:8087:5e00:24::2d]:6610/000000001000/1/3000000010000017678/index.m3u8?channel-id=FifastbLive&Contentid=3000000010000017678&livemode=1&stbId=YanG-1989
咪咕直播28,http://[2409:8087:5e00:24::2d]:6610/000000001000/1/3000000010000019839/index.m3u8?channel-id=FifastbLive&Contentid=3000000010000019839&livemode=1&stbId=YanG-1989
咪咕直播29,http://[2409:8087:5e00:24::2d]:6610/000000001000/1/3000000010000021904/index.m3u8?channel-id=FifastbLive&Contentid=3000000010000021904&livemode=1&stbId=YanG-1989
咪咕直播30,http://[2409:8087:5e00:24::2d]:6610/000000001000/1/3000000010000023434/index.m3u8?channel-id=FifastbLive&Contentid=3000000010000023434&livemode=1&stbId=YanG-1989
咪咕直播31,http://[2409:8087:5e00:24::2d]:6610/000000001000/1/3000000010000025380/index.m3u8?channel-id=FifastbLive&Contentid=3000000010000025380&livemode=1&stbId=YanG-1989
咪咕直播32,http://[2409:8087:5e00:24::2d]:6610/000000001000/1/3000000010000027691/index.m3u8?channel-id=FifastbLive&Contentid=3000000010000027691&livemode=1&stbId=YanG-1989
咪咕直播33,http://[2409:8087:5e00:24::2d]:6610/000000001000/1/3000000010000031669/index.m3u8?channel-id=FifastbLive&Contentid=3000000010000031669&livemode=1&stbId=YanG-1989
咪咕直播34,http://[2409:8087:5e00:24::2d]:6610/000000001000/1/3000000020000011518/index.m3u8?channel-id=FifastbLive&Contentid=3000000020000011518&livemode=1&stbId=YanG-1989
咪咕直播35,http://[2409:8087:5e00:24::2d]:6610/000000001000/1/3000000020000011519/index.m3u8?channel-id=FifastbLive&Contentid=3000000020000011519&livemode=1&stbId=YanG-1989
咪咕直播36,http://[2409:8087:5e00:24::2d]:6610/000000001000/1/3000000020000011520/index.m3u8?channel-id=FifastbLive&Contentid=3000000020000011520&livemode=1&stbId=YanG-1989
咪咕直播37,http://[2409:8087:5e00:24::2d]:6610/000000001000/1/3000000020000011521/index.m3u8?channel-id=FifastbLive&Contentid=3000000020000011521&livemode=1&stbId=YanG-1989
咪咕直播38,http://[2409:8087:5e00:24::2d]:6610/000000001000/1/3000000020000011522/index.m3u8?channel-id=FifastbLive&Contentid=3000000020000011522&livemode=1&stbId=YanG-1989
纬来体育,http://yc.myds.me:35455/itv/5000000010000017540.m3u8?cdn=bestzb
纬来体育,https://smart.pendy.dpdns.org/Smart.php?id=videolandsport
纬来体育,http://iptv.diyp.site/公众号【DIYP】.php?key=gat5&id=8d6457d1b6c00daea5b90e3c3cb2fde8
纬来体育,https://cdn.iptv8k.top/dl/jrys.php?id=291&time=20240926215313&ip=111.229.253.40
纬来体育,http://zb.xmzb.xyz/123.php?id=⚽马上oppppp一纬来体育
纬来体育,http://dassby.qqff.top:99/live/辽宁体育/index.m3u8
纬来体育,rtmp://116.93.98.236/sat/tv721.flv
纬来体育,rtmp://220.130.201.73/sat/tv721
纬来体育,rtmp://60.248.77.83/sat/tv721
纬来体育,rtmp://9hv9.mine.nu/sat/tv721.flv
五星体育,http://yc.myds.me:35455/itv/5000000010000017540.m3u8?cdn=bestzb
五星体育,https://live.v1.mk/api/bestv.php?id=wxtyhd8m/8000000
五星体育,http://[2409:8087:1e03:21::42]:6610/cms001/ch00000090990000001018/index.m3u8?
五星体育,https://migu.188766.xyz/?migutoken=245ce021c8cbf7bdfc87b00952b97040&id=%E4%BA%94%E6%98%9F%E4%BD%93%E8%82%B2&pp=1
五星体育,https://other.ottiptv.cc/wxty.m3u8
五星体育,http://bp-livetytv.bestv.cn/ch/bestvwxty.m3u8
劲爆体育,http://php.jdshipin.com/itv6s.php?cid=hnbblive&id=2000000002000000008
劲爆体育,http://z.b.bkpcp.top/m.php?id=jbty
劲爆体育,http://goo.bkpcp.top/mg/jbty
劲爆体育,https://www.freetv.top/migu/796071336.m3u8?migutoken=1cc947d86cb584c31c31c88c005d55965238dbfff7ed75fca8451aed0b564786fde7e4b327e93b92dc96ef57e64e3bb56e8a9e921338080cdae817cb6125d8450b687659ecfee06be9c5d53ac6
劲爆体育,https://live.v1.mk/api/ghyx.php?id=JinBaoTiYuHD_6000
劲爆体育,http://3501776.xyz:35455/itv/5000000002000029972.m3u8?cdn=bestzb
劲爆体育,http://183.237.95.108:9901/tsfile/live/1074_1.m3u8?key=txiptv&playlive=0&authid=0
爱体育,http://php.jdshipin.com:8880/itv6s.php?cid=wasusyt&id=6000000006000290630
江苏城市,https://mgtv.ottiptv.cc/migu/626064714.m3u8?migutoken=02cafbc9d94c9e5e26c383c50287313c55f7e68abea08e811428e9b13cd8e46f93919d1a0859b1c76d8e4e78e1f7b8a6f89d71daf38a8275ac7633b59bcdb7cbf189e3152afb4fa80fadf4b134
江苏城市,http://gslbmgsplive.miguvideo.com/wd_r2/jstv/jschengshi/600/index.m3u8?msisdn=2025102308014130dd0a5e627f42499c11a2ab2361d34e&mdspid=&spid=699067&netType=0&sid=5500260508&pid=2028597139&timestamp=20251023080141&Channel_ID=0116_2600000900-99000-201600010010027&ProgramID=626064714&ParentNodeID=-99&assertID=5500260508&client_ip=106.13.250.83&SecurityKey=20251023080141&promotionId=&mvid=5100186409&mcid=500020&playurlVersion=WX-A1-8.9.2-RELEASE&userid=&jmhm=&videocodec=h264&bean=mgspad&tid=android&conFee=0&puData=5d7ae839a5e5f0b92b0a6b3471204437&ddCalcu=753de4724a60e02813794a35be65af00bb29
江苏城市,https://stream1.freetv.fun/jiang-su-cheng-shi-7.m3u8
江苏城市,http://gslbmgsplive.miguvideo.com/wd_r2/jstv/jschengshi/600/index.m3u8?msisdn=202510240800588fc3b82544a14452832128fa5d5a06e0&mdspid=&spid=699067&netType=0&sid=5500260508&pid=2028597139&timestamp=20251024080058&Channel_ID=0116_2600000900-99000-201600010010027&ProgramID=626064714&ParentNodeID=-99&assertID=5500260508&client_ip=106.13.250.88&SecurityKey=20251024080058&promotionId=&mvid=5100186409&mcid=500020&playurlVersion=WX-A1-8.9.2-RELEASE&userid=&jmhm=&videocodec=h264&bean=mgspad&tid=android&conFee=0&puData=8926243c6d96bc2b45ee86fbcb2451f1&ddCalcu=18f9e12256642024b3ccb6fd6986ebec524b
江苏城市,http://gslbmgsplive.miguvideo.com/wd_r2/jstv/jschengshi/600/index.m3u8?msisdn=20251025080101ab69bd3b555244cebecc8604efb5a5a2&mdspid=&spid=699067&netType=0&sid=5500260508&pid=2028597139&timestamp=20251025080101&Channel_ID=0116_2600000900-99000-201600010010027&ProgramID=626064714&ParentNodeID=-99&assertID=5500260508&client_ip=106.13.250.90&SecurityKey=20251025080101&promotionId=&mvid=5100186409&mcid=500020&playurlVersion=WX-A1-8.9.2-RELEASE&userid=&jmhm=&videocodec=h264&bean=mgspad&tid=android&conFee=0&puData=683e0ed68a2d415532c228c24c8c2767&ddCalcu=7668e7322e6c008ecd4628ca822d24c12535
江苏城市,http://gslbmgsplive.miguvideo.com/wd_r2/jstv/jschengshi/600/index.m3u8?msisdn=202510260800570341656ce9a34a0299391875145072ee&mdspid=&spid=699067&netType=0&sid=5500260508&pid=2028597139&timestamp=20251026080057&Channel_ID=0116_2600000900-99000-201600010010027&ProgramID=626064714&ParentNodeID=-99&assertID=5500260508&client_ip=106.13.250.83&SecurityKey=20251026080057&promotionId=&mvid=5100186409&mcid=500020&playurlVersion=WX-A1-8.9.2-RELEASE&userid=&jmhm=&videocodec=h264&bean=mgspad&tid=android&conFee=0&puData=9dcd3c19797e0c00a88aca0c9a5b4642&ddCalcu=294de6c24d6b305ca199c709a7cea08c80a0
江苏影视,http://z.b.bkpcp.top/m.php?id=jsys
江苏影视,https://stream1.freetv.fun/a89dd489fa013bc4f36bcc4afe388f1783e2251c276e2566a9359d68a61c6d91.ctv
江苏影视,https://migu.188766.xyz/?migutoken=91756b74eb13850e4c87b15c25817e42&id=%E6%B1%9F%E8%8B%8F%E5%BD%B1%E8%A7%86%E9%A2%91%E9%81%93&type=yy
江苏影视,https://mursor.ottiptv.cc/migu/626064697.m3u8?migutoken=b73f8d78cfb5fb25d1b0e54e8b651db35d48ff071c6fe1f7826fcc4e6212a20ba7c8991185d03743da42bafdff874a4a03b5df60e7c2aa293ad3b34997faa082e300149433e3b1c2694909770b
江苏影视,http://gslbmgsplive.miguvideo.com/wd_r2/jstv/jsyingshi/600/index.m3u8?msisdn=2025090309003105f41cc73cf04c92833c2265c0140111&mdspid=&spid=699067&netType=0&sid=5500260517&pid=2028597139&timestamp=20250903090031&Channel_ID=0116_2600037000-99000-200300220100002&ProgramID=626064697&ParentNodeID=-99&assertID=5500260517&client_ip=106.13.250.83&SecurityKey=20250903090031&promotionId=&mvid=5100186424&mcid=500020&playurlVersion=WX-A1-8.8.1-RELEASE&userid=&jmhm=&videocodec=h264&bean=mgspad&tid=android&conFee=0&puData=6814112e9248d0d7b2bc482bd82b9897&ddCalcu=7698v81a94wb1a2182deb9228448cdb02db7&sv=10004&ct=android
江苏影视,https://mgtv.ottiptv.cc/migu/626064697.m3u8?migutoken=6508bc5fae9f621ed6ec72d39eb7f60ab52c4b412a5ee7f5b612640ecccbde1f9584f0a97aebc090cb58f73e9e079ced87b059526a6614b5a9ad5a23ff4863d36adcc1ed699583e058fac3330e
江苏影视,https://migu.188766.xyz/?migutoken=a308c85adb0e5626191f1f92114fec1c&id=%E6%B1%9F%E8%8B%8F%E5%BD%B1%E8%A7%86%E9%A2%91%E9%81%93&type=yy
江苏影视,http://gslbmgsplive.miguvideo.com/wd_r2/jstv/jsyingshi/600/index.m3u8?msisdn=20251023080142772bf60e882f42cebdb0f8be760fd6b7&mdspid=&spid=699067&netType=0&sid=5500260517&pid=2028597139&timestamp=20251023080142&Channel_ID=0116_2600000900-99000-201600010010027&ProgramID=626064697&ParentNodeID=-99&assertID=5500260517&client_ip=106.13.250.83&SecurityKey=20251023080142&promotionId=&mvid=5100186424&mcid=500020&playurlVersion=WX-A1-8.9.2-RELEASE&userid=&jmhm=&videocodec=h264&bean=mgspad&tid=android&conFee=0&puData=08704ae8cfefd451664dee9c23c79ed1&ddCalcu=10d8ee72906740ca3e28cc9feeefdd446561
江苏影视,https://migu.188766.xyz/?migutoken=023ca3fa558e18a1f99ec6d948ad8e9e&id=%E6%B1%9F%E8%8B%8F%E5%BD%B1%E8%A7%86%E9%A2%91%E9%81%93&type=yy
江苏影视,http://gslbmgsplive.miguvideo.com/wd_r2/jstv/jsyingshi/600/index.m3u8?msisdn=202510240800581f7cec0b4b0d4f85a55224d468cbc56d&mdspid=&spid=699067&netType=0&sid=5500260517&pid=2028597139&timestamp=20251024080058&Channel_ID=0116_2600000900-99000-201600010010027&ProgramID=626064697&ParentNodeID=-99&assertID=5500260517&client_ip=106.13.250.88&SecurityKey=20251024080058&promotionId=&mvid=5100186424&mcid=500020&playurlVersion=WX-A1-8.9.2-RELEASE&userid=&jmhm=&videocodec=h264&bean=mgspad&tid=android&conFee=0&puData=8a89abe289ca2d05b7f942cd6dbe231d&ddCalcu=d81ae382296ea0bbde62d8c92c4a92fd70b5
江苏教育,http://z.b.bkpcp.top/m.php?id=jsjy
江苏教育,http://goo.bkpcp.top/mg/jsjy
江苏教育,https://stream1.freetv.fun/7174b4fd66ddb2a7456b7040105dc27a1e57c166593870bb773cb5f6b4546c54.ctv
江苏教育,https://migu.188766.xyz/?migutoken=bfd96895aa8e3e9aa47561510518c058&id=%E6%B1%9F%E8%8B%8F%E6%95%99%E8%82%B2&type=yy
江苏教育,https://mursor.ottiptv.cc/migu/628008321.m3u8?migutoken=f23d4bcff80819f435db9a666e24d1bb6cb7daed4d5f480936906885f3d62861b56b769a71332c450d31bc8d287919f595d3e6345a45469a801811eaae8da0bc75fecc6ad6284507ffd4495d3d
江苏教育,http://gslbmgsplive.miguvideo.com/wd_r2/jstv/jsjiaoyu/600/index.m3u8?msisdn=20250903090031d7e536b9e78c4a42b0841922e44a4a36&mdspid=&spid=699067&netType=0&sid=5500287493&pid=2028597139&timestamp=20250903090031&Channel_ID=0116_2600037000-99000-200300220100002&ProgramID=628008321&ParentNodeID=-99&assertID=5500287493&client_ip=106.13.250.83&SecurityKey=20250903090031&promotionId=&mvid=5101012819&mcid=500020&playurlVersion=WX-A1-8.8.1-RELEASE&userid=&jmhm=&videocodec=h264&bean=mgspad&tid=android&conFee=0&puData=d3e3bd992ebf554d360ba9b83b9b179d&ddCalcu=dd93v7ea13bbba9db93982be9bafb505643d&sv=10004&ct=android
江苏教育,https://mgtv.ottiptv.cc/migu/628008321.m3u8?migutoken=2a14b3aabc488208548ee93104e880b74d4a395bfa44d7066aecd401da116ee25176f823087e3b4982d4720bd660d81bfff58ed9193c1df26c94a3e4f7a6c10952e5d975a5e4f6244fd9dcc62d
江苏教育,https://migu.188766.xyz/?migutoken=7033071779ec5fd7cf46066cc021214c&id=%E6%B1%9F%E8%8B%8F%E6%95%99%E8%82%B2&type=yy
江苏教育,http://gslbmgsplive.miguvideo.com/wd_r2/jstv/jsjiaoyu/600/index.m3u8?msisdn=202510230801429e18fd6e59b3463fbb4cb21323871fcd&mdspid=&spid=699067&netType=0&sid=5500287493&pid=2028597139&timestamp=20251023080142&Channel_ID=0116_2600000900-99000-201600010010027&ProgramID=628008321&ParentNodeID=-99&assertID=5500287493&client_ip=106.13.250.83&SecurityKey=20251023080142&promotionId=&mvid=5101012819&mcid=500020&playurlVersion=WX-A1-8.9.2-RELEASE&userid=&jmhm=&videocodec=h264&bean=mgspad&tid=android&conFee=0&puData=34594832361df23b864151102172f277&ddCalcu=7374e252f982407813220316115d1f42638b
江苏教育,https://migu.188766.xyz/?migutoken=81ed29aac10ed30ea808adbe9ef15937&id=%E6%B1%9F%E8%8B%8F%E6%95%99%E8%82%B2&type=yy
泗洪新闻综合,http://live1.habctv.com/ggpdsl/sd/live.m3u8?zjiangsd#http://live1.habctv.com/ggpdsl/sd/live.m3u8
泰州一套新闻综合,https://stream1.freetv.fun/tai-zhou-yi-tao-xin-wen-zong-he-4.m3u8
涟水电视台综合,rtmp://lianshui-tv-hls.cm.jstv.com/lianshui-tv/lsxw
涟水电视台综合,https://lianshui-tv-hls.cm.jstv.com:443/lianshui-tv/lsxw.m3u8
涟水电视台综合,http://lianshui-tv-hls.cm.jstv.com/lianshui-tv/lsxw.m3u8?zjiangsd,
涟水电视台综合,http://live1.habctv.com/ggpdsl/sd/live.m3u8?zjiangsd#http://live1.habctv.com/ggpdsl/sd/live.m3u8
涟水电视台综合,http://live1.habctv.com/ggpdsl/sd/live.m3u8?zjiangsd
涟水电视台综合,http://live1.habctv.com/ggpdsl/sd/live.m3u8
涟水电视台综合,http://lianshui-tv-hls.cm.jstv.com/lianshui-tv/lsxw.m3u8?zjiangsd
涟水综合,rtmp://lianshui-tv-hls.cm.jstv.com/lianshui-tv/lsxw
淮安公共,http://live1.habctv.com/ggpdsl/sd/live.m3u8?zjiangsd#http://live1.habctv.com/ggpdsl/sd/live.m3u8
淮安影院娱乐,http://live1.habctv.com/ysylsl/sd/live.m3u8?zjiangsd
淮安影院娱乐,http://live1.habctv.com/ysylsl/sd/live.m3u8
爱体育,http://[2409:8087:5e08:24::11]:6610/000000001000/2000000004000000060/index.m3u8?stbId=3&livemode=1&HlsProfileId=&channel-id=hnbblive&Contentid=2000000004000000060&IASHttpSessionId=OTT19019320240419154124000281
爱体育,http://[2409:8087:5e08:24::17]:6610/000000001000/2000000004000000060/index.m3u8?stbId=3&livemode=1&HlsProfileId=&channel-id=hnbblive&Contentid=2000000004000000060&IASHttpSessionId=OTT19019320240419154124000281
爱体育,http://[2409:8087:5e08:24::12]:6610/000000001000/2000000004000000000/index.m3u8?stbId=3&livemode=1&HlsProfileId=&channel-id=hnbblive&Contentid=2000000004000000060
爱体育,rtsp://180.95.143.19/PLTV/88888910/224/3221225508/10000100000000060000000000107288_0.smil
爱体育,rtsp://116.176.26.18/PLTV/88888910/224/3221225508/10000100000000060000000000107288_0.smil
爱体育,rtsp://118.212.169.207:554/PLTV/88888888/224/3221227315/10000100000000060000000001946406_0.smil
爱体育,rtsp://60.13.39.19/PLTV/88888910/224/3221225508/10000100000000060000000000107288_0.smil
爱体育,rtsp://60.13.23.179/PLTV/88888910/224/3221225508/10000100000000060000000000107288_0.smil
爱体育,rtsp://221.7.61.147/PLTV/88888910/224/3221225508/10000100000000060000000000107288_0.smil
超级体育,http://yc.myds.me:35455/itv/1000000001000009601.m3u8?cdn=ystenlive
超级体育,http://ottrrs.hl.chinamobile.com/TVOD/88888888/224/3221225715/index.m3u8
超级体育,http://[2409:8087:1a01:df::7005]:80/ottrrs.hl.chinamobile.com/TVOD/88888888/224/3221225715/index.m3u8
超级体育,http://[2409:8087:3869:8021:1001::e5]:6610/PLTV/88888888/224/3221225622/2/index.m3u8
超级体育,http://[2409:8087:8:21::18]:6610/otttv.bj.chinamobile.com/PLTV/88888888/224/3221226232/1.m3u8?
精品体育,http://tv.scjyhd.com:4022/udp/239.11.0.134:5140
精品体育,http://yc.myds.me:35455/itv/1000000004000014634.m3u8?cdn=ystenlive
精品体育,http://ottrrs.hl.chinamobile.com/TVOD/88888888/224/3221225674/index.m3u8
精品体育,http://[2409:8087:3869:8021:1001::e5]:6610/PLTV/88888888/224/3221225709/2/index.m3u8
精品体育,http://[2409:8087:8:21::18]:6610/otttv.bj.chinamobile.com/PLTV/88888888/224/3221226328/1.m3u8?
精品体育,http://[2409:8087:1a01:df::7005]:80/ottrrs.hl.chinamobile.com/PLTV/88888888/224/3221225674/index.m3u8
辽宁体育,http://dassby.qqff.top:99/live/辽宁体育/index.m3u8
山东体育,http://livealone302.iqilu.com/iqilu/typd.m3u8
山东体育,https://satellitepull.cnr.cn/live/wxsdtyxxgb/playlist.m3u8
天津体育,http://38.75.136.137:98/gslb/dsdqpub/tjtv5.m3u8?auth=testpub
安徽综艺体育,https://live.lalifeier.eu.org/ahtv/ahzyty.m3u8?t=1745774515&key=27009aec794adc785b22478c5aa2ae16
安徽综艺体育,http://112.27.235.94:8000/hls/25/index.m3u8
睛彩篮球,http://[2409:8087:1a01:df::4055]:80/TVOD/88888888/224/3221225901/main.m3u8
睛彩篮球,http://[2409:8087:1a01:df::7005]:80/ottrrs.hl.chinamobile.com/PLTV/88888888/224/3221226147/index.m3u8
睛彩篮球,http://ottrrs.hl.chinamobile.com/PLTV/88888888/224/3221226147/index.m3u8
睛彩篮球,http://3501776.xyz:35455/itv/2000000003000000061.m3u8?cdn=hnbblive
睛彩篮球,https://zby.130519.xyz/PLTV/11/224/3221226118/index.m3u8
睛彩广场舞,http://[2409:8087:1a01:df::7005]:80/ottrrs.hl.chinamobile.com/PLTV/88888888/224/3221226472/index.m3u8
睛彩广场舞,http://ottrrs.hl.chinamobile.com/PLTV/88888888/224/3221226472/index.m3u8
睛彩广场舞,http://13937899.xyz:35455/itv/3000000020000011523.m3u8?cdn=FifastbLive
睛彩广场舞,http://zjzcf.synology.me:35455/itv/3000000020000011523.m3u8?cdn=FifastbLive
睛彩广场舞,http://dsj.motem.top:8880/itv/3000000020000011523.m3u8?cdn=FifastbLive
淮安新闻综合,http://z.b.bkpcp.top/m.php?id=haxwzh
淮安新闻综合,http://live1.habctv.com/zhpdsl/sd/live.m3u8
淮安新闻综合,https://mgtv.ottiptv.cc/migu/639731826.m3u8?migutoken=383a4690d772fe16ccec98f2da2e7e0c3b362ae2d9a0fa219e9a7bb76bb96d4ca6392f861efb0a61154552c563897f4660867745735f85e310ec9fb52d7fc55cd30da8d55169f8c415c5a69a15
淮安新闻综合,https://migu.188766.xyz/?migutoken=a77cb603ed804ee7ac273cb0d0e9426a&id=%E6%B7%AE%E5%AE%89%E6%96%B0%E9%97%BB%E7%BB%BC%E5%90%88&type=yy
淮安新闻综合,https://mursor.ottiptv.cc/migu/639731826.m3u8?migutoken=d72922ed14054c4c03ebda8a2d636518ee54cc6e0dda4714c6fbe68badcf28869a5d5e29c07901926d6a0923a7fab32112868b1e1ce7042073c1715e1e6e0c4af6ae0af39485d249f73b9d8f11
淮安新闻综合,http://gslbmgsplive.miguvideo.com/wd_r2/jstv/haxinwenzonghe/600/index.m3u8?msisdn=2025091908013583ce7f12af754a16ba29f7c2626810f0&mdspid=&spid=699067&netType=0&sid=5500469363&pid=2028597139&timestamp=20250919080135&Channel_ID=0116_2600000900-99000-201600010010027&ProgramID=639731826&ParentNodeID=-99&assertID=5500469363&client_ip=106.13.250.88&SecurityKey=20250919080135&promotionId=&mvid=5102012618&mcid=500020&playurlVersion=WX-A1-8.9.1-RELEASE&userid=&jmhm=&videocodec=h264&bean=mgspad&tid=android&conFee=0&puData=8f83667dfa073a4952557e51d015d22c&ddCalcu=c82fe281d395601607dd1f5ae077535a2459
淮安新闻综合,https://migu.188766.xyz/?migutoken=c50e33435d43d5fa5e266453aa6230fb&id=%E6%B7%AE%E5%AE%89%E6%96%B0%E9%97%BB%E7%BB%BC%E5%90%88&type=yy
淮安新闻综合,https://iptv.catvod.com/live.php?id=%E6%B7%AE%E5%AE%89%E6%96%B0%E9%97%BB%E7%BB%BC%E5%90%88
淮安新闻综合,http://gslbmgsplive.miguvideo.com/wd_r2/jstv/haxinwenzonghe/600/index.m3u8?msisdn=20251023080142941c175264e346bdb28fc24a4c0fff92&mdspid=&spid=699067&netType=0&sid=5500469363&pid=2028597139&timestamp=20251023080142&Channel_ID=0116_2600000900-99000-201600010010027&ProgramID=639731826&ParentNodeID=-99&assertID=5500469363&client_ip=106.13.250.83&SecurityKey=20251023080142&promotionId=&mvid=5102012618&mcid=500020&playurlVersion=WX-A1-8.9.2-RELEASE&userid=&jmhm=&videocodec=h264&bean=mgspad&tid=android&conFee=0&puData=228f78becdd3f1c2f4ea311cb51557e2&ddCalcu=22e2e7825f9570185bbecc1d1d33afe14cf2
淮安新闻综合,http://gslbmgsplive.miguvideo.com/wd_r2/jstv/haxinwenzonghe/600/index.m3u8?msisdn=2025102408005841cc8f9eb2074fbabaeaef4617e0ca47&mdspid=&spid=699067&netType=0&sid=5500469363&pid=2028597139&timestamp=20251024080058&Channel_ID=0116_2600000900-99000-201600010010027&ProgramID=639731826&ParentNodeID=-99&assertID=5500469363&client_ip=106.13.250.88&SecurityKey=20251024080058&promotionId=&mvid=5102012618&mcid=500020&playurlVersion=WX-A1-8.9.2-RELEASE&userid=&jmhm=&videocodec=h264&bean=mgspad&tid=android&conFee=0&puData=d70ba06f67ad26900d75c4f6652b7fa4&ddCalcu=4da7ef027b9ba020566f66f74acd5276d900
淮阴综合,https://huaiyin-tv-replay.cm.jstv.com/huaiyin-tv/huaiyinf.m3u8
溧水新闻综合,https://mgtv.ottiptv.cc/migu/639737327.m3u8?migutoken=4c07b7afe94ad06d114a6bccae5747804d493ab7b1100069e485b78d3cb91c0fb0dbd92aa90a6157d7066e5b90780fabf5e150e17ebb9bc72b8bb18f43c5acddd1c0fd4d1904a99210aa962135
溧水新闻综合,https://mursor.ottiptv.cc/migu/639737327.m3u8?migutoken=ea943b4d731fe15865f6caaeaab663978aa95498ba7c40d1eef40639bcc5902335d53c5bd66345a202cd20a08b41999c4c1378c4bcc42b553b4f16ab32e95dcaaa5371e80e545ce50fe49ca87e
溧水新闻综合,https://migu.188766.xyz/?migutoken=25c31123b99f977fe1ba777dae961570&id=%E6%BA%A7%E6%B0%B4%E6%96%B0%E9%97%BB%E7%BB%BC%E5%90%88&type=yy
溧水新闻综合,http://gslbmgsplive.miguvideo.com/migu/kailu/wxxwzh/51/20250604/index.m3u8?msisdn=202509190801368edab7fc3daa499fa4e273d73d8b9f2d&mdspid=&spid=699067&netType=0&sid=5500469349&pid=2028597139&timestamp=20250919080136&Channel_ID=0116_2600000900-99000-201600010010027&ProgramID=639737327&ParentNodeID=-99&assertID=5500469349&client_ip=106.13.250.88&SecurityKey=20250919080136&promotionId=&mvid=5102012612&mcid=500020&playurlVersion=WX-A1-8.9.1-RELEASE&userid=&jmhm=&videocodec=h264&bean=mgspad&tid=android&conFee=0&puData=c3e71707790a9a58ff5c4df8b135c614&ddCalcu=4c13e6e1c795103710b787f9d04ac95af5f8
溧水新闻综合,https://migu.188766.xyz/?migutoken=f2f8e694e5738b9b28e99d54913219ca&id=%E6%BA%A7%E6%B0%B4%E6%96%B0%E9%97%BB%E7%BB%BC%E5%90%88&type=yy
溧水新闻综合,https://iptv.catvod.com/live.php?id=%E6%BA%A7%E6%B0%B4%E6%96%B0%E9%97%BB%E7%BB%BC%E5%90%88
溧水新闻综合,http://gslbmgsplive.miguvideo.com/migu/kailu/wxxwzh/51/20250604/index.m3u8?msisdn=20251023080144558f016a4098437fa4b5f82b16dbaeb4&mdspid=&spid=699067&netType=0&sid=5500469349&pid=2028597139&timestamp=20251023080144&Channel_ID=0116_2600000900-99000-201600010010027&ProgramID=639737327&ParentNodeID=-99&assertID=5500469349&client_ip=106.13.250.83&SecurityKey=20251023080144&promotionId=&mvid=5102012612&mcid=500020&playurlVersion=WX-A1-8.9.2-RELEASE&userid=&jmhm=&videocodec=h264&bean=mgspad&tid=android&conFee=0&puData=d70adf995324060624c3825a44083d19&ddCalcu=9d17ed023a98d00f4949a553228430c64026
溧水新闻综合,http://gslbmgsplive.miguvideo.com/migu/kailu/wxxwzh/51/20250604/index.m3u8?msisdn=202510240800594a9687dbd7324f45ae45174f1227d3ad&mdspid=&spid=699067&netType=0&sid=5500469349&pid=2028597139&timestamp=20251024080059&Channel_ID=0116_2600000900-99000-201600010010027&ProgramID=639737327&ParentNodeID=-99&assertID=5500469349&client_ip=106.13.250.88&SecurityKey=20251024080059&promotionId=&mvid=5102012612&mcid=500020&playurlVersion=WX-A1-8.9.2-RELEASE&userid=&jmhm=&videocodec=h264&bean=mgspad&tid=android&conFee=0&puData=287022ec4f8292e91b2eca7dd26993d3&ddCalcu=32d8e372909920622edcd47fa8c2e922be19
溧水新闻综合,http://gslbmgsplive.miguvideo.com/migu/kailu/wxxwzh/51/20250604/index.m3u8?msisdn=20251025080102f85a6abac0d64c679ab538b375a256e3&mdspid=&spid=699067&netType=0&sid=5500469349&pid=2028597139&timestamp=20251025080102&Channel_ID=0116_2600000900-99000-201600010010027&ProgramID=639737327&ParentNodeID=-99&assertID=5500469349&client_ip=106.13.250.90&SecurityKey=20251025080102&promotionId=&mvid=5102012612&mcid=500020&playurlVersion=WX-A1-8.9.2-RELEASE&userid=&jmhm=&videocodec=h264&bean=mgspad&tid=android&conFee=0&puData=c4c759517172dc16ebdc0de9d4416c8c&ddCalcu=cc84ecc26791504945d197e1d702cddcb1e6
溧水新闻综合,http://gslbmgsplive.miguvideo.com/migu/kailu/wxxwzh/51/20250604/index.m3u8?msisdn=20251103080058d39d5193d9be459ca00455813a5d3ac7&mdspid=&spid=699067&netType=0&sid=5500469349&pid=2028597139&timestamp=20251103080058&Channel_ID=0116_2600000900-99000-201600010010027&ProgramID=639737327&ParentNodeID=-99&assertID=5500469349&client_ip=106.13.250.89&SecurityKey=20251103080058&promotionId=&mvid=5102012612&mcid=500020&playurlVersion=WX-A1-8.10.1-RELEASE&userid=&jmhm=&videocodec=h264&bean=mgspad&tid=android&conFee=0&puData=49f9a636b52d924bd0091f871e4d996e&ddCalcu=e469e9f0999da046e3167b85f21d990204db
睢宁三农,http://iptv.666230.xyz/iptv/jsyd.php/xzsnsn
睢宁综合,http://iptv.666230.xyz/iptv/jsyd.php/xzsnzh
睢宁资讯,http://iptv.666230.xyz/iptv/jsyd.php/xzsnzx
苏州4k,https://live-auth.51kandianshi.com/szgd/csztv4k_hd.m3u8
苏州文化生活,https://stream1.freetv.fun/su-zhou-wen-hua-sheng-huo-2.m3u8
苏州文化生活,https://t.freetv.fun/live/su-zhou-wen-hua-sheng-huo.m3u8
苏州新闻综合,http://z.b.bkpcp.top/m.php?id=szxwzh
苏州新闻综合,https://stream1.freetv.fun/su-zhou-xin-wen-zong-he-13.m3u8
苏州新闻综合,https://t.freetv.fun/live/su-zhou-xin-wen-zong-he.m3u8
苏州生活资讯,https://stream1.freetv.fun/su-zhou-sheng-huo-zi-xun-1.m3u8
苏州生活资讯,https://t.freetv.fun/live/su-zhou-sheng-huo-zi-xun.m3u8
苏州社会经济,https://stream1.freetv.fun/su-zhou-she-hui-jing-ji-2.m3u8
苏州社会经济,https://t.freetv.fun/live/su-zhou-she-hui-jing-ji.m3u8
赣榆新闻综合,rtmp://ganyu-tv-hls.cm.jstv.com/ganyu-tv/ganyutv
连云港公共,http://iptv.666230.xyz/iptv/jsyd.php/jslyggonggongpd
连云港新闻综合,http://z.b.bkpcp.top/m.php?id=lygxwzh
连云港新闻综合,https://migu.188766.xyz/?migutoken=1b0d5ada0a7a68f9bc0ad66f4464a69d&id=%E8%BF%9E%E4%BA%91%E6%B8%AF%E6%96%B0%E9%97%BB%E7%BB%BC%E5%90%88&type=yy
连云港新闻综合,https://stream1.freetv.fun/lian-yun-gang-xin-wen-zong-he-3.ctv
连云港新闻综合,https://mursor.ottiptv.cc/migu/639731715.m3u8?migutoken=95ec9e5e08128c5eb4439c9ed02c10824b83bcbcbd598d08b91a44abc0c7b912b5aeb8415f2bf9d9e8c0007dcf164a961107d2f9af40c6d42bb5218c84a9428e5b7b66a00e5cdde5c1d164bf09
连云港新闻综合,http://gslbmgsplive.miguvideo.com/wd_r2/jstv/lygxinwenzonghe/600/index.m3u8?msisdn=20250903090032646047095bc64a1c968e703401c7fec1&mdspid=&spid=699067&netType=0&sid=5500469369&pid=2028597139&timestamp=20250903090032&Channel_ID=0116_2600037000-99000-200300220100002&ProgramID=639731715&ParentNodeID=-99&assertID=5500469369&client_ip=106.13.250.83&SecurityKey=20250903090032&promotionId=&mvid=5102012621&mcid=500020&playurlVersion=WX-A1-8.8.1-RELEASE&userid=&jmhm=&videocodec=h264&bean=mgspad&tid=android&conFee=0&puData=c19beb3ac61dd99e40036c371af55211&ddCalcu=1c11v29a5bx5eafba31a7c36c16d3d09094e&sv=10004&ct=android
连云港新闻综合,https://mgtv.ottiptv.cc/migu/639731715.m3u8?migutoken=70f90182e47785fca234628a083c2a775b48319c0603f2641b5a891ba90b43816e51fb1b07cad8793011132425ebbc0f1568b3bc433d2f04e40344c5fe163be8bf6490e14ab6b96b4419f3f134
连云港新闻综合,https://migu.188766.xyz/?migutoken=cb989835b788f5c9374e8905dd6e4363&id=%E8%BF%9E%E4%BA%91%E6%B8%AF%E6%96%B0%E9%97%BB%E7%BB%BC%E5%90%88&type=yy
连云港新闻综合,http://gslbmgsplive.miguvideo.com/wd_r2/jstv/lygxinwenzonghe/600/index.m3u8?msisdn=2025102308014346764a53b41f40e58f68d1df3227c8be&mdspid=&spid=699067&netType=0&sid=5500469369&pid=2028597139&timestamp=20251023080143&Channel_ID=0116_2600000900-99000-201600010010027&ProgramID=639731715&ParentNodeID=-99&assertID=5500469369&client_ip=106.13.250.83&SecurityKey=20251023080143&promotionId=&mvid=5102012621&mcid=500020&playurlVersion=WX-A1-8.9.2-RELEASE&userid=&jmhm=&videocodec=h264&bean=mgspad&tid=android&conFee=0&puData=7adf3d6cc0bed6d0855e6f39909c760d&ddCalcu=d70ae6d27f9c309d069c9c30fb6eed565d80
连云港新闻综合,https://migu.188766.xyz/?migutoken=245251a5520f7bd5d5ad3407caec92b0&id=%E8%BF%9E%E4%BA%91%E6%B8%AF%E6%96%B0%E9%97%BB%E7%BB%BC%E5%90%88&type=yy
连云港新闻综合,http://gslbmgsplive.miguvideo.com/wd_r2/jstv/lygxinwenzonghe/600/index.m3u8?msisdn=202510240800585b70464e74f54a9fbef4b5d83d2330c2&mdspid=&spid=699067&netType=0&sid=5500469369&pid=2028597139&timestamp=20251024080058&Channel_ID=0116_2600000900-99000-201600010010027&ProgramID=639731715&ParentNodeID=-99&assertID=5500469369&client_ip=106.13.250.88&SecurityKey=20251024080058&promotionId=&mvid=5102012621&mcid=500020&playurlVersion=WX-A1-8.9.2-RELEASE&userid=&jmhm=&videocodec=h264&bean=mgspad&tid=android&conFee=0&puData=6a419a1b77265f44b434d3cc2b7ad8d0&ddCalcu=06dae842d19a907ab12bc7c732d6453f44b4
睛彩广场舞,http://[2409:8087:1e01:20::3]:80/PLTV/11/224/3221226139/index.m3u8
睛彩广场舞,http://missyao.com:35455/itv/3000000020000011523.m3u8?cdn=FifastbLive
风云足球,http://[2409:8087:7001:20:2::3]/dbiptv.sn.chinamobile.com/PLTV/88888893/224/3221226984/index.m3u8
风云足球,rtsp://115.153.245.70/PLTV/88888888/224/3221227000/86128919.smil
风云足球,rtsp://115.153.247.80/PLTV/88888888/224/3221227000/86128919.smil
风云足球,rtsp://115.153.222.112:554/PLTV/88888888/224/3221227000/86128919.smil
魅力足球,http://z.b.bkpcp.top/m.php?id=mlzq
魅力足球,http://gat.bkpcp.top/ymg.php?id=mlzq
魅力足球,http://goo.bkpcp.top/mg/mlzq
魅力足球,https://www.freetv.top/migu/796070308.m3u8?migutoken=0a72668399c6f96d928c0bf0adbe330bbae95b55cfc10f2da9e830e2e06051b89a0e1db847eaa61f6b897e3efcb05ecc6160c2ce3c8073fb2d90c8ed191845e1ca16f6bcd3aaa13f6538d2074d
魅力足球,https://tv.fanmingming.com/api/v6?id=mlyy
魅力足球,http://iptv.cdn.ha.chinamobile.com/PLTV/88888888/224/3221226558/index.m3u8
魅力足球,rtsp://123.147.112.17:8089/04000001/01000000004000000000000000000415?AuthInfo=xxx&userid=gf001&userid=gf001
天元围棋,http://wouu.net:9977/udp/239.93.42.55:5140
天元围棋,https://cc06.tv12.xyz/47.m3u8
快乐垂钓,http://php.jdshipin.com/itv6.php?cid=bestzb&id=5000000011000031206
快乐垂钓,http://iptv.cdn.ha.chinamobile.com/PLTV/88888888/224/3221226670/index.m3u8
快乐垂钓,https://cc06.tv12.xyz/56.m3u8
快乐垂钓,http://drive.mxmy.net:8888/udp/239.3.1.164:8001
快乐垂钓,rtsp://115.153.245.70/PLTV/88888888/224/3221226834/59781974.smil
快乐垂钓,rtsp://115.153.254.81/PLTV/88888888/224/3221226834/59781974.smil
快乐垂钓,rtsp://115.153.240.228:554/PLTV/88888888/224/3221226834/59781974.smil
快乐垂钓,rtsp://115.153.212.72/PLTV/88888888/224/3221226834/59781974.smil
快乐垂钓,rtsp://115.153.247.80/PLTV/88888888/224/3221226834/59781974.smil
快乐垂钓,rtsp://115.153.230.145/PLTV/88888888/224/3221226834/59781974.smil
JJ斗地主,https://live.iill.top/douyin/685317364746
少儿动画,rtsp://118.212.169.207:554/PLTV/88888888/224/3221227318/10000100000000060000000001945936_0.smil
少儿动画,rtsp://115.153.245.70/PLTV/88888888/224/3221227006/86440922.smil
少儿动画,rtsp://115.153.254.81/PLTV/88888888/224/3221227006/86440922.smil
少儿动画,rtsp://115.153.240.228:554/PLTV/88888888/224/3221227006/86440922.smil
少儿动画,rtsp://115.153.212.72/PLTV/88888888/224/3221227006/86440922.smil
少儿动画,rtsp://115.153.247.80/PLTV/88888888/224/3221227006/86440922.smil
少儿动画,rtsp://115.153.230.145/PLTV/88888888/224/3221227006/86440922.smil
少儿动画,rtsp://115.153.222.112:554/PLTV/88888888/224/3221227006/86440922.smil
少儿动画,rtsp://115.153.233.154/PLTV/88888888/224/3221227006/86440922.smil
卡酷动画,http://58.57.40.22:9901/tsfile/live/1060_1.m3u8
动漫秀场,http://php.jdshipin.com/itv6.php?cid=bestzb&id=5000000011000031113
动漫秀场,http://[2409:8087:74d9:21::6]/000000001000PLTV/88888888/224/3221226197/index.m3u8
动漫秀场,https://live.v1.mk/api/bestv.php?id=dmxc8m/8000000
动漫秀场,http://tv.scjyhd.com:4022/udp/239.10.0.101:5140
动漫秀场,http://iptv.cdn.ha.chinamobile.com/PLTV/88888888/224/3221226608/index.m3u8
动漫秀场,http://[2409:8087:1e03:21::42]:6610/cms001/ch00000090990000001196/index.m3u8?
动漫秀场,http://[2409:8087:5e00:24::1e]:6060/000000001000/5000000011000031113/1.m3u8
动漫秀场,http://nas.hssvm.com:8888/udp/225.1.1.134:5002
动漫秀场,http://183.237.95.108:9901/tsfile/live/1104_1.m3u8?key=txiptv&playlive=0&authid=0
动漫秀场,rtsp://115.153.245.70/PLTV/88888888/224/3221225613/iptv7997.smil
新动漫,http://tv.scjyhd.com:4022/udp/239.10.0.159:5140
新动漫,http://nas.hssvm.com:8888/udp/225.1.1.216:5002
新动漫,rtsp://115.153.245.70/PLTV/88888888/224/3221226973/86129004.smil
新动漫,rtsp://115.153.254.81/PLTV/88888888/224/3221226973/86129004.smil
新动漫,rtsp://115.153.240.228:554/PLTV/88888888/224/3221226973/86129004.smil
新动漫,rtsp://115.153.212.72/PLTV/88888888/224/3221226973/86129004.smil
镇江二套社会民生,http://zjtv-wshls.homecdn.com/live/2aa16.m3u8
镇江新闻综合,http://gslbmgsplive.miguvideo.com/migu/kailu/zjxwzh/50/20251127/index.m3u8?msisdn=20251206080345c6b198548f7a4137bc34f4fc1877f2c2&mdspid=&spid=699067&netType=0&sid=5500469365&pid=2028597139&timestamp=20251206080345&Channel_ID=0116_2600037000-99000-200300220100002&ProgramID=639731783&ParentNodeID=-99&assertID=5500469365&client_ip=218.28.233.106&SecurityKey=20251206080345&promotionId=&mvid=5102012619&mcid=500020&playurlVersion=WX-A1-8.11.2-RELEASE&userid=&jmhm=&videocodec=h264&appCode=miguvideo_android&bean=mgspad&tid=android&conFee=0&puData=5d35d17d8948be41fe9df1c12a69cc94&ddCalcu=459dvc3ac5x9da61a72d18c914f8db9ee4f1&sv=10004&ct=android
镇江新闻综合,http://gslbmgsplive.miguvideo.com/migu/kailu/zjxwzh/50/20251127/index.m3u8?msisdn=202512070804180dc971d1028249d9ba74a7370ff6b1c3&mdspid=&spid=699067&netType=0&sid=5500469365&pid=2028597139&timestamp=20251207080418&Channel_ID=0116_2600037000-99000-200300220100002&ProgramID=639731783&ParentNodeID=-99&assertID=5500469365&client_ip=218.28.233.106&SecurityKey=20251207080418&promotionId=&mvid=5102012619&mcid=500020&playurlVersion=WX-A1-8.11.2-RELEASE&userid=&jmhm=&videocodec=h264&appCode=miguvideo_android&bean=mgspad&tid=android&conFee=0&puData=7b7c75694c990bae0016294382e20c45&ddCalcu=574bvc7a0cx27ae52689344c9929601b0a0e&sv=10004&ct=android
镇江新闻综合,http://gslbmgsplive.miguvideo.com/migu/kailu/zjxwzh/50/20251127/index.m3u8?msisdn=20251208080341313571580fa8460da91165977ac1e06f&mdspid=&spid=699067&netType=0&sid=5500469365&pid=2028597139&timestamp=20251208080341&Channel_ID=0116_2600037000-99000-200300220100002&ProgramID=639731783&ParentNodeID=-99&assertID=5500469365&client_ip=218.28.233.106&SecurityKey=20251208080341&promotionId=&mvid=5102012619&mcid=500020&playurlVersion=WX-A1-8.11.2-RELEASE&userid=&jmhm=&videocodec=h264&appCode=miguvideo_android&bean=mgspad&tid=android&conFee=0&puData=2c7a0ae2fd26eca75203005af08c49b5&ddCalcu=52bcv97a4axc0a8a0ef2af5d02063e0c2a57&sv=10004&ct=android
镇江新闻综合,http://gslbmgsplive.miguvideo.com/migu/kailu/zjxwzh/50/20251127/index.m3u8?msisdn=202512090804173580256011aa4d078a2137bc1a9d5136&mdspid=&spid=699067&netType=0&sid=5500469365&pid=2028597139&timestamp=20251209080417&Channel_ID=0116_2600037000-99000-200300220100002&ProgramID=639731783&ParentNodeID=-99&assertID=5500469365&client_ip=218.28.233.106&SecurityKey=20251209080417&promotionId=&mvid=5102012619&mcid=500020&playurlVersion=WX-A1-8.11.2-RELEASE&userid=&jmhm=&videocodec=h264&appCode=miguvideo_android&bean=mgspad&tid=android&conFee=0&puData=f6e47246808c5e75188d4c264e6ec6a4&ddCalcu=4fa6v6eac4xe7a62e4466820c84cd58e8715&sv=10004&ct=android
镇江新闻综合,http://gslbmgsplive.miguvideo.com/migu/kailu/zjxwzh/50/20251127/index.m3u8?msisdn=20251210080338fedb59e067a84538b38a89a13b30f943&mdspid=&spid=699067&netType=0&sid=5500469365&pid=2028597139&timestamp=20251210080338&Channel_ID=0116_2600037000-99000-200300220100002&ProgramID=639731783&ParentNodeID=-99&assertID=5500469365&client_ip=218.28.233.106&SecurityKey=20251210080338&promotionId=&mvid=5102012619&mcid=500020&playurlVersion=WX-A1-8.11.2-RELEASE&userid=&jmhm=&videocodec=h264&appCode=miguvideo_android&bean=mgspad&tid=android&conFee=0&puData=c898ea8575b0bdd86e9726753a6ba64c&ddCalcu=cc48v69aa8xbea6aa83557756b207b9ded68&sv=10004&ct=android
镇江新闻综合,http://gslbmgsplive.miguvideo.com/migu/kailu/zjxwzh/50/20251127/index.m3u8?msisdn=2025121108041381592a6363284538966d28db37635f4b&mdspid=&spid=699067&netType=0&sid=5500469365&pid=2028597139&timestamp=20251211080413&Channel_ID=0116_2600037000-99000-200300220100002&ProgramID=639731783&ParentNodeID=-99&assertID=5500469365&client_ip=218.28.233.106&SecurityKey=20251211080413&promotionId=&mvid=5102012619&mcid=500020&playurlVersion=WX-A1-8.11.2-RELEASE&userid=&jmhm=&videocodec=h264&appCode=miguvideo_android&bean=mgspad&tid=android&conFee=0&puData=5837cae3a6800e206e2ef146e99be83c&ddCalcu=c538v83ae7xbca9a9ee36a4618f0e02ee260&sv=10004&ct=android
镇江新闻综合,http://gslbmgsplive.miguvideo.com/migu/kailu/zjxwzh/50/20251127/index.m3u8?msisdn=2025121208033667d1f8ac6f3e4517a4c781fe6e18ae8e&mdspid=&spid=699067&netType=0&sid=5500469365&pid=2028597139&timestamp=20251212080336&Channel_ID=0116_2600037000-99000-200300220100002&ProgramID=639731783&ParentNodeID=-99&assertID=5500469365&client_ip=218.28.233.106&SecurityKey=20251212080336&promotionId=&mvid=5102012619&mcid=500020&playurlVersion=ZQ-A1-8.12.1-RELEASE&userid=&jmhm=&videocodec=h264&appCode=miguvideo_android&bean=mgspad&tid=android&conFee=0&puData=ef90c4003a7528d9686b6cef18c3483e&ddCalcu=ee3fv89a40x3cac48010f3eac765b2688d69&sv=10004&ct=android
镇江新闻综合,https://mgtv.ottiptv.cc/mg/639731783.m3u8?userid=5559462299&sign=8fa385272c1c7e968236d30bf4db11f75b6c430a6d16e3dd5fe41e7d4bc862cb7b3bec890ed8b3dbbd2d2dec0b241a13c4bcc13e8c35e66723c151c72eb13bf6aab577f01cb81e2586757d62c816799616&auth_token=1b99577efa5a3442ca4c7820d6e0b4e8
镇江新闻综合,https://mgtv.ottiptv.cc/mg/639731783.m3u8?userid=5559462299&sign=a9ec4799397d6f8f108a4029aec90b41ea55ab8477a3360f6432abef8a5016be399d40bdfd625052783f7f944e0e0cd102aeaceabcb203e18243c71a3868601e4661153eca5061b4c164ce0c16b49669fa&auth_token=1b99577efa5a3442ca4c7820d6e0b4e8
镇江新闻综合,https://mgtv.ottiptv.cc/mg/639731783.m3u8?userid=5559462299&sign=a0094139944d6cef5dcf62dd8db54ca271858882770d989a55d61ec4314f63c15dcfc19dc4fb789139b7ffbc7ffca6064609a8cd432c47caa7f62d44e890ac7784d6aba0d2ec72cd66773ed1a6ec795e28&auth_token=1b99577efa5a3442ca4c7820d6e0b4e8
靖江新闻综合,http://ls.qingting.fm/live/23797.m3u8
靖江新闻综合,https://stream1.freetv.fun/jing-jiang-xin-wen-zong-he-1.m3u8
靖江新闻综合,https://stream1.freetv.fun/jing-jiang-xin-wen-zong-he-7.m3u8
朝阳新闻综合,http://120.76.248.139/live/bfgd/4200000282.m3u8
辽宁北方,https://stream1.freetv.fun/liao-zhu-bei-fang-3.m3u8
辽宁影视剧,https://stream1.freetv.fun/liao-zhu-ying-shi-ju-1.m3u8
辽宁影视剧,https://stream1.freetv.fun/liao-zhu-ying-shi-ju-2.m3u8
辽宁影视剧,https://stream1.freetv.fun/liao-zhu-ying-shi-ju-3.m3u8
辽宁教育青少,https://stream1.freetv.fun/liao-zhu-jiao-yu-qing-shao-1.m3u8
辽宁生活,https://stream1.freetv.fun/liao-zhu-sheng-huo-1.m3u8
辽宁经济,http://ls.qingting.fm/live/23797.m3u8
辽宁经济,https://stream1.freetv.fun/liao-zhu-jing-ji-2.m3u8
辽宁都市,https://ls.qingting.fm/live/1099/64k.m3u8
辽宁都市,https://stream1.freetv.fun/liao-zhu-du-shi-4.m3u8
辽宁都市,https://stream1.freetv.fun/liao-zhu-du-shi-5.m3u8
湖南都市,http://php.jdshipin.com:8880/TVOD/iptv.php?id=hnds
湖南都市,https://stream1.freetv.fun/hu-nan-du-shi-4.m3u8
湖南都市,https://stream1.freetv.fun/hu-nan-du-shi-13.m3u8
湖南都市,http://php.jdshipin.com:8880/iptv.php
湖南都市,https://stream1.freetv.fun/hu-nan-du-shi-9.m3u8
湖南都市,http://php.jdshipin.com:8880/iptv.php?id=hnds
湖南都市,https://stream1.freetv.fun/hu-nan-du-shi-6.ctv
新动漫,rtsp://115.153.230.145/PLTV/88888888/224/3221226973/86129004.smil
新动漫,rtsp://115.153.247.80/PLTV/88888888/224/3221226973/86129004.smil
新动漫,rtsp://115.153.222.112:554/PLTV/88888888/224/3221226973/86129004.smil
新动漫,rtsp://115.153.233.154/PLTV/88888888/224/3221226973/86129004.smil
青春动漫,http://[2409:8087:5e00:24::2d]:6610/000000001000/1/5000000011000288008/index.m3u8?channel-id=bestzb&Contentid=5000000011000288008&livemode=1&stbId=YanG-1989
青春动漫,http://tv.scjyhd.com:4022/udp/239.93.0.146:5140
青春动漫,https://live.v1.mk/api/bestv.php?id=qcdm8m/8000000
爱动漫,http://php.jdshipin.com:8880/itv6s.php?cid=wasusyt&id=6000000006000280630
爱动漫,http://[2409:8087:5e08:24::17]:6610/000000001000/2000000004000000059/index.m3u8?stbId=3&livemode=1&HlsProfileId=&channel-id=hnbblive&Contentid=2000000004000000059&IASHttpSessionId=OTT19019320240419154124000281&yang-1989
爱动漫,http://[2409:8087:5e08:24::11]:6610/000000001000/2000000004000000059/index.m3u8?stbId=3&livemode=1&HlsProfileId=&channel-id=hnbblive&Contentid=2000000004000000059&IASHttpSessionId=OTT19019320240419154124000281
爱动漫,http://[2409:8087:5e08:24::12]:6610/000000001000/2000000004000000000/index.m3u8?stbId=3&livemode=1&HlsProfileId=&channel-id=hnbblive&Contentid=2000000004000000059
宝宝动画,http://[2409:8087:5e00:24::2d]:6610/000000001000/1/5000000011000288002/index.m3u8?channel-id=bestzb&Contentid=5000000011000288002&livemode=1&stbId=YanG-1989
宝宝动画,http://tv.scjyhd.com:4022/udp/239.93.0.147:5140
CN卡通,https://cdn.iptv8k.top/dl/jrys.php?id=364&time=20240926215313&ip=111.229.253.40
优漫卡通,http://php.jdshipin.com/TVOD/hnyd.php?id=200000001898/460000089800010118
优漫卡通,http://z.b.bkpcp.top/m.php?id=ymkt
优漫卡通,http://[2409:8087:1a01:df::7005]/ottrrs.hl.chinamobile.com/PLTV/2/224/3221225656/2.m3u8
优漫卡通,https://www.freetv.top/migu/626064703.m3u8?migutoken=7f7c4b909389a0cd5172701768041a0f3887534c4534a68bf1dc85550389e9ab156655484be16e89604513fde9da2f036ebae28d31515b0be32eb12462f5de9d9cab8f00c44671241d5c6e1356
优漫卡通,http://iptv.cdn.ha.chinamobile.com/PLTV/88888888/224/3221226406/index.m3u8
优漫卡通,http://tv.scjyhd.com:4022/udp/239.93.0.251:5140
优漫卡通,http://[2409:8087:1a0b:df::4005]:80/ottrrs.hl.chinamobile.com/PLTV/88888888/224/3221225656/index.m3u8
优漫卡通,http://otttv.bj.chinamobile.com/PLTV/88888888/224/3221227007/1.m3u8?GuardEncType=2&accountinfo=%7E%7EV2.0%7EhHDWGhkwx_zJcJUYE9TAaA%7EtP4-l0lmSfjwLWEfK_el1vH_mv-s1zo4AQJwdedaVwG9xkuFTDg8J26cwOrNJzn20BErrHdLhuZ9EzLUCD3PMW-OMx4MGteHV2vLeW6BqoY%2CEND
优漫卡通,http://[2409:8087:8:21::18]:6610/otttv.bj.chinamobile.com/PLTV/88888888/224/3221226932/1.m3u8?
优漫卡通,http://goo.bkpcp.top/mg/ymkt
金鹰卡通,http://[2409:8087:1a01:df::7005]/ottrrs.hl.chinamobile.com/PLTV/2/224/3221225653/2.m3u8
金鹰卡通,http://iptv.cdn.ha.chinamobile.com/PLTV/88888888/224/3221226624/index.m3u8
金鹰卡通,http://dbiptv.sn.chinamobile.com/PLTV/88888890/224/3221225744/index.m3u8
金鹰卡通,http://tv.scjyhd.com:4022/udp/239.93.0.108:5140
金鹰卡通,http://[2409:8087:1a0b:df::4008]:80/ottrrs.hl.chinamobile.com/PLTV/88888888/224/3221225653/index.m3u8
金鹰卡通,http://[2409:8087:8:21::18]:6610/otttv.bj.chinamobile.com/PLTV/88888888/224/3221226576/1.m3u8?
金鹰卡通,http://nas.suntao.online:35455/bptv/10000100000000050000000004796942.m3u8
金鹰卡通,http://dsj.motem.top:8880/bptv/10000100000000050000000004796942.m3u8
金鹰卡通,http://rrs01.hw.gmcc.net:8088/PLTV/81/224/3221226674/1.m3u8
金鹰卡通,http://wouu.net:9977/udp/239.93.0.108:5140
黑莓动画,http://php.jdshipin.com/TVOD/hnyd.php?id=200000001898/460000089800010002
黑莓动画,http://otttv.bj.chinamobile.com/PLTV/88888888/224/3221226935/1.m3u8?GuardEncType=2&accountinfo=%7E%7EV2.0%7EUc618y1E09GbQwwuOzEKaQ%7EtP4-l0lmSfjwLWEfK_el1vH_mv-s1zo4AQJwdedaVwG9xkuFTDg8J26cwOrNJzn20BErrHdLhuZ9EzLUCD3PMW-OMx4MGteHV2vLeW6BqoY%2CEND
黑莓动画,http://ottrrs.hl.chinamobile.com/TVOD/88888888/224/3221225662/index.m3u8
湖南都市,https://stream1.freetv.fun/hu-nan-du-shi-8.m3u8
湖南都市,https://stream1.freetv.fun/hu-nan-du-shi-12.ctv
湖南都市,https://stream1.freetv.fun/hu-nan-du-shi-1.m3u8
湖南经视,http://php.jdshipin.com:8880/TVOD/iptv.php?id=hnjs
湖南经视,https://stream1.freetv.fun/hu-nan-jing-shi-10.ctv
湖南经视,https://stream1.freetv.fun/hu-nan-jing-shi-4.m3u8
湖南经视,https://stream1.freetv.fun/hu-nan-jing-shi-14.m3u8
湖南经视,https://stream1.freetv.fun/hu-nan-jing-shi-2.m3u8
湖南经视,https://stream1.freetv.fun/hu-nan-jing-shi-13.m3u8
湖南经视,https://stream1.freetv.fun/hu-nan-jing-shi-10.m3u8
湖南经视,https://stream1.freetv.fun/hu-nan-jing-shi-9.m3u8
湖南经视,https://stream1.freetv.fun/hu-nan-jing-shi-1.m3u8
湖南经视,https://stream1.freetv.fun/hu-nan-jing-shi-12.m3u8
湖南电视剧,http://php.jdshipin.com:8880/TVOD/iptv.php?id=hndsj
湖南电视剧,https://stream1.freetv.fun/hu-nan-dian-shi-ju-3.m3u8
湖南电视剧,http://php.jdshipin.com:8880/iptv.php?id=hndsj
湖南电视剧,https://stream1.freetv.fun/hu-nan-dian-shi-ju-14.ctv
湖南电视剧,https://stream1.freetv.fun/hu-nan-dian-shi-ju-11.m3u8
湖南电视剧,https://stream1.freetv.fun/hu-nan-dian-shi-ju-2.m3u8
黑莓动画,http://[2409:8087:1a01:df::4007]:80/TVOD/88888888/224/3221225529/main.m3u8
黑莓动画,http://[2409:8087:1a0b:df::4006]:80/ottrrs.hl.chinamobile.com/PLTV/88888888/224/3221225662/index.m3u8
黑莓动画,http://[2409:8087:8:21::18]:6610/otttv.bj.chinamobile.com/PLTV/88888888/224/3221226935/1.m3u8?
黑莓动画,http://[2409:8087:1a01:df::7005]:80/ottrrs.hl.chinamobile.com/PLTV/88888888/224/3221225662/index.m3u8
黑莓动画,http://[2409:8087:5e08:25::16]:6610/200000001898/460000089800010002/1.m3u8
炫动卡通,http://tv.scjyhd.com:4022/udp/239.93.0.173:5140
炫动卡通,http://183.237.95.108:9901/tsfile/live/1100_1.m3u8?key=txiptv&playlive=0&authid=0
炫动卡通,rtsp://118.212.169.207:554/PLTV/88888888/224/3221226968/10000100000000060000000000568712_0.smil
炫动卡通,rtsp://115.153.245.70/PLTV/88888888/224/3221225583/iptv7982.smil
炫动卡通,rtsp://115.153.254.81/PLTV/88888888/224/3221225583/iptv7982.smil
炫动卡通,rtsp://115.153.240.228:554/PLTV/88888888/224/3221225583/iptv7982.smil
炫动卡通,rtsp://115.153.212.72/PLTV/88888888/224/3221225583/iptv7982.smil
炫动卡通,rtsp://115.153.247.80/PLTV/88888888/224/3221225583/iptv7982.smil
炫动卡通,rtsp://115.153.230.145/PLTV/88888888/224/3221225583/iptv7982.smil
炫动卡通,rtsp://115.153.222.112:554/PLTV/88888888/224/3221225583/iptv7982.smil
24H国漫热播,https://www.goodiptv.club/yy/1353937086
浙江少儿,https://ct-m-l.cztv.com/channels/lantian/channel008/1080p.m3u8#https://ali-m-l.cztv.com/channels/lantian/channel008/1080p.m3u8#http://ali-m-l.cztv.com/channels/lantian/channel008/1080p.m3u8#https://ali-m-l.cztv.com/channels/lantian/channel008/1080p.m3u8?
浙江少儿,https://qiniup-m-l.cztv.com/channels/lantian/channel008/1080p.m3u8
浙江少儿,http://ali-vl.cztv.com/channels/lantian/channel008/360p.m3u8?a=1000&amp;d=83b26bacf5397c013aff782b2c4287d0&amp;k=c99bdac76cff6ddc27e750ba689b7d5b&amp;t=1704368408
浙江少儿,http://ali-m-l.cztv.com/channels/lantian/channel008/1080p.m3u8?fbl=#migu5://611318244
浙江少儿,https://ali-m-l.cztv.com/channels/lantian/channel008/1080p.m3u8?
河北少儿科教,https://event.pull.hebtv.com/jishi/shaoerkejiao.m3u8
河北少儿科教,rtmp://tv.pull.hebtv.com/jishi/shaoerkejiao?t=2510710360&k=1c62f2efbb83251f173978255f47079d
七龙珠,https://live.ottiptv.cc/huya/11601966
七龙珠,https://live.metshop.top/huya/11601966
火影忍者,https://hd.ijycnd.com/play/Yer3NWLa/index.m3u8
海绵宝宝,https://live.metshop.top/douyu/3949681
中华小当家,https://live.metshop.top/huya/11342413
中华小当家,https://live.iill.top/huya/11342413
中华小当家,https://live.ottiptv.cc/huya/11342413
中华小当家,http://61.221.215.25:8800/hls/40/index.m3u8
猫和老鼠,https://live.iill.top/huya/11352879
猫和老鼠,http://live.iill.top/huya.php?id=11352879
猫和老鼠,https://live.ottiptv.cc/huya/11352879
湖南电视剧,https://stream1.freetv.fun/hu-nan-dian-shi-ju-7.m3u8
湖南电视剧,https://stream1.freetv.fun/hu-nan-dian-shi-ju-1.m3u8
湖南电视剧,https://stream1.freetv.fun/hu-nan-dian-shi-ju-10.ctv
湖南电视剧,https://stream1.freetv.fun/hu-nan-dian-shi-ju-12.m3u8
湖南电影,http://php.jdshipin.com:8880/TVOD/iptv.php?id=hndy
湖南电影,https://stream1.freetv.fun/hu-nan-dian-ying-2.ctv
湖南电影,http://php.jdshipin.com:8880/iptv.php
湖南爱晚,http://php.jdshipin.com:8880/TVOD/iptv.php?id=hngg
湖南爱晚,http://php.jdshipin.com:8880/iptv.php?id=hngg
湖南爱晚,http://php.jdshipin.com:8880/iptv.php
湖南教育,https://stream1.freetv.fun/hu-nan-jiao-yu-6.ctv
湖南教育,http://php.jdshipin.com:8880/iptv.php
湖南娱乐,http://php.jdshipin.com:8880/TVOD/iptv.php?id=hnyl
湖南娱乐,https://stream1.freetv.fun/hu-nan-yu-le-3.m3u8
湖南娱乐,https://stream1.freetv.fun/hu-nan-yu-le-9.ctv
湖南娱乐,https://stream1.freetv.fun/hu-nan-yu-le-13.m3u8
湖南娱乐,https://stream1.freetv.fun/hu-nan-yu-le-16.m3u8
湖南娱乐,https://stream1.freetv.fun/hu-nan-yu-le-16.ctv
湖南娱乐,https://stream1.freetv.fun/hu-nan-yu-le-8.m3u8
湖南娱乐,https://stream1.freetv.fun/hu-nan-yu-le-9.m3u8
湖南娱乐,https://stream1.freetv.fun/hu-nan-yu-le-2.m3u8
猫和老鼠,https://live.metshop.top/huya/11352879
经典动漫,http://luobo.bkpcp.top/yy/24180320
经典动漫,https://www.goodiptv.club/yy/22777075
漫画解说,http://luobo.bkpcp.top/yy/1382735568
漫画解说,https://www.goodiptv.club/douyu/5907076
漫画解说,https://mursor.ottiptv.cc/yy/1382735568
漫画解说,https://yylunbo.ottiptv.cc/yy/1382735568
游戏风云,http://php.jdshipin.com/itv6.php?cid=bestzb&id=5000000011000031114
游戏风云,http://z.b.bkpcp.top/m.php?id=yxfy
游戏风云,http://gat.bkpcp.top/ymg.php?id=yxfy
湖南娱乐,https://stream1.freetv.fun/hu-nan-yu-le-7.m3u8
湖南国际,http://php.jdshipin.com:8880/TVOD/iptv.php?id=hngj
湖南国际,https://stream1.freetv.fun/hu-nan-guo-ji-4.ctv
湖南国际,https://stream1.freetv.fun/hu-nan-guo-ji-2.ctv
湖南国际,http://php.jdshipin.com:8880/iptv.php
湖南公共,https://stream1.freetv.fun/hu-nan-gong-gong-5.ctv
湖南公共,https://stream1.freetv.fun/hu-nan-gong-gong-1.m3u8
湖南公共,https://stream1.freetv.fun/hu-nan-gong-gong-4.m3u8
湖南公共,https://stream1.freetv.fun/hu-nan-gong-gong-7.m3u8
湖南公共,https://stream1.freetv.fun/hu-nan-gong-gong-6.m3u8
湖南公共,https://stream1.freetv.fun/hu-nan-gong-gong-2.m3u8
湖南公共,https://stream1.freetv.fun/hu-nan-gong-gong-5.m3u8
湖南公共,https://stream1.freetv.fun/hu-nan-gong-gong-3.m3u8
湖南公共,https://stream1.freetv.fun/hu-nan-gong-gong-7.ctv
湖南公共,https://stream1.freetv.fun/hu-nan-gong-gong-2.ctv
金鹰纪实,http://iptv.huuc.edu.cn/hls/gedocu.m3u8
金鹰纪实,https://stream1.freetv.fun/jin-ying-ji-shi-1.ctv
金鹰纪实,http://[2409:8087:8:21::18]:6610/otttv.bj.chinamobile.com/PLTV/88888888/224/3221226572/1.m3u8
金鹰纪实,https://stream1.freetv.fun/jin-ying-ji-shi-22.ctv
金鹰纪实,https://stream1.freetv.fun/jin-ying-ji-shi-37.m3u8
金鹰纪实,http://iptv.cdn.ha.chinamobile.com/PLTV/88888888/224/3221226668/index.m3u8
金鹰纪实,https://stream1.freetv.fun/jin-ying-ji-shi-35.m3u8
金鹰纪实,https://stream1.freetv.fun/jin-ying-ji-shi-2.ctv
金鹰纪实,https://stream1.freetv.fun/jin-ying-ji-shi-9.m3u8
金鹰纪实,http://[2409:8087:3c02:0021:0000:0001:0000:100a]:6410/shandong_cabletv.live.zte.com////CHANNEL00000334/index.m3u8?IASHttpSessionId=
湖南金鹰纪实,http://yc.myds.me:35455/itv/5000000011000031203.m3u8?cdn=bestzb
游戏风云,http://iptv.cdn.ha.chinamobile.com/PLTV/88888888/224/3221226548/index.m3u8
游戏风云,http://tv.scjyhd.com:4022/udp/239.10.0.103:5140
游戏风云,https://www.freetv.top/migu/790188417.m3u8?migutoken=0276ef43726b0a3df46f95059cfba0dc88fb58e0682005aef78c7fcce5c7101a4d1199cd5aa05c58eaed75bf3a107385ce216cf787ceb58c1839c276b121b05b72a1ec8d7c6f23c240511643c0
游戏风云,http://3501776.xyz:35455/itv/5000000011000031114.m3u8?cdn=bestzb
游戏风云,http://[2409:8087:1e01:23::10]:8112/000000001000/5000000002000027005/1.m3u8?channel-id=bestzb&Contentid=5000000002000027005&livemode=1&stbId=m
游戏风云,https://zby.130519.xyz/PLTV/11/224/3221226140/index.m3u8
湖南金鹰纪实,http://nas.suntao.online:35455/itv/5000000011000031203.m3u8?cdn=bestzb
湖南金鹰纪实,https://stream1.freetv.fun/jin-ying-ji-shi-23.m3u8
长沙新闻综合,http://ls.qingting.fm/live/4877.m3u8
长沙新闻,http://ls.qingting.fm/live/4877.m3u8
衡阳新闻综合,https://liveplay-srs.voc.com.cn/hls/tv/183_554704.m3u8
娄底综合,http://iptv.666230.xyz/iptv/hnyx.php/ldxw
湖北综合,http://[2409:8087:4c0a:22:1::11]:6410/170000001115/UmaiCHAN638072216f7da/index.m3u8?AuthInfo=9kOOdBn7MFF%2F2bWjKgahUUAdKgLqNB5aOAUhcp5CeNLx3R3LdIBdA5q61lut1LwZcw4SC2tJubc%2Bq5t%2F61jvWCtjrJL0x%2BHncPgdmcbBW9I
湖北综合,https://stream1.freetv.fun/hu-bei-zong-he-4.ctv
湖北综合,https://stream1.freetv.fun/hu-bei-zong-he-6.ctv
湖北经视,http://[2409:8087:4c0a:22:1::11]:6410/170000001115/UmaiCHAN63807203543e3/index.m3u8?AuthInfo=9kOOdBn7MFF%2F2bWjKgahUUAdKgLqNB5aOAUhcp5CeNLVCQ3pDe4nBySab%2B3xPL123aTSCRugzF2ABe36IIJw2evZbYdWUo0ffUw53bflDgU
湖北经视,https://stream1.freetv.fun/hu-bei-jing-shi-2.ctv
湖北经视,https://stream1.freetv.fun/hu-bei-jing-shi-24.m3u8
湖北经视,https://t.freetv.fun/live/hu-bei-jing-shi-1.m3u8
湖北经视,https://t.freetv.fun/live/hu-bei-jing-shi.php
湖北生活,http://[2409:8087:4c0a:22:1::11]:6410/170000001115/UmaiCHAN638072c62e405/index.m3u8?AuthInfo=9kOOdBn7MFF%2F2bWjKgahUUAdKgLqNB5aOAUhcp5CeNKJPodw5BcDirSOw7egztI5bUvJjqPzSNAhrA37GrbRBIAjGQpzP0QmgsmuHnQyd2c
湖北生活,https://stream1.freetv.fun/hu-bei-sheng-huo-3.ctv
湖北生活,https://stream1.freetv.fun/hu-bei-sheng-huo-8.ctv
湖北生活,https://stream1.freetv.fun/hu-bei-sheng-huo-2.m3u8
湖北生活,https://stream1.freetv.fun/hu-bei-sheng-huo-4.ctv
湖北生活,https://t.freetv.fun/live/hu-bei-sheng-huo.m3u8
湖北教育,http://[2409:8087:4c0a:22:1::11]:6410/170000001115/UmaiCHAN638072a6cbbf6/index.m3u8?AuthInfo=9kOOdBn7MFF%2F2bWjKgahUUAdKgLqNB5aOAUhcp5CeNKTFQuOKNd5i0HMa3ydMWIQ6kJ2fBJGJ77BLTXK72CqUYQsX3ZguYt0954s9hfZTfc
湖北教育,https://stream1.freetv.fun/hu-bei-jiao-yu-4.ctv
湖北教育,https://stream1.freetv.fun/hu-bei-jiao-yu-1.ctv
湖北教育,https://t.freetv.fun/live/hu-bei-jiao-yu.m3u8
湖北影视,https://stream1.freetv.fun/hu-bei-ying-shi-14.m3u8
湖北影视,http://[2409:8087:4c0a:22:1::11]:6410/170000001115/UmaiCHAN6380728abccd2/index.m3u8?AuthInfo=9kOOdBn7MFF%2F2bWjKgahUUAdKgLqNB5aOAUhcp5CeNKU1xiiKGJYFBZK9RpEkaggogtHJZW6nJQqLppbEYE%2BqJ9kJW%2FMvKldfS2dCii9VSI
湖北影视,https://stream1.freetv.fun/hu-bei-ying-shi-1.ctv
湖北影视,https://stream1.freetv.fun/hu-bei-ying-shi-1.m3u8
湖北公共,http://[2409:8087:4c0a:22:1::11]:6410/170000001115/UmaiCHAN6380726d0ee3b/index.m3u8?AuthInfo=9kOOdBn7MFF%2F2bWjKgahUUAdKgLqNB5aOAUhcp5CeNKgjpyhD%2FJd6SZjkcHAKXbsjwotAY57dianC4%2ByY7artm7J7F4GFO6G99D0bYMJRxI
湖北公共,https://stream1.freetv.fun/hu-bei-gong-gong-5.ctv
湖北公共,https://stream1.freetv.fun/hu-bei-gong-gong-2.m3u8
湖北公共,https://stream1.freetv.fun/hu-bei-gong-gong-9.m3u8
湖北垄上,http://[2409:8087:4c0a:22:1::11]:6410/170000001115/UmaiCHAN638072463c333/index.m3u8?AuthInfo=9kOOdBn7MFF%2F2bWjKgahUUAdKgLqNB5aOAUhcp5CeNL%2Be1h4FfA5QqwJ7IPOz3p2qIS7djSxm17Htd%2FckZkm%2FVqsKHEJFJt26ju9iibzMEo
湖北垄上,https://stream1.freetv.fun/hu-bei-long-shang-9.ctv
湖北垄上,https://stream1.freetv.fun/hu-bei-long-shang-1.ctv
湖北垄上,https://stream1.freetv.fun/hu-bei-long-shang-2.ctv
湖北垄上,https://t.freetv.fun/live/hu-bei-long-shang.m3u8
武汉一台新闻综合,https://ls.qingting.fm/live/20198/64k.m3u8
武汉一台新闻综合,https://stream1.freetv.fun/wu-yi-xin-wen-zong-he-7.m3u8
武汉一台新闻综合,https://stream1.freetv.fun/wu-yi-1xin-wen-zong-he-1.m3u8
武汉一台新闻综合,https://stream1.freetv.fun/wu-yi-xin-wen-zong-he-1.m3u8
武汉一台新闻综合,https://stream1.freetv.fun/wu-yi-yi-tai-xin-wen-zong-he-5.ctv
武汉二台电视剧,https://stream1.freetv.fun/wu-yi-2dian-shi-ju-1.m3u8
武汉二台电视剧,https://stream1.freetv.fun/wu-yi-er-tai-dian-shi-ju-3.ctv
武汉四台经济,https://stream1.freetv.fun/wu-yi-jing-ji-1.m3u8
武汉教育,https://stream1.freetv.fun/wu-yi-jiao-yu-7.m3u8
武汉教育,https://stream1.freetv.fun/wu-yi-jiao-yu-5.m3u8
武汉教育,https://stream1.freetv.fun/wu-yi-jiao-yu-8.m3u8
武汉教育,https://stream1.freetv.fun/wu-yi-jiao-yu-1.m3u8
武汉教育,https://stream1.freetv.fun/wu-yi-jiao-yu-13.ctv
武汉教育,https://stream1.freetv.fun/wu-yi-jiao-yu-11.ctv
武汉教育,https://stream1.freetv.fun/wu-yi-jiao-yu-4.m3u8
武汉教育,https://stream1.freetv.fun/wu-yi-jiao-yu-6.m3u8
江夏新闻综合,https://stream1.freetv.fun/jiang-xia-xin-wen-zong-he-5.m3u8
十堰新闻,https://stream1.freetv.fun/shi-yan-xin-wen-1.m3u8
十堰新闻,https://stream1.freetv.fun/shi-yan-xin-wen-3.m3u8
十堰新闻,https://stream1.freetv.fun/shi-yan-xin-wen-2.m3u8
十堰新闻,https://stream1.freetv.fun/shi-yan-xin-wen-4.m3u8
荆门新闻综合,https://stream.jmtv.com.cn/xwzh/playlist.m3u8?_upt=3e28e7271664278691
荆门新闻综合,https://stream1.freetv.fun/jing-men-xin-wen-zong-he-3.m3u8
荆门新闻综合,https://stream1.freetv.fun/jing-men-xin-wen-zong-he-2.m3u8
荆门新闻综合,https://stream1.freetv.fun/jing-men-xin-wen-zong-he-1.m3u8
荆门新闻综合,https://stream1.freetv.fun/jing-men-xin-wen-zong-he-6.m3u8
荆门新闻综合,https://stream1.freetv.fun/jing-men-xin-wen-zong-he-5.m3u8
荆门新闻综合,https://stream1.freetv.fun/jing-men-xin-wen-zong-he-4.m3u8
荆门新闻综合,http://stream.jmtv.com.cn/xwzh/sd/live.m3u8
荆门新闻综合,https://t.freetv.fun/live/jing-men-xin-wen-zong-he-1.m3u8
荆门新闻综合,https://t.freetv.fun/live/jing-men-xin-wen-zong-he-3.m3u8
北海经济科教,https://play-a2.quklive.com:443/live/1727311690820146.m3u8
南宁公共,http://688b7cbf9b7a8d911a085372b6c70ab5.livehwc3.cn/hls.nntv.cn/nnlive/XWZH_24.m3u8?sub_m3u8=true&edge_slice=true&user_session_id=d1391be1fc200f8e4700c5d82b44edae
南宁公共,https://stream1.freetv.fun/nan-zhu-gong-gong-1.m3u8
游戏风云,rtsp://115.153.245.70/PLTV/88888888/224/3221225615/iptv7998.smil
电竞天堂,http://[2409:8087:5e00:24::2d]:6610/000000001000/1/5000000011000288003/index.m3u8?channel-id=bestzb&Contentid=5000000011000288003&livemode=1&stbId=YanG-1989
电竞天堂,http://tv.scjyhd.com:4022/udp/239.93.1.135:5140
爱电竞,http://php.jdshipin.com:8880/itv6s.php?cid=wasusyt&id=6000000006000230630
风云音乐,https://radio.0472.org/?id=641
风云音乐,https://live.264788.xyz/channel/fengyunyinyue?streamid=be37d16b874e7ba11dd383d7ecd75752&livekey=01WgOR41rriMmMkzNsd0UoaxJRwetZdxIvtVk
风云音乐,rtsp://115.153.245.70/PLTV/88888888/224/3221226994/86128897.smil
风云音乐,rtsp://115.153.247.80/PLTV/88888888/224/3221226994/86128897.smil
风云音乐,rtsp://115.153.222.112:554/PLTV/88888888/224/3221226994/86128897.smil
音乐现场,http://satellitepull.cnr.cn/live/wx32nmgyygb/playlist.m3u8
音乐现场,https://satellitepull.cnr.cn/live/wx32nmgyygb/playlist.m3u8
音乐现场,rtsp://118.212.169.207:554/PLTV/88888888/224/3221227338/10000100000000060000000001946523_0.smil
音乐现场,rtsp://115.153.245.70/PLTV/88888888/224/3221227001/86441055.smil
音乐现场,rtsp://115.153.254.81/PLTV/88888888/224/3221227001/86441055.smil
音乐现场,rtsp://115.153.240.228:554/PLTV/88888888/224/3221227001/86441055.smil
音乐现场,rtsp://115.153.212.72/PLTV/88888888/224/3221227001/86441055.smil
音乐现场,rtsp://115.153.247.80/PLTV/88888888/224/3221227001/86441055.smil
音乐现场,rtsp://115.153.230.145/PLTV/88888888/224/3221227001/86441055.smil
音乐现场,rtsp://115.153.222.112:554/PLTV/88888888/224/3221227001/86441055.smil
音乐之声,https://radio.0472.org/?id=641
音乐之声,https://satellitepull.cnr.cn/live/wx32nmgyygb/playlist.m3u8
潮流音乐,http://play-radio-stream3.hndt.com/now/Or5au0KN/playlist.m3u8
音乐广播,https://tv-1.iill.top/fm/552
笑傲江湖,http://lu.wqwqwq.sbs/yy/1354930909
笑傲江湖,https://live.iill.top/huya/23865142
笑傲江湖,http://live.iill.top/yy.php?id=1354282410
笑傲江湖,http://live.metshop.top/huya/26355790
笑傲江湖,http://cdn.jdshipin.com:8880/huya.php?id=26355790
天龙八部,http://luobo.bkpcp.top/yy/1382736855
天龙八部,http://www.clmy.cc:35455/yy/1355067965
天龙八部,https://live.metshop.top/huya/23903123
天龙八部,http://live.iill.top/yy.php?id=1351814644
天龙八部,http://cdn.jdshipin.com:8880/huya.php?id=23903123
鹿鼎记,http://luobo.bkpcp.top/yy/1382704650
鹿鼎记,http://live.iill.top/yy.php?id=1382704650
鹿鼎记,http://cdn.jdshipin.com:8880/huya.php?id=23865080
仙剑奇侠传,http://live.iill.top/yy.php?id=1382749903
西游记,https://txmov2.a.kwimgs.com/bs3/video-hls/5239093806671579134_hlsb.m3u8
三国演义,https://live.iill.top/huya/11602081
三国演义,http://live.iill.top/yy.php?id=1354936241
三国演义,http://live.metshop.top/huya/11602081
水浒传,http://www.clmy.cc:35455/yy/1353873252
新白娘子传奇,http://lu.wqwqwq.sbs/yy/1354490667
新白娘子传奇,http://luobo.bkpcp.top/yy/1354490667
新白娘子传奇,http://www.clmy.cc:35455/yy/1354490667
新白娘子传奇,http://live.iill.top/yy.php?id=1354490667
济公游记,http://live.iill.top/yy.php?id=1355265814
封神榜,http://luobo.bkpcp.top/yy/1353426319
封神榜,http://www.clmy.cc:35455/yy/1353426319
封神榜,http://live.iill.top/yy.php?id=1353426319
封神榜,http://cdn.jdshipin.com:8880/huya.php?id=23749096
封神榜,https://www.goodiptv.club/yy/1382797534
封神榜,http://live.ottiptv.cc/huya/29465849
封神榜,https://live.metshop.top/huya/29465849
上海滩,http://luobo.bkpcp.top/yy/1382745184
上海滩,http://live.iill.top/yy.php?id=1382745184
上海滩,https://www.goodiptv.club/yy/1382745184
射雕英雄传,http://live.iill.top/yy.php?id=1354210357
射雕英雄传,http://cdn.jdshipin.com:8880/huya.php?id=23824164
射雕英雄传,https://live.metshop.top/huya/23824164
南宁公共,https://stream1.freetv.fun/nan-zhu-gong-gong-5.m3u8
南宁公共,https://stream1.freetv.fun/nan-zhu-gong-gong-6.m3u8
南宁公共,https://stream1.freetv.fun/nan-zhu-gong-gong-7.m3u8
南宁公共,https://stream1.freetv.fun/nan-zhu-gong-gong-9.m3u8
南宁新闻综合,rtmp://tv.qntv.net/channellive/ch1?zguizd
南宁新闻综合,http://688b7cbf9b7a8d911a085372b6c70ab5.livehwc3.cn/hls.nntv.cn/nnlive/XWZH_24.m3u8?sub_m3u8=true&edge_slice=true&user_session_id=d1391be1fc200f8e4700c5d82b44edae
南宁新闻综合,https://stream1.freetv.fun/nan-zhu-xin-wen-zong-he-1.m3u8
南宁新闻综合,https://stream1.freetv.fun/nan-zhu-xin-wen-zong-he-3.m3u8
南宁新闻综合,https://stream1.freetv.fun/nan-zhu-xin-wen-zong-he-4.m3u8
南宁都市生活,http://615bbf179ba53515dccad7b1da5d1ad9.livehwc3.cn/hls.nntv.cn/nnlive/WLSH_24.m3u8?sub_m3u8=true&edge_slice=true&user_session_id=2598844eaee8a4265e706fc14b3fc11d
南宁都市生活,https://stream1.freetv.fun/nan-zhu-du-shi-sheng-huo-1.m3u8
南宁都市生活,https://stream1.freetv.fun/nan-zhu-du-shi-sheng-huo-2.m3u8
南宁都市生活,https://stream1.freetv.fun/nan-zhu-du-shi-sheng-huo-3.m3u8
南宁都市生活,https://t.freetv.fun/live/nan-zhu-du-shi-sheng-huo-1.m3u8
南宁都市生活,https://t.freetv.fun/live/nan-zhu-du-shi-sheng-huo.m3u8
宾阳综合,http://pulls.myun.tv/live/0dkp33j5.m3u8
来宾综合,http://zb.gxlbamc.com:1935/live/lbzh.stream/playlist.m3u8
灌阳新闻综合,https://ls.qingting.fm/live/5043/64k.m3u8
灌阳新闻综合,https://mobilelive.gxtv.cn/live/gx_live1007/playlist.m3u8
田东综合,http://pulls.myun.tv/live/0dkp33j5.m3u8
广西新闻,https://mobilelive.gxtv.cn/live/gx_live1007/playlist.m3u8
广西新闻,https://tv.gxtv.cn/channel/channelivePlay_9dfd8600075811e9ba67e41f13b60c62.html
广西新闻,https://t.freetv.fun/live/yan-xi-xin-wen.m3u8
广西新闻,https://t.freetv.fun/live/yan-xi-xin-wen-1.m3u8
广西新闻,https://t.freetv.fun/live/yan-xi-xin-wen-2.m3u8
广西新闻,https://t.freetv.fun/live/yan-xi-xin-wen-3.m3u8
北海新闻,http://45.192.97.170:8880/play/2390.m3u8
广西国际,https://hlscdn.liangtv.cn/live/0234c48e0bc24fe1b41b9999a253e581/1075ee38e04f490690f6a36a16e09c79.m3u8
广西国际,http://hlscdn.liangtv.cn/live/0234c48e0bc24fe1b41b9999a253e581/1075ee38e04f490690f6a36a16e09c79.m3u8?fbl=
广西国际,https://tv.gxtv.cn/channel/channelivePlay_bfa17b64157f11e999f0e41f13b60c62.html
南宁影视娱乐,http://688b7cbf9b7a8d911a085372b6c70ab5.livehwc3.cn/hls.nntv.cn/nnlive/YSYL_244.m3u8?sub_m3u8=true&edge_slice=true&user_session_id=e7eb508555e76e08cc1b198d04f41fb5
南宁影视娱乐,https://stream1.freetv.fun/nan-zhu-ying-shi-yu-le-1.m3u8
南宁影视娱乐,https://stream1.freetv.fun/nan-zhu-ying-shi-yu-le-3.m3u8
南宁影视娱乐,https://stream1.freetv.fun/nan-zhu-ying-shi-yu-le-4.m3u8
南宁影视娱乐,https://t.freetv.fun/live/nan-zhu-ying-shi-yu-le-3.m3u8
南宁影视娱乐,https://t.freetv.fun/live/nan-zhu-ying-shi-yu-le.m3u8
津南一套,http://play.jinnantv.top/live/JNTV1.m3u8?ztianjd
津南一套,http://61.147.106.103/play.jinnantv.top/live/JNTV1.m3u8?ztianjd&wsSession=4e59297ef5846f4a7cf02eb3-172672213891355&wsIPSercert=6d426cba8b106cdec9147b1e2a9ace7c&wsiphost=local&wsBindIP=1
乐山新闻综合,https://stream1.freetv.fun/le-shan-xin-wen-zong-he-1.m3u8
乐山新闻综合,https://stream1.freetv.fun/le-shan-xin-wen-zong-he-2.m3u8
乐至综合,http://175.155.106.72:89/live1/live1.m3u8?zsicd;http://rmlive.lzxrmtzx.com/live1/live1.m3u8?zsicd
井研综合,http://tvfile.jyrmt.cn/nmip-media/channellive/channel104452/playlist.m3u8
仁寿综合,https://play.scrstv.com.cn/DT/live.m3u8?auth_key=60001724663204-0-0-c1cc4ded9841ac34f63cdbd3aec647ef
凉山新闻综合,rtmp://tv.drs.i0834.cn/channellive/ch1?zsicd
凉山新闻综合,rtmp://tv.drs.yizu.tv/channellive/ch1?zsicd
凉山语,rtmp://tv.drs.i0834.cn/channellive/ch2?zsicd
凉山语,rtmp://tv.drs.yizu.tv/channellive/ch2?zsicd
剑阁综合,https://m3u8.channel.dzsm.com/nmip-media/channellive/channel105549/playlist.m3u8
叙州新闻综合,https://stream1.freetv.fun/xu-zhou-xin-wen-zong-he-1.m3u8
叙州新闻综合,https://stream1.freetv.fun/xu-zhou-xin-wen-zong-he-2.m3u8
叙州新闻综合,https://stream1.freetv.fun/xu-zhou-xin-wen-zong-he-3.m3u8
叙州新闻综合,https://stream1.freetv.fun/xu-zhou-xin-wen-zong-he-6.m3u8
叙州新闻综合,https://stream1.freetv.fun/xu-zhou-xin-wen-zong-he-7.m3u8
叙永综合,https://m3u8channel-bx.yunxya.com/nmip-media/channellive/channel104666/playlist.m3u8
叙永综合,rtmp://luzhi.xuyongrongmei.com:1935/live/xyxw?zsicd
叙永综合,http://luzhi.xuyongrongmei.com:1935/live/_definst_/xyxw/playlist.m3u8?zsicd#rtmp://luzhi.xuyongrongmei.com:1935/live/xyxw?zsicd
叙永综合,http://luzhi.xuyongrongmei.com:1935/live/_definst_/xyxw/playlist.m3u8
叙永综合,http://luzhi.xuyongrongmei.com:1935/live/_definst_/xyxw/playlist.m3u8?zsicd
名山综合,rtmp://tv.yunxya.com:1937/channellive/mingshan
四川科教,https://stream1.freetv.fun/si-chuan-ke-jiao-1.m3u8
四川科教,https://stream1.freetv.fun/si-chuan-ke-jiao-3.ctv
四川科教,https://stream1.freetv.fun/si-chuan-ke-jiao-4.ctv
四川科教,https://t.freetv.fun/live/si-chuan-ke-jiao.m3u8
宝兴综合,rtmp://tv.yunxya.com:1937/channellive/baoxing
小金综合,rtmp://xjlive.xjxrmt.cn/live/xwpd
广元公共,https://m3u8.channel.dzsm.com/nmip-media/channellive/channel101257/playlist.m3u8
广元综合,https://stream1.freetv.fun/yan-yuan-zong-he-1.m3u8
广元综合,https://stream1.freetv.fun/yan-yuan-zong-he-2.ctv
广元综合,https://t.freetv.fun/live/yan-yuan-zong-he-1.m3u8
广安公共,http://live1.gatv.com.cn:85/live/GGPD.m3u8
康巴卫视,http://php.jdshipin.com/TVOD/hljyd.php?id=3221225660
康巴卫视,http://[2409:8087:3428:20:500::100f]:6610/PLTV/88888888/224/3221225856/index.m3u8?servicetype=1&IASHttpSessionId=RR423820220409134714119178
康巴卫视,http://[2409:8087:3428:20:500::1009]:6610/PLTV/88888888/224/3221225856/index.m3u8?servicetype=1&IASHttpSessionId=RR423820220409134714119178
康巴卫视,http://[2409:8087:2001:20:2800:0:df6e:eb10]:80/wh7f454c46tw3423902933_-437655574/ott.mobaibox.com/PLTV/3/224/3221227645/index.m3u8
康巴卫视,https://stream1.freetv.fun/b3baba1d904b40b2d929ec8cbdfa40800abc7cb6d1c18efed0d6d91d97bce5b3.ctv
康巴卫视,https://stream1.freetv.fun/0de2ac9a0e7c3146b44c21f35ce10496eff2b9f67f7b9a106ba8493bf2d9cbee.ctv
康巴卫视,https://stream1.freetv.fun/7acb1025eb98d411fe5dc519902069dda51b621f55c7b1fce3acdd50f55d6ad5.ctv
康巴卫视,http://[2409:8087:1a0b:df::4005]:80/ottrrs.hl.chinamobile.com/PLTV/88888888/224/3221225660/index.m3u8
康巴卫视,http://[2409:8087:8:21::18]:6610/otttv.bj.chinamobile.com/PLTV/88888888/224/3221227027/1.m3u8?GuardEncType=2&accountinfo=%7E%7EV2.0%7EkHMvBpWz4rccMxNvSRekpQ%7EtP4-l0lmSfjwLWEfK_el1vH_mv-s1zo4AQJwdedaVwG9xkuFTDg8J26cwOrNJzn20BErrHdLhuZ9EzLUCD3PMW-OMx4MGteHV2vLeW6BqoY%2CEND
康巴卫视,http://[2409:8087:1a15:10d1::38]/ottrrs.hl.chinamobile.com/PLTV/88888888/224/3221225660/index.m3u8
德阳新闻综合,https://stream1.freetv.fun/de-yang-xin-wen-zong-he-1.m3u8
德阳新闻综合,https://stream1.freetv.fun/de-yang-xin-wen-zong-he-2.m3u8
德阳新闻综合,https://stream1.freetv.fun/de-yang-xin-wen-zong-he-3.m3u8
旺苍新闻综合,rtmp://tv.wcrmt.cn/channellive/ch1
旺苍新闻综合,http://live.spccmc.com:90/live/spxwzh.m3u8?%E5%85%B3%E6%B3%A8%E5%BE%AE%E4%BF%A1%E5%85%AC%E4%BC%97%E5%8F%B7[%E6%99%B4%E5%9B%AD]
朝天综合,https://m3u8.channel.dzsm.com/nmip-media/channellive/channel104601/playlist.m3u8
松潘新闻综合,http://live.spccmc.com:90/live/spxwzh.m3u8?%E5%85%B3%E6%B3%A8%E5%BE%AE%E4%BF%A1%E5%85%AC%E4%BC%97%E5%8F%B7[%E6%99%B4%E5%9B%AD]
松潘新闻综合,http://live.spccmc.com:90/live/spxwzh.m3u8
松潘新闻综合,http://live.spccmc.com:90/live/spxwzh.m3u8?zsicd
汉源综合,http://live.hyxrmt.com:85/live/xwpd.m3u8?zsicd
汉源综合,http://live.hyxrmt.com:85/live/xwpd.m3u8
汶川新闻综合,rtmp://tv.mcrm.org.cn:1935/channellive/tv01
汶川新闻综合,rtmp://live.iwcmt.cn:1936/live/zhxw
汶川新闻综合,http://live.iwcmt.cn:90/live/zhxw.m3u8
汶川新闻综合,http://live.iwcmt.cn:90/live/zhxw.m3u8?zsicd
汶川新闻综合,http://file.ysxtv.cn/cms/videos/nmip-media/channellive/channel4/playlist.m3u8?zsicd#rtmp://tv.mcrm.org.cn:1935/channellive/tv01
沐川综合,http://file.ysxtv.cn/cms/videos/nmip-media/channellive/channel4/playlist.m3u8?zsicd#rtmp://tv.mcrm.org.cn:1935/channellive/tv01
沐川综合,http://file.ysxtv.cn/cms/videos/nmip-media/channellive/channel4/playlist.m3u8?zsicd
泸县新闻综合,http://lxfile.lxxcb.cn/nmip-media/channellive/channel103799/playlist.m3u8
泸县新闻综合,http://lxfile.lxxcb.cn/nmip-media/channellive/channel103799/playlist.m3u8?zsicd
泸县新闻综合,http://lxfile.lxxcb.cn:80/nmip-media/channellive/channel103799/playlist.m3u8
泸县新闻综合,https://m3u8channel.ganzitv.com/nmip-media/channellive/channel1/playlist.m3u8
甘孜综合,https://m3u8channel.ganzitv.com/nmip-media/channellive/channel1/playlist.m3u8
石棉综合,rtmp://tv.yunxya.com:1937/channellive/shimian
石棉综合,http://live.hyxrmt.com:85/live/xwpd.m3u8
筠连综合,http://live.dameijunlian.cn/live1/live1.m3u8
绵阳科技,https://stream1.freetv.fun/mian-yang-ke-ji-2.m3u8
绵阳科技,https://t.freetv.fun/live/mian-yang-ke-ji.m3u8
荥经综合,rtmp://tv.yunxya.com:1937/channellive/yingjing
荥经综合,http://file.ysxtv.cn/cms/videos/nmip-media/channellive/channel4/playlist.m3u8
荥经综合,https://file.ysxtv.cn/nmip-media/channellive/channel101492/playlist.m3u8
营山电视台,https://file.ysxtv.cn/nmip-media/channellive/channel101492/playlist.m3u8
营山电视台,http://file.ysxtv.cn/cms/videos/nmip-media/channellive/channel4/playlist.m3u8?zsicd#http://file.ysxtv.cn/cms/videos/nmip-media/channellive/channel4/playlist.m3u8
蓬安新闻综合,https://stream1.freetv.fun/peng-an-xin-wen-zong-he-1.m3u8
蓬安新闻综合,https://stream1.freetv.fun/peng-an-xin-wen-zong-he-2.m3u8
金川新闻综合,rtmp://live.jinchuanrmt.com/live/zhxw
金川新闻综合,rtmp://139.203.180.9/live/zhxw
金川新闻综合,https://stream1.freetv.fun/jin-chuan-xin-wen-zong-he-1.m3u8
金川新闻综合,https://stream1.freetv.fun/jin-chuan-xin-wen-zong-he-2.m3u8
金川新闻综合,https://stream1.freetv.fun/jin-chuan-xin-wen-zong-he-3.m3u8
金川新闻综合,https://stream1.freetv.fun/jin-chuan-xin-wen-zong-he-4.m3u8
金川新闻综合,https://t.freetv.fun/live/jin-chuan-xin-wen-zong-he-4.m3u8
金川新闻综合,https://t.freetv.fun/live/jin-chuan-xin-wen-zong-he-1.m3u8
金川新闻综合,https://t.freetv.fun/live/jin-chuan-xin-wen-zong-he.m3u8
长宁综合,rtmp://cnpull.sccnfb.com/live/123456
雅安雨城,https://m3u8channel-yc.yunxya.com/nmip-media/channellive/channel100103/playlist.m3u8
青川综合,http://qcfile.qcrmt.com/nmip-media/channellive/channel100933/playlist.m3u8
青神综合,http://lmt.scqstv.com:80/live1/live1.m3u8
马尔康综合,rtmp://live.zmmek.com/live/zhxw
陕西新闻资讯,http://[2409:8087:7000:20::4]:80/dbiptv.sn.chinamobile.com/PLTV/88888888/224/3221226357/index.m3u8
陕西新闻资讯,https://mgtv.ottiptv.cc/migu/956909289.m3u8?migutoken=d4f3f5a8bf93821548ae70c6bd12860956574c27b3b1ef52c88c8e3d72259b1727a6dbf5d6a5de850afac4c7ffe2f2124bb3b558a89906cd32ccc8913f0f22dd74b7a84514b6015bff75903d9c
陕西新闻资讯,https://mursor.ottiptv.cc/migu/609006446.m3u8?migutoken=42ba87f38d5576de5f23dc490b756c4fb21a2ac016d365e8f4db029442920a3e302517922b3ae6d83ca3767ee91101e32693c1a756c1f95fe97e3c9f12e03e0be34ddf079f4c69faf69aa701be
陕西新闻资讯,https://migu.188766.xyz/?migutoken=019306affa30e1a450089123c874da4c&id=%E9%99%95%E8%A5%BF%E6%96%B0%E9%97%BB%E8%B5%84%E8%AE%AF%E9%A2%91%E9%81%93&type=yy
陕西新闻资讯,http://gslbmgsplive.miguvideo.com/migu/kailu/sxxwzx/51/20250804/index.m3u8?msisdn=20250919080136670d8cf97d464e1f874949e449ebd1ac&mdspid=&spid=600572&netType=0&sid=5910022187&pid=2028597139&timestamp=20250919080136&Channel_ID=0116_2600000900-99000-201600010010027&ProgramID=956909289&ParentNodeID=-99&assertID=5910022187&client_ip=106.13.250.88&SecurityKey=20250919080136&promotionId=&mvid=5900006710&mcid=500020&playurlVersion=WX-A1-8.9.1-RELEASE&userid=&jmhm=&videocodec=h264&bean=mgspad&tid=android&conFee=0&puData=01b1afdabd15fc39dd9264ccca9ac59f&ddCalcu=f091e5b1c16aa09fadcacbcd41652f9cd3d9
陕西新闻资讯,https://migu.188766.xyz/?migutoken=43269f7f872029218455b6133f5f2ba3&id=%E9%99%95%E8%A5%BF%E6%96%B0%E9%97%BB%E8%B5%84%E8%AE%AF%E9%A2%91%E9%81%93&type=yy
陕西新闻资讯,https://iptv.catvod.com/live.php?id=%E9%99%95%E8%A5%BF%E6%96%B0%E9%97%BB%E8%B5%84%E8%AE%AF%E9%A2%91%E9%81%93
陕西新闻资讯,http://gslbmgsplive.miguvideo.com/migu/kailu/sxxwzx/51/20250804/index.m3u8?msisdn=202510230801447f8d4c3a1a3c4ca1bd0de217472d80f2&mdspid=&spid=600572&netType=0&sid=5910022187&pid=2028597139&timestamp=20251023080144&Channel_ID=0116_2600000900-99000-201600010010027&ProgramID=956909289&ParentNodeID=-99&assertID=5910022187&client_ip=106.13.250.83&SecurityKey=20251023080144&promotionId=&mvid=5900006710&mcid=500020&playurlVersion=WX-A1-8.9.2-RELEASE&userid=&jmhm=&videocodec=h264&bean=mgspad&tid=android&conFee=0&puData=6ed563603d847927c8983a33d5b70e32&ddCalcu=263eeed2056760b356d0333da834879982c7
陕西新闻资讯,http://gslbmgsplive.miguvideo.com/migu/kailu/sxxwzx/51/20250804/index.m3u8?msisdn=202510240800591ee112712ed2473aa0d84b8ea3046959&mdspid=&spid=600572&netType=0&sid=5910022187&pid=2028597139&timestamp=20251024080059&Channel_ID=0116_2600000900-99000-201600010010027&ProgramID=956909289&ParentNodeID=-99&assertID=5910022187&client_ip=106.13.250.88&SecurityKey=20251024080059&promotionId=&mvid=5900006710&mcid=500020&playurlVersion=WX-A1-8.9.2-RELEASE&userid=&jmhm=&videocodec=h264&bean=mgspad&tid=android&conFee=0&puData=5661fd15cfb5726d7c6a1eb652fdb094&ddCalcu=4596e062b16df0fd21556cbfeb15a762c67d
陕西新闻资讯,http://gslbmgsplive.miguvideo.com/migu/kailu/sxxwzx/51/20250804/index.m3u8?msisdn=20251103080058882df805d306418796fde44ae04b240c&mdspid=&spid=600572&netType=0&sid=5910022187&pid=2028597139&timestamp=20251103080058&Channel_ID=0116_2600000900-99000-201600010010027&ProgramID=956909289&ParentNodeID=-99&assertID=5910022187&client_ip=106.13.250.89&SecurityKey=20251103080058&promotionId=&mvid=5900006710&mcid=500020&playurlVersion=WX-A1-8.10.1-RELEASE&userid=&jmhm=&videocodec=h264&bean=mgspad&tid=android&conFee=0&puData=04947b906a39230785655d9740d85953&ddCalcu=3054e990546870db0940769ad35952635087
陕西都市青春,http://[2409:8087:7001:20:3::6]:80/dbiptv.sn.chinamobile.com/PLTV/88888888/224/3221226358/index.m3u8
陕西都市青春,https://mgtv.ottiptv.cc/migu/956909358.m3u8?migutoken=c3931ea9d3d7ede24a9d13084dadcc55f7f21b114c6c584ca7defd6492ba46b7286dbd751d0f853f83e998e4b0349c62cf4bc570ac83667c4f6bd49a9411edc68e80c1d7f24da79a264d15912b
陕西都市青春,https://mursor.ottiptv.cc/migu/956909358.m3u8?migutoken=c87dc81c3a4dfa5f0241fa92cbd0f962df97329d2447bcb3ff76c61e9bb4cb6baa92af67d4f1269e95c16358b6bb2468bd5220ac0872a32bf5025673f04e39d4c4a840f29104c5af836051f154
陕西都市青春,https://migu.188766.xyz/?migutoken=ddc31a7cea8582f4a16cd5a1b3d35af9&id=%E9%99%95%E8%A5%BF%E9%83%BD%E5%B8%82%E9%9D%92%E6%98%A5%E9%A2%91%E9%81%93&type=yy
陕西都市青春,http://gslbmgsplive.miguvideo.com/migu/kailu/sxdsqc/51/20250804/index.m3u8?msisdn=20250919080136b45ee433a7cf4d688994f00b794d176d&mdspid=&spid=600572&netType=0&sid=5910022190&pid=2028597139&timestamp=20250919080136&Channel_ID=0116_2600000900-99000-201600010010027&ProgramID=956909358&ParentNodeID=-99&assertID=5910022190&client_ip=106.13.250.88&SecurityKey=20250919080136&promotionId=&mvid=5900006713&mcid=500020&playurlVersion=WX-A1-8.9.1-RELEASE&userid=&jmhm=&videocodec=h264&bean=mgspad&tid=android&conFee=0&puData=9db1317be8c80566b10f130aebe87c29&ddCalcu=992decb1716830e1b7ebae083c18f00516b6
陕西都市青春,https://migu.188766.xyz/?migutoken=07b9dbf6ef1072ce1f1eb08bec1338eb&id=%E9%99%95%E8%A5%BF%E9%83%BD%E5%B8%82%E9%9D%92%E6%98%A5%E9%A2%91%E9%81%93&type=yy
陕西都市青春,https://iptv.catvod.com/live.php?id=%E9%99%95%E8%A5%BF%E9%83%BD%E5%B8%82%E9%9D%92%E6%98%A5%E9%A2%91%E9%81%93
陕西都市青春,http://gslbmgsplive.miguvideo.com/migu/kailu/sxdsqc/51/20250804/index.m3u8?msisdn=202510230801444202628b64cc49f4bfb9f6b1dfb1f491&mdspid=&spid=600572&netType=0&sid=5910022190&pid=2028597139&timestamp=20251023080144&Channel_ID=0116_2600000900-99000-201600010010027&ProgramID=956909358&ParentNodeID=-99&assertID=5910022190&client_ip=106.13.250.83&SecurityKey=20251023080144&promotionId=&mvid=5900006713&mcid=500020&playurlVersion=WX-A1-8.9.2-RELEASE&userid=&jmhm=&videocodec=h264&bean=mgspad&tid=android&conFee=0&puData=83284c876ebb25ecdf72f4eb4dd5a006&ddCalcu=6803e022a86540dcd847b6ee4bfb2275fedc
陕西都市青春,http://gslbmgsplive.miguvideo.com/migu/kailu/sxdsqc/51/20250804/index.m3u8?msisdn=2025102408005947806826798c44e4b89b7ed86b1ba04f&mdspid=&spid=600572&netType=0&sid=5910022190&pid=2028597139&timestamp=20251024080059&Channel_ID=0116_2600000900-99000-201600010010027&ProgramID=956909358&ParentNodeID=-99&assertID=5910022190&client_ip=106.13.250.88&SecurityKey=20251024080059&promotionId=&mvid=5900006713&mcid=500020&playurlVersion=WX-A1-8.9.2-RELEASE&userid=&jmhm=&videocodec=h264&bean=mgspad&tid=android&conFee=0&puData=52c95103cb01acfba0783bb6dba5f262&ddCalcu=2562e2c2f96550a1b0d36cbbb0318a7c0fab
陕西都市青春,http://gslbmgsplive.miguvideo.com/migu/kailu/sxdsqc/51/20250804/index.m3u8?msisdn=2025110308005817d2fd9018104222b957a12f7fb163e6&mdspid=&spid=600572&netType=0&sid=5910022190&pid=2028597139&timestamp=20251103080058&Channel_ID=0116_2600000900-99000-201600010010027&ProgramID=956909358&ParentNodeID=-99&assertID=5910022190&client_ip=106.13.250.89&SecurityKey=20251103080058&promotionId=&mvid=5900006713&mcid=500020&playurlVersion=WX-A1-8.10.1-RELEASE&userid=&jmhm=&videocodec=h264&bean=mgspad&tid=android&conFee=0&puData=be0ee53b954eaa1db26a68ca3df102ff&ddCalcu=fbfee2000e61e0f5d33ba9c5846eaa6a21bd
陕西生活,http://[2409:8087:7000:20::4]:80/dbiptv.sn.chinamobile.com/PLTV/88888888/224/3221226359/index.m3u8
陕西公共,http://ls.qingting.fm/live/1222.m3u8
陕西公共,http://[2409:8087:7000:20::4]:80/dbiptv.sn.chinamobile.com/PLTV/88888888/224/3221226361/index.m3u8
陕西体育休闲,http://[2409:8087:7000:20::4]:80/dbiptv.sn.chinamobile.com/PLTV/88888888/224/3221226363/index.m3u8
陕西体育休闲,https://mgtv.ottiptv.cc/migu/956909356.m3u8?migutoken=2cd1b3120e6a6d3cec136ca61cb23c24512860d4956d391b8c7d8a1fce58c3fa549930217eede8887c05f73eb24ac9692be10bdd06557f58130ff6717e37e1b6ba38adfacf8e74298fe1d4f48c
陕西体育休闲,https://mursor.ottiptv.cc/migu/956909356.m3u8?migutoken=021c647cf88998a1d5e975e611105ec7b434d0d86b9449d6d194c919bab8229d8de7eb192b3c538878483f1c5caadd89a7f9dad3b3a6c7d81a464d0c393881264329fb53b7ab1693cb935f54ed
陕西体育休闲,http://gslbmgsplive.miguvideo.com/migu/kailu/sxtyxx/51/20250804/index.m3u8?msisdn=20250921080053bb7e3ee981dc4bde95a765fbffef7b9e&mdspid=&spid=600572&netType=0&sid=5910022189&pid=2028597139&timestamp=20250921080053&Channel_ID=0116_2600000900-99000-201600010010027&ProgramID=956909356&ParentNodeID=-99&assertID=5910022189&client_ip=106.13.250.88&SecurityKey=20250921080053&promotionId=&mvid=5900006712&mcid=500020&playurlVersion=WX-A1-8.9.1-RELEASE&userid=&jmhm=&videocodec=h264&bean=mgspad&tid=android&conFee=0&puData=43ffb82e5f9372a440dd84479d27b2f6&ddCalcu=64f3e2f2bf67b028d29e754f4983d7d20a44
陕西体育休闲,http://gslbmgsplive.miguvideo.com/migu/kailu/sxtyxx/51/20250804/index.m3u8?msisdn=20251023080139c026415ca4654e0cb51f36f8105eb6a1&mdspid=&spid=600572&netType=0&sid=5910022189&pid=2028597139&timestamp=20251023080139&Channel_ID=0116_2600000900-99000-201600010010027&ProgramID=956909356&ParentNodeID=-99&assertID=5910022189&client_ip=106.13.250.83&SecurityKey=20251023080139&promotionId=&mvid=5900006712&mcid=500020&playurlVersion=WX-A1-8.9.2-RELEASE&userid=&jmhm=&videocodec=h264&bean=mgspad&tid=android&conFee=0&puData=101f9c0a14d24dc78aa97137482db06c&ddCalcu=c160e012bf6d902c804a71341d7294adac87
陕西体育休闲,http://gslbmgsplive.miguvideo.com/migu/kailu/sxtyxx/51/20250804/index.m3u8?msisdn=20251024080056953be86c14d64c758cd4dbf06a58c942&mdspid=&spid=600572&netType=0&sid=5910022189&pid=2028597139&timestamp=20251024080056&Channel_ID=0116_2600000900-99000-201600010010027&ProgramID=956909356&ParentNodeID=-99&assertID=5910022189&client_ip=106.13.250.88&SecurityKey=20251024080056&promotionId=&mvid=5900006712&mcid=500020&playurlVersion=WX-A1-8.9.2-RELEASE&userid=&jmhm=&videocodec=h264&bean=mgspad&tid=android&conFee=0&puData=d18ceaa4887dd90437843aedd252e8e7&ddCalcu=7de1e882ec62e05a2ad4d8e8a73d4d897034
陕西体育休闲,http://gslbmgsplive.miguvideo.com/migu/kailu/sxtyxx/51/20250804/index.m3u8?msisdn=20251103080054dd2ca20e8bce4bc29b5e1015d821ce0f&mdspid=&spid=600572&netType=0&sid=5910022189&pid=2028597139&timestamp=20251103080054&Channel_ID=0116_2600000900-99000-201600010010027&ProgramID=956909356&ParentNodeID=-99&assertID=5910022189&client_ip=106.13.250.89&SecurityKey=20251103080054&promotionId=&mvid=5900006712&mcid=500020&playurlVersion=WX-A1-8.10.1-RELEASE&userid=&jmhm=&videocodec=h264&bean=mgspad&tid=android&conFee=0&puData=c2bb6b4fde171545be7a560315e894c8&ddCalcu=8cc2e4b09b6860eb541f3d0e6157a175e4b5
陕西体育休闲,http://gslbmgsplive.miguvideo.com/migu/kailu/sxtyxx/51/20250804/index.m3u8?msisdn=2025110408005063d6176a7bb247838514a7b887a817ff&mdspid=&spid=600572&netType=0&sid=5910022189&pid=2028597139&timestamp=20251104080050&Channel_ID=0116_2600000900-99000-201600010010027&ProgramID=956909356&ParentNodeID=-99&assertID=5910022189&client_ip=106.13.250.90&SecurityKey=20251104080050&promotionId=&mvid=5900006712&mcid=500020&playurlVersion=WX-A1-8.10.1-RELEASE&userid=&jmhm=&videocodec=h264&bean=mgspad&tid=android&conFee=0&puData=b303bd7ebb5d8dd626a0cfd18cfd8746&ddCalcu=6b43e700836db0fdc78e1bdbf5cd08ad6d26
陕西体育休闲,http://gslbmgsplive.miguvideo.com/migu/kailu/sxtyxx/51/20250804/index.m3u8?msisdn=202511050800504153ae2c9b6b4131a004dcc00d004d96&mdspid=&spid=600572&netType=0&sid=5910022189&pid=2028597139&timestamp=20251105080050&Channel_ID=0116_2600000900-99000-201600010010027&ProgramID=956909356&ParentNodeID=-99&assertID=5910022189&client_ip=106.13.250.89&SecurityKey=20251105080050&promotionId=&mvid=5900006712&mcid=500020&playurlVersion=WX-A1-8.10.1-RELEASE&userid=&jmhm=&videocodec=h264&bean=mgspad&tid=android&conFee=0&puData=be9f15aa4ef07608cbaf60954133d991&ddCalcu=1b9ee990df6310351a4a549e0f60f7a6b0c8
陕西体育休闲,http://gslbmgsplive.miguvideo.com/migu/kailu/sxtyxx/51/20250804/index.m3u8?msisdn=20251106080047f5e576af79184b77b64588fd496eb92f&mdspid=&spid=600572&netType=0&sid=5910022189&pid=2028597139&timestamp=20251106080047&Channel_ID=0116_2600000900-99000-201600010010027&ProgramID=956909356&ParentNodeID=-99&assertID=5910022189&client_ip=106.13.250.89&SecurityKey=20251106080047&promotionId=&mvid=5900006712&mcid=500020&playurlVersion=WX-A1-8.10.1-RELEASE&userid=&jmhm=&videocodec=h264&bean=mgspad&tid=android&conFee=0&puData=38729b51e9938c9356d48c7a67ddf3c1&ddCalcu=13c8e370f26d90db7561ae79c98348dc6953
陕西影视,http://[2409:8087:7000:20::4]:80/dbiptv.sn.chinamobile.com/PLTV/88888888/224/3221226360/index.m3u8
陕西影视,http://php.jdshipin.com:8880/qly.php?id=6329
三明新闻综合,http://ls.qingting.fm/live/4885.m3u8
三明新闻综合,https://ls.qingting.fm/live/5022100/64k.m3u8
云霄综合,https://live.zzyxxw.com:2443/live/xwzh.m3u8
云霄综合,http://live.zzyxxw.com:85/live/xwzh.m3u8?fujian,
云霄综合,http://live.zzyxxw.com:85/live/xwzh.m3u8
云霄综合,http://live.zzyxxw.com:85/live/xwzh.m3u8?fujian
厦门卫视,http://dsj.motem.top:8880/bptv/10000100000000050000000003887454.m3u8
厦门卫视,http://goo.bkpcp.top/mg/xmws
厦门卫视,http://[2409:8087:8:21::18]:6610/otttv.bj.chinamobile.com/PLTV/88888888/224/3221226542/1.m3u8
厦门卫视,http://[2409:8087:74F1:0021::0008]/270000001128/9900000058/index.m3u8
厦门卫视,http://[2409:8087:3428:20:500::100f]:6610/PLTV/88888888/224/3221226964/index.m3u8?servicetype=1&IASHttpSessionId=RR423820220409134714119178
厦门卫视,http://[2409:8087:3428:20:500::1009]:6610/PLTV/88888888/224/3221226964/index.m3u8?servicetype=1&IASHttpSessionId=RR423820220409134714119178
厦门卫视,http://[2409:8087:3428:20:500::100f]:6610/PLTV/88888888/224/3221226781/index.m3u8?servicetype=1&IASHttpSessionId=RR423820220409134714119178
厦门卫视,http://[2409:8087:3428:20:500::1009]:6610/PLTV/88888888/224/3221226781/index.m3u8?servicetype=1&IASHttpSessionId=RR423820220409134714119178
厦门卫视,http://[2409:8087:5e01:34::23]:6610/ZTE_CMS/00000001000000060000000000000193/index.m3u8
厦门卫视,https://stream1.freetv.fun/cc2a1fdd054d0069e308a8c5358596fe1ba08562b102d8223a3b02e620082f96.m3u8
宁化电视一套,http://fjnhdb.chinashadt.com:2036/live/stream:nh1.stream/playlist.m3u8
漳州新闻综合,https://stream1.freetv.fun/zhang-zhou-xin-wen-zong-he-1.m3u8
漳州新闻综合,https://stream1.freetv.fun/zhang-zhou-xin-wen-zong-he-2.m3u8
漳州新闻综合,https://stream1.freetv.fun/zhang-zhou-xin-wen-zong-he-3.m3u8
福州少儿,http://live.zohi.tv/video/s10001-fztv-4/index.m3u8
福州生活,http://live.zohi.tv/video/s10001-fztv-3/index.m3u8
福州综合,http://live.zohi.tv/video/s10001-fztv-1/index.m3u8
福建新闻,https://stream1.freetv.fun/fu-jian-xin-wen-1.m3u8
福建新闻,https://stream1.freetv.fun/fu-jian-xin-wen-2.m3u8
福建新闻,https://stream1.freetv.fun/fu-jian-xin-wen-3.m3u8
福建新闻,https://stream1.freetv.fun/fu-jian-xin-wen-4.m3u8
福建新闻,https://stream1.freetv.fun/fu-jian-xin-wen-5.m3u8
福建新闻,https://stream1.freetv.fun/fu-jian-xin-wen-6.m3u8
福建新闻,https://stream1.freetv.fun/fu-jian-xin-wen-8.m3u8
福建电视剧,https://stream1.freetv.fun/fu-jian-dian-shi-ju-1.m3u8
福建电视剧,https://stream1.freetv.fun/fu-jian-dian-shi-ju-2.m3u8
福建电视剧,https://stream1.freetv.fun/fu-jian-dian-shi-ju-3.m3u8
福建电视剧,https://stream1.freetv.fun/fu-jian-dian-shi-ju-4.m3u8
福建电视剧,https://stream1.freetv.fun/fu-jian-dian-shi-ju-5.m3u8
福建电视剧,https://stream1.freetv.fun/fu-jian-dian-shi-ju-6.m3u8
福建经济,https://stream1.freetv.fun/fu-jian-jing-ji-1.m3u8
福建经济,https://stream1.freetv.fun/fu-jian-jing-ji-2.m3u8
福建经济,https://stream1.freetv.fun/fu-jian-jing-ji-4.m3u8
福建经济,https://stream1.freetv.fun/fu-jian-jing-ji-5.m3u8
福建经济,https://stream1.freetv.fun/fu-jian-jing-ji-6.m3u8
福建综合,https://stream1.freetv.fun/fu-jian-zong-he-1.m3u8
福建综合,https://stream1.freetv.fun/fu-jian-zong-he-2.m3u8
福建综合,https://stream1.freetv.fun/fu-jian-zong-he-3.m3u8
福建综合,https://stream1.freetv.fun/fu-jian-zong-he-4.m3u8
福建综合,https://stream1.freetv.fun/fu-jian-zong-he-5.m3u8
福建综合,https://stream1.freetv.fun/fu-jian-zong-he-6.m3u8
福建公共,https://stream1.freetv.fun/fu-jian-gong-gong-4.ctv
福建公共,https://t.freetv.fun/live/fu-jian-gong-gong-1.m3u8
福建公共,https://t.freetv.fun/live/fu-jian-gong-gong.m3u8
福建旅游,https://stream1.freetv.fun/fu-jian-lu-you-6.m3u8
福建旅游,https://t.freetv.fun/live/fu-jian-lu-you.m3u8
福建旅游,https://t.freetv.fun/live/fu-jian-lu-you-1.m3u8
福建经视,https://stream1.freetv.fun/fu-jian-jing-ji-4.m3u8
福建经视,https://stream1.freetv.fun/fu-jian-jing-ji-1.m3u8
福建经视,https://stream1.freetv.fun/fu-jian-jing-ji-2.m3u8
福建经视,https://stream1.freetv.fun/fu-jian-jing-ji-5.m3u8
福建经视,https://stream1.freetv.fun/fu-jian-jing-ji-6.m3u8
福建少儿,https://stream1.freetv.fun/fu-jian-shao-er-1.m3u8
福建少儿,https://stream1.freetv.fun/fu-jian-shao-er-2.m3u8
福建少儿,https://stream1.freetv.fun/fu-jian-shao-er-3.m3u8
福建少儿,https://stream1.freetv.fun/fu-jian-shao-er-4.m3u8
福建少儿,https://stream1.freetv.fun/fu-jian-shao-er-6.m3u8
福建少儿,https://stream1.freetv.fun/fu-jian-shao-er-7.m3u8
海南新闻,http://[2409:8087:5e00:24::1e]:6060/000000001000/4600001000000000111/1.m3u8
海南新闻,http://ls.qingting.fm/live/1861.m3u8
海南新闻,https://stream1.freetv.fun/ipv6-hai-nan-xin-wen-6.m3u8
海南新闻,https://migu.188766.xyz/?migutoken=acb8228b02b6357f4eaa407b3c916613&id=hn_xwpd&type=sz
海南新闻,https://migu.188766.xyz/?migutoken=094376005197f9af95549e0dbb8a284e&id=hn_xwpd&type=sz
海南新闻,https://migu.188766.xyz/?migutoken=5a5eb0049c67767b74da940af5285139&id=hn_xwpd&type=sz
海南新闻,https://migu.188766.xyz/?migutoken=30c501f058d01d6c83afc5cbd547a013&id=hn_xwpd&type=sz
海南新闻,https://migu.188766.xyz/?migutoken=01106766b77f0c353ebb01658a12aed5&id=hn_xwpd&type=sz
海南新闻,https://migu.188766.xyz/?migutoken=048b478143cfe9b5aac91f99a8591fba&id=hn_xwpd&type=sz
海南新闻,https://migu.188766.xyz/?migutoken=fb5e3d7df09828cc1af9a4cb83b275f8&id=hn_xwpd&type=sz
海南自贸,http://[2409:8087:5e00:24::1e]:6060/000000001000/4600001000000000116/1.m3u8
海南自贸,https://migu.188766.xyz/?migutoken=95b0d51eeeb1ac02e1892bb0e429421c&id=hn_jjpd&type=sz
海南自贸,https://migu.188766.xyz/?migutoken=a6126eb42a9e1c6826e6c6044e074ce0&id=hn_jjpd&type=sz
海南自贸,https://migu.188766.xyz/?migutoken=d1ba989eb5e0af084e7e49f3f9c9aa89&id=hn_jjpd&type=sz
海南自贸,https://migu.188766.xyz/?migutoken=b5f15c066ecd0c31ff859488fa126e03&id=hn_jjpd&type=sz
海南自贸,https://migu.188766.xyz/?migutoken=66280bc79f0584980e93128b40fb2d8b&id=hn_jjpd&type=sz
海南自贸,https://migu.188766.xyz/?migutoken=c4020ad13dadb64e4304850303fdf195&id=hn_jjpd&type=sz
海南自贸,https://migu.188766.xyz/?migutoken=7279bad22a9be6ce734d7e4521316730&id=hn_jjpd&type=sz
海南自贸,https://migu.188766.xyz/?migutoken=42cab033dbc9025efd8a4377df66f494&id=hn_jjpd&type=sz
海南自贸,https://migu.188766.xyz/?migutoken=4191d632879c59837e3740e6a42dd9f3&id=hn_jjpd&type=sz
海南文旅,http://[2409:8087:5e00:24::1e]:6060/000000001000/4600001000000000113/1.m3u8
海南文旅,https://stream1.freetv.fun/ipv6-hai-nan-wen-lu-7.m3u8
海南文旅,https://stream1.freetv.fun/ipv6-hai-nan-wen-lu-9.m3u8
海南文旅,https://migu.188766.xyz/?migutoken=e87e23dd59cf43d18240c8f5a9a37b5a&id=hn_wlpd&type=sz
海南文旅,https://migu.188766.xyz/?migutoken=19612f57e1845813c40c9cc983015be9&id=hn_wlpd&type=sz
海南文旅,https://migu.188766.xyz/?migutoken=d93de0e6562908ed7114e4f85fcda240&id=hn_wlpd&type=sz
海南文旅,https://migu.188766.xyz/?migutoken=f3b91e8fa7548b02501c7ab9cba588fa&id=hn_wlpd&type=sz
海南文旅,https://migu.188766.xyz/?migutoken=e518d267ca2aeba45e7c316ffde589e8&id=hn_wlpd&type=sz
海南文旅,https://migu.188766.xyz/?migutoken=2191f973d6d6713ac26aae6416ae84e6&id=hn_wlpd&type=sz
海南文旅,https://migu.188766.xyz/?migutoken=a1c865bf061cf1c3be09337e629ae887&id=hn_wlpd&type=sz
海南少儿,http://[2409:8087:5e00:24::1e]:6060/000000001000/4600001000000000112/1.m3u8
海南少儿,https://migu.188766.xyz/?migutoken=d001f5f5ff1b8b07ee43cba9afd93e31&id=hn_sepd&type=sz
海南少儿,https://migu.188766.xyz/?migutoken=2a6d3614da8a407b3727e2f1508208ab&id=hn_sepd&type=sz
海南少儿,https://migu.188766.xyz/?migutoken=0af0fce3f220a00decf233aa13610a1c&id=hn_sepd&type=sz
海南少儿,https://migu.188766.xyz/?migutoken=4b36be211df6ddf77571cc3ed5d2ec5e&id=hn_sepd&type=sz
海南少儿,https://migu.188766.xyz/?migutoken=6eaa069383f63ab8eaf9cf3944f58538&id=hn_sepd&type=sz
海南少儿,https://migu.188766.xyz/?migutoken=9e21097f20ed16b217e90c3c46df567f&id=hn_sepd&type=sz
海南少儿,https://migu.188766.xyz/?migutoken=c7b89da86a4471484015ffb0477b9707&id=hn_sepd&type=sz
海南少儿,https://migu.188766.xyz/?migutoken=099a8e9463c8269362616c240060470e&id=hn_sepd&type=sz
海南少儿,https://migu.188766.xyz/?migutoken=fdbb4e77f38fc7baa34c676fa9a2e517&id=hn_sepd&type=sz
海南公共,http://[2409:8087:5e00:24::1e]:6060/000000001000/460000100000000057/1.m3u8
海南公共,https://stream1.freetv.fun/ipv6-hai-nan-gong-gong-8.m3u8
海南公共,https://stream1.freetv.fun/ipv6-hai-nan-gong-gong-9.m3u8
海南公共,https://migu.188766.xyz/?migutoken=a76afeed8831109f15787b907840bb78&id=hn_ggpd&type=sz
海南公共,https://migu.188766.xyz/?migutoken=ef776be65335f1469aa68f2752c58640&id=hn_ggpd&type=sz
海南公共,https://migu.188766.xyz/?migutoken=5e02622aa8187e6598d70d4287928557&id=hn_ggpd&type=sz
海南公共,https://migu.188766.xyz/?migutoken=ebef3d53ae838fd0544b3a74aa338fcb&id=hn_ggpd&type=sz
海南公共,https://migu.188766.xyz/?migutoken=98d3573a10faf8f81198801e263f1d8d&id=hn_ggpd&type=sz
海南公共,https://migu.188766.xyz/?migutoken=1e3c9e7b365e0e24dca58117ddb3b32d&id=hn_ggpd&type=sz
海南公共,https://migu.188766.xyz/?migutoken=4a1e021a6486886e62ea46c1a4b1de86&id=hn_ggpd&type=sz
梨园,http://[2409:8087:3869:8021:1001::e5]:6610/PLTV/88888888/224/3221225581/2/index.m3u8
梨园,https://iptv.catvod.com/migu?id=961930369&token=0490ac4a225892f11fdf8b71d6fb1631
梨园,https://iptv.catvod.com/migu?id=961930369&token=c0d5e8d17f1d78accbf17089e4912248
梨园,https://iptv.catvod.com/migu?id=961930369&token=7478279d6d8b11958635ac592e80eb26
梨园,https://iptv.catvod.com/migu?id=961930369&token=f4fff97dbbb3fd3cfe671f53d064fc8e
梨园,https://iptv.catvod.com/migu?id=961930369&token=452971eea00fa278c4fac277590ac247
梨园,https://iptv.catvod.com/migu?id=961930369&token=7a0e189704d5d51aeb1aa844d47b686a
梨园,https://iptv.catvod.com/migu?id=961930369&token=5c79987a646c9196bbb054bcfba9e6c9
梨园,https://iptv.catvod.com/migu?id=961930369&token=72b95ba747dc1825a5485bb880c7fc9d
梨园,https://iptv.catvod.com/migu?id=961930369&token=9894ad3b564c9c41a00163ae1431eba4
临颍综合,http://tvpull.dxhmt.cn:9081/tv/11122-1.m3u8?%E5%85%B3%E6%B3%A8%E5%BE%AE%E4%BF%A1%E5%85%AC%E4%BC%97%E5%8F%B7[%E6%99%B4%E5%9B%AD]
义马新闻综合,http://tvpull.dxhmt.cn:9081/tv/11281-1.m3u8?%E5%85%B3%E6%B3%A8%E5%BE%AE%E4%BF%A1%E5%85%AC%E4%BC%97%E5%8F%B7[%E6%99%B4%E5%9B%AD]
义马新闻综合,http://tvpull.dxhmt.cn:9081/tv/11281-1.m3u8
光山综合,http://tvpull.dxhmt.cn:9081/tv/11522-1.m3u8?%E5%85%B3%E6%B3%A8%E5%BE%AE%E4%BF%A1%E5%85%AC%E4%BC%97%E5%8F%B7[%E6%99%B4%E5%9B%AD]
光山综合,http://tvpull.dxhmt.cn:9081/tv/11522-1.m3u8
兰考新闻,http://tvpull.dxhmt.cn:9081/tv/10225-1.m3u8?%E5%85%B3%E6%B3%A8%E5%BE%AE%E4%BF%A1%E5%85%AC%E4%BC%97%E5%8F%B7[%E6%99%B4%E5%9B%AD]
兰考新闻,http://tvpull.dxhmt.cn:9081/tv/10225-1.m3u8
兰考新闻,http://tvpull.dxhmt.cn:9081/tv/10225-1.m3u8?
卫辉综合,http://tvpull.dxhmt.cn:9081/tv/10781-1.m3u8?%E5%85%B3%E6%B3%A8%E5%BE%AE%E4%BF%A1%E5%85%AC%E4%BC%97%E5%8F%B7[%E6%99%B4%E5%9B%AD]
卫辉综合,http://iptv.cdn.ha.chinamobile.com/PLTV/88888888/224/3221226538/index.m3u8
卫辉综合,http://tvpull.dxhmt.cn:9081/tv/10781-1.m3u8
卫辉综合,http://tvpull.dxhmt.cn:9081/tv/10781-1.m3u8?zhend
叶县,http://tvpull.dxhmt.cn:9081/tv/10422-1.m3u8#
叶县,http://tvpull.dxhmt.cn:9081/tv/10422-1.m3u8
唐河一套,http://tvpull.dxhmt.cn:9081/tv/11328-1.m3u8?zhend#http://tvpull.dxhmt.cn:9081/tv/11328-1.m3u8
唐河一套,http://tvpull.dxhmt.cn:9081/tv/11328-1.m3u8
唐河一套,http://tvpull.dxhmt.cn:9081/tv/11328-1.m3u8?zhend
固始综合,http://tvpull.dxhmt.cn:9081/tv/11525-1.m3u8?%E5%85%B3%E6%B3%A8%E5%BE%AE%E4%BF%A1%E5%85%AC%E4%BC%97%E5%8F%B7[%E6%99%B4%E5%9B%AD]
固始综合,http://tvpull.dxhmt.cn:9081/tv/11525-1.m3u8
宝丰综合,http://tvpull.dxhmt.cn:9081/tv/10421-1.m3u8?%E5%85%B3%E6%B3%A8%E5%BE%AE%E4%BF%A1%E5%85%AC%E4%BC%97%E5%8F%B7[%E6%99%B4%E5%9B%AD]
宝丰综合,http://tvpull.dxhmt.cn:9081/tv/10421-1.m3u8
宝丰综合,http://tvpull.dxhmt.cn:9081/tv/10421-1.m3u8?zhend
巩义新闻综合,http://tvpull.dxhmt.cn:9081/tv/10181-1.m3u8?zhend
巩义新闻综合,http://tvpull.dxhmt.cn:9081/tv/10181-1.m3u8?zhend?
巩义新闻综合,http://tvpull.dxhmt.cn:9081/tv/10181-1.m3u8
扶沟综合,http://tvpull.dxhmt.cn:9081/tv/11621-1.m3u8?%E5%85%B3%E6%B3%A8%E5%BE%AE%E4%BF%A1%E5%85%AC%E4%BC%97%E5%8F%B7[%E6%99%B4%E5%9B%AD]
扶沟综合,http://tvpull.dxhmt.cn:9081/tv/11621-1.m3u8?zhend
扶沟综合,http://tvpull.dxhmt.cn:9081/tv/11621-1.m3u8
新乡县电视台,http://tvpull.dxhmt.cn:9081/tv/10721-1.m3u8?%E5%85%B3%E6%B3%A8%E5%BE%AE%E4%BF%A1%E5%85%AC%E4%BC%97%E5%8F%B7[%E6%99%B4%E5%9B%AD]
新县综合,http://tvpull.dxhmt.cn:9081/tv/11523-1.m3u8?%E5%85%B3%E6%B3%A8%E5%BE%AE%E4%BF%A1%E5%85%AC%E4%BC%97%E5%8F%B7[%E6%99%B4%E5%9B%AD]
新县综合,http://tvpull.dxhmt.cn:9081/tv/11523-1.m3u8
新蔡综合,http://tvpull.dxhmt.cn:9081/tv/11729-1.m3u8?%E5%85%B3%E6%B3%A8%E5%BE%AE%E4%BF%A1%E5%85%AC%E4%BC%97%E5%8F%B7[%E6%99%B4%E5%9B%AD]
新蔡综合,http://tvpull.dxhmt.cn:9081/tv/11729-1.m3u8
新蔡综合,http://tvpull.dxhmt.cn:9081/tv/11729-1.m3u8?zhend
桐柏新闻综合,http://tvpull.dxhmt.cn:9081/tv/11330-1.m3u8
泌阳新闻综合,http://tvpull.dxhmt.cn:9081/tv/11726-1.m3u8?%E5%85%B3%E6%B3%A8%E5%BE%AE%E4%BF%A1%E5%85%AC%E4%BC%97%E5%8F%B7[%E6%99%B4%E5%9B%AD]
泌阳新闻综合,https://stream1.freetv.fun/mi-yang-xin-wen-zong-he-2.m3u8
泌阳新闻综合,http://tvpull.dxhmt.cn:9081/tv/11726-1.m3u8
淅川电视,http://iptv.cdn.ha.chinamobile.com/PLTV/88888888/224/3221226631/index.m3u8
渑池新闻综合,http://tvpull.dxhmt.cn:9081/tv/11221-1.m3u8?%E5%85%B3%E6%B3%A8%E5%BE%AE%E4%BF%A1%E5%85%AC%E4%BC%97%E5%8F%B7[%E6%99%B4%E5%9B%AD]
渑池新闻综合,http://tvpull.dxhmt.cn:9081/tv/11221-1.m3u8
温县综合,http://tvpull.dxhmt.cn:9081/tv/10825-1.m3u8?zhend
温县综合,http://tvpull.dxhmt.cn:9081/tv/10825-1.m3u8?zhend?
温县综合,http://tvpull.dxhmt.cn:9081/tv/10825-1.m3u8
潢川综合,http://tvpull.dxhmt.cn:9081/tv/11526-1.m3u8?%E5%85%B3%E6%B3%A8%E5%BE%AE%E4%BF%A1%E5%85%AC%E4%BC%97%E5%8F%B7[%E6%99%B4%E5%9B%AD]
潢川综合,http://tvpull.dxhmt.cn:9081/tv/11526-1.m3u8
焦作综合,http://iptv.cdn.ha.chinamobile.com/PLTV/88888888/224/3221226604/index.m3u8
登封综合,http://tvpull.dxhmt.cn:9081/tv/10185-1.m3u8?%E5%85%B3%E6%B3%A8%E5%BE%AE%E4%BF%A1%E5%85%AC%E4%BC%97%E5%8F%B7[%E6%99%B4%E5%9B%AD]
登封综合,http://iptv.cdn.ha.chinamobile.com/PLTV/88888888/224/3221226661/index.m3u8
登封综合,http://tvpull.dxhmt.cn:9081/tv/10185-1.m3u8
禹州综合,http://tvpull.dxhmt.cn:9081/tv/11081-1.m3u8?%E5%85%B3%E6%B3%A8%E5%BE%AE%E4%BF%A1%E5%85%AC%E4%BC%97%E5%8F%B7[%E6%99%B4%E5%9B%AD]
西华综合,http://tvpull.dxhmt.cn:9081/tv/11622-1.m3u8?%E5%85%B3%E6%B3%A8%E5%BE%AE%E4%BF%A1%E5%85%AC%E4%BC%97%E5%8F%B7[%E6%99%B4%E5%9B%AD]
西华综合,http://tvpull.dxhmt.cn:9081/tv/11622-1.m3u8
西华综合,http://tvpull.dxhmt.cn:9081/tv/11622-1.m3u8?zhend
郏县综合,http://tvpull.dxhmt.cn:9081/tv/10425-1.m3u8?%E5%85%B3%E6%B3%A8%E5%BE%AE%E4%BF%A1%E5%85%AC%E4%BC%97%E5%8F%B7[%E6%99%B4%E5%9B%AD]
郏县综合,http://tvpull.dxhmt.cn:9081/tv/10425-1.m3u8?zhend
郏县综合,http://tvpull.dxhmt.cn:9081/tv/10425-1.m3u8
郸城新闻综合,http://tvpull.dxhmt.cn:9081/tv/11625-1.m3u8?wsSecret=df15530a0abec41b14bca00fc96270d1&amp;wsTime=1654956569
郸城新闻综合,https://stream1.freetv.fun/dan-cheng-xin-wen-zong-he-1.m3u8
郸城新闻综合,http://tvpull.dxhmt.cn:9081/tv/11625-1.m3u8?wsSecret=df15530a0abec41b14bca00fc96270d1&wsTime=1654956569
郸城新闻综合,http://tvpull.dxhmt.cn:9081/tv/11625-1.m3u8
郸城新闻综合,https://stream1.freetv.fun/dan-cheng-xin-wen-zong-he-4.m3u8
郸城新闻综合,https://t.freetv.fun/live/dan-cheng-xin-wen-zong-he.m3u8
郸城新闻综合,https://t.freetv.fun/live/dan-cheng-xin-wen-zong-he-1.m3u8
鄢陵综合,http://tvpull.dxhmt.cn:9081/tv/11024-1.m3u8?%E5%85%B3%E6%B3%A8%E5%BE%AE%E4%BF%A1%E5%85%AC%E4%BC%97%E5%8F%B7[%E6%99%B4%E5%9B%AD]
鄢陵综合,http://tvpull.dxhmt.cn:9081/tv/11024-1.m3u8
项城新闻,http://tvpull.dxhmt.cn:9081/tv/11681-1.m3u8#@http://live.dxhmt.cn:9081/tv/11681-1.m3u8#@http://p2.weizan.cn/978354/131995006225520039/live.m3u8
项城新闻,http://tvpull.dxhmt.cn:9081/tv/11681-1.m3u8
鹤壁综合,http://iptv.cdn.ha.chinamobile.com/PLTV/88888888/224/3221226563/index.m3u8
邓州新闻,http://tvpull.dxhmt.cn:9081/tv/11381-1.m3u8?%E5%85%B3%E6%B3%A8%E5%BE%AE%E4%BF%A1%E5%85%AC%E4%BC%97%E5%8F%B7[%E6%99%B4%E5%9B%AD]
许昌公共,http://iptv.cdn.ha.chinamobile.com/PLTV/88888888/224/3221226695/index.m3u8
荥阳综合,http://tvpull.dxhmt.cn:9081/tv/10182-1.m3u8?wsSecret=df15530a0abec41b14bca00fc96270d1&wsTime=1654956569
荥阳综合,http://iptv.cdn.ha.chinamobile.com/PLTV/88888888/224/3221226673/index.m3u8
荥阳综合,http://tvpull.dxhmt.cn:9081/tv/10182-1.m3u8
荥阳综合,http://tvpull.dxhmt.cn:9081/tv/10182-1.m3u8?zhend
禹州公共,http://tvpull.dxhmt.cn:9081/tv/11081-2.m3u8
焦作教育,http://iptv.cdn.ha.chinamobile.com/PLTV/88888888/224/3221226648/index.m3u8
焦作公共,http://iptv.cdn.ha.chinamobile.com/PLTV/88888888/224/3221226616/index.m3u8
灵宝新闻综合,http://tvpull.dxhmt.cn:9081/tv/11282-1.m3u8?zhend
濮阳公共,http://iptv.cdn.ha.chinamobile.com/PLTV/88888888/224/3221226664/index.m3u8
滑县新闻,http://tvpull.dxhmt.cn:9081/tv/10526-1.m3u8?%E5%85%B3%E6%B3%A8%E5%BE%AE%E4%BF%A1%E5%85%AC%E4%BC%97%E5%8F%B7[%E6%99%B4%E5%9B%AD]
济源电视一套,http://tvpull.dxhmt.cn:9081/tv/19001-1.m3u8?zhend
济源电视一套,http://tvpull.dxhmt.cn:9081/tv/19001-1.m3u8
洛阳综合,https://wshlslive.migucloud.com/live/6AL7GTQX_C0/playlist.m3u8
洛阳综合,http://iptv.cdn.ha.chinamobile.com/PLTV/88888888/224/3221226542/index.m3u8
洛阳综合,http://devlivepull.migucloud.com/live/08QAZLG6_C0.flv
洛阳科教,https://wshlslive.migucloud.com/live/RJ0EYBCZ_C0/playlist.m3u8
洛阳科教,http://iptv.cdn.ha.chinamobile.com/PLTV/88888888/224/3221226554/index.m3u8
洛阳科教,http://devlivepull.migucloud.com/live/A2HVH5BQ_C0.flv
洛阳文旅,https://wshlslive.migucloud.com/live/CVN934JS_C0/playlist.m3u8
洛阳文旅,http://wshls.live.migucloud.com/live/Q081CD54_C0/playlist.m3u8
洛阳文旅,http://devlivepull.migucloud.com/live/Q081CD54_C0.flv
河南都市,http://1.94.31.214/php/hntv.php?id=hnds
河南都市,http://iptv.cdn.ha.chinamobile.com/PLTV/88888888/224/3221227241/index.m3u8
河南都市,https://live.lalifeier.eu.org/hntv/hnds.m3u8?t=1745796321&key=fe18400b0aeee777efcd1e3282435d28
河南都市,https://live.lalifeier.eu.org/hntv/hnds.m3u8?t=1746307365&key=d2cc347e46058bc7b0e9200005d7f1ca
河南都市,https://live.lalifeier.eu.org/hntv/hnds.m3u8?t=1746393735&key=15d3cc47dac12d622b6ca5af30779f06
河南都市,https://stream1.freetv.fun/he-nan-du-shi-1.ctv
河南都市,https://migu.188766.xyz/?migutoken=d8baa9c6f8f07f20ac65a02d15b59731&id=%E9%83%BD%E5%B8%82%E9%A2%91%E9%81%93&type=yy
河南都市,https://migu.188766.xyz/?migutoken=772c9657c213cd127e9e9c0d9a8cc7cf&id=%E9%83%BD%E5%B8%82%E9%A2%91%E9%81%93&type=yy
河南都市,https://migu.188766.xyz/?migutoken=acaadbe70d304b74c8548a493b8c5620&id=%E9%83%BD%E5%B8%82%E9%A2%91%E9%81%93&type=yy
河南都市,https://migu.188766.xyz/?migutoken=5435c4e1e4c55c2ecde1933a82630081&id=%E9%83%BD%E5%B8%82%E9%A2%91%E9%81%93&type=yy
河南民生,http://iptv.cdn.ha.chinamobile.com/PLTV/88888888/224/3221227268/index.m3u8
河南民生,https://live.lalifeier.eu.org/hntv/hnms.m3u8?t=1745796321&key=5f28534538b48cf3d6dc58909f8897f3
河南民生,https://live.lalifeier.eu.org/hntv/hnms.m3u8?t=1746307365&key=4ca269e387096c8e47a0ee8ffd77e387
河南民生,https://live.lalifeier.eu.org/hntv/hnms.m3u8?t=1746393735&key=b741672d258ca54d259ed1c846cb637f
河南民生,https://stream1.freetv.fun/he-nan-min-sheng-3.ctv
河南民生,https://migu.188766.xyz/?migutoken=fc5939dcb32364c5c4004d2527d99d3b&id=%E6%B0%91%E7%94%9F%E9%A2%91%E9%81%93&type=yy
河南民生,https://migu.188766.xyz/?migutoken=e9eb50052559ad5971e451cd67ae9744&id=%E6%B0%91%E7%94%9F%E9%A2%91%E9%81%93&type=yy
河南民生,https://migu.188766.xyz/?migutoken=b741ebe417d208efd672e83598743f26&id=%E6%B0%91%E7%94%9F%E9%A2%91%E9%81%93&type=yy
河南民生,https://migu.188766.xyz/?migutoken=98f6e87cc845c503d74a8cc34a9f8659&id=%E6%B0%91%E7%94%9F%E9%A2%91%E9%81%93&type=yy
河南民生,https://migu.188766.xyz/?migutoken=58e39e4d1fbbd1767358e11ee67513b2&id=%E6%B0%91%E7%94%9F%E9%A2%91%E9%81%93&type=yy
沁阳新闻综合,http://tvpull.dxhmt.cn:9081/tv/10882-1.m3u8
沁阳新闻综合,https://stream1.freetv.fun/qin-yang-xin-wen-zong-he-1.m3u8
永城综合,http://iptv.cdn.ha.chinamobile.com/PLTV/88888888/224/3221227057/index.m3u8
永城综合,http://tvpull.dxhmt.cn:9081/tv/11481-1.m3u8
方城一套,http://tvpull.dxhmt.cn:9081/tv/11322-1.m3u8?zhend
方城一套,http://tvpull.dxhmt.cn:9081/tv/11322-1.m3u8
新野综合,http://tvpull.dxhmt.cn:9081/tv/11329-1.m3u8?zhend
新野综合,http://tvpull.dxhmt.cn:9081/tv/11329-1.m3u8?zhend?
新野综合,http://tvpull.dxhmt.cn:9081/tv/11329-1.m3u8
新安新闻综合,http://tvpull.dxhmt.cn:9081/tv/10323-1.m3u8?%E5%85%B3%E6%B3%A8%E5%BE%AE%E4%BF%A1%E5%85%AC%E4%BC%97%E5%8F%B7[%E6%99%B4%E5%9B%AD]
新安新闻综合,http://tvpull.dxhmt.cn:9081/tv/10323-1.m3u8
新安新闻综合,http://tvpull.dxhmt.cn:9081/tv/10323-1.m3u8?zhend
开封新闻综合,http://tvpull.dxhmt.cn:9081/tv/10200-2.m3u8?zhend
开封新闻综合,http://iptv.cdn.ha.chinamobile.com/PLTV/88888888/224/3221226689/index.m3u8
开封新闻综合,https://stream1.freetv.fun/kai-feng-xin-wen-zong-he-2.m3u8
开封文化旅游,http://tvpull.dxhmt.cn:9081/tv/10200-3.m3u8?zhend,
开封文化旅游,http://iptv.cdn.ha.chinamobile.com/PLTV/88888888/224/3221226515/index.m3u8
开封文化旅游,http://tvpull.dxhmt.cn:9081/tv/10200-3.m3u8
开封文化旅游,http://tvpull.dxhmt.cn:9081/tv/10200-3.m3u8?zhend
嵩县综合新闻,http://tvpull.dxhmt.cn:9081/tv/10325-1.m3u8?zhendhttp://wshls.live.migucloud.com/live/MZCYG799_C0/playlist.m3u8?zhend
嵩县综合新闻,http://wshls.live.migucloud.com/live/MZCYG799_C0/playlist.m3u8
宜阳综合,http://tvpull.dxhmt.cn:9081/tv/10327-1.m3u8?wsSecret=df15530a0abec41b14bca00fc96270d1&wsTime=1654956569
宜阳综合,http://tvpull.dxhmt.cn:9081/tv/10327-1.m3u8
宜阳综合,http://iptv.cdn.ha.chinamobile.com/PLTV/88888888/224/3221227059/index.m3u8
宜阳综合,http://tvpull.dxhmt.cn:9081/tv/10327-1.m3u8?zhend
周口新闻综合,https://stream1.freetv.fun/zhou-kou-xin-wen-zong-he-1.m3u8
周口新闻综合,https://stream1.freetv.fun/zhou-kou-xin-wen-zong-he-2.m3u8
内黄综合,http://tvpull.dxhmt.cn:9081/tv/10527-1.m3u8?wsSecret=df15530a0abec41b14bca00fc96270d1&wsTime=1654956569
内黄综合,http://tvpull.dxhmt.cn:9081/tv/10527-1.m3u8?zhend
内黄综合,http://tvpull.dxhmt.cn:9081/tv/10527-1.m3u8
内乡综合,http://tvpull.dxhmt.cn:9081/tv/11325-1.m3u8?%E5%85%B3%E6%B3%A8%E5%BE%AE%E4%BF%A1%E5%85%AC%E4%BC%97%E5%8F%B7[%E6%99%B4%E5%9B%AD]
偃师新闻,http://tvpull.dxhmt.cn:9081/tv/10381-1.m3u8?wsSecret=df15530a0abec41b14bca00fc96270d1&wsTime=1654956569
偃师新闻,http://tvpull.dxhmt.cn:9081/tv/10381-1.m3u8
鹿泉一套,https://jwcdnqx.hebyun.com.cn/live/luquanyi/1500k/tzwj_video.m3u8
鹿泉一套,https://jwcdnqx.hebyun.com.cn/zb/luquanyi/1500k/tzwj_video.m3u8
邯郸科技教育,http://live.hd.hdbs.cn/video/s10001-2021hdkjjy/index.m3u8?zhebd
邯郸科技教育,https://jwcdnqx.hebyun.com.cn/live/hdkj/1500k/tzwj_video.m3u8
邯郸公共,http://live.hd.hdbs.cn/video/s10001-2021hdgg/index.m3u8?zhebd
邯郸公共,https://jwcdnqx.hebyun.com.cn/live/hdgg/1500k/tzwj_video.m3u8
邯郸公共,https://jwcdnqx.hebyun.com.cn/zb/hdgg/1500k/tzwj_video.m3u8
邯郸新闻,https://jwcdnqx.hebyun.com.cn/live/hdxwzh/1500k/tzwj_video.m3u8
邯郸科教,https://jwcdnqx.hebyun.com.cn/live/hdkj/1500k/tzwj_video.m3u8
邯郸科教,https://jwcdnqx.hebyun.com.cn/zb/hdkj/1500k/tzwj_video.m3u8
邢台综合,https://jwplay.hebyun.com.cn/live/xttv/1500k/tzwj_video.m3u8?zhebd#https://jwplay.hebyun.com.cn/live/xttv/1500k/tzwj_video.m3u8
邢台综合,http://jwplay.hebyun.com.cn/live/xtsrmtzs/1500k/tzwj_video.m3u8
邢台综合,https://jwplay.hebyun.com.cn/live/xttv/1500k/tzwj_video.m3u8
邢台综合,https://jwplay.hebyun.com.cn/live/xttv/1500k/tzwj_video.m3u8?zhebd
邢台综合,https://jwplay.hebyun.com.cn:443/live/xtsrmtzs/1500k/tzwj_video.m3u8
邢台综合,https://stream1.freetv.fun/xing-tai-zong-he-1.m3u8
邢台综合,https://stream1.freetv.fun/xing-tai-zong-he-12.m3u8
邢台综合,https://stream1.freetv.fun/xing-tai-zong-he-2.m3u8
邢台综合,https://stream1.freetv.fun/xing-tai-zong-he-4.m3u8
邢台综合,https://stream1.freetv.fun/xing-tai-zong-he-6.m3u8
衡水公共,http://ls.qingting.fm/live/2810.m3u8
石家庄都市,https://stream1.freetv.fun/shi-jia-zhuang-du-shi-1.ctv
石家庄都市,https://stream1.freetv.fun/shi-jia-zhuang-du-shi-4.ctv
石家庄都市,https://stream1.freetv.fun/shi-jia-zhuang-du-shi-5.ctv
石家庄都市,https://stream1.freetv.fun/shi-jia-zhuang-du-shi-6.ctv
石家庄生活,https://stream1.freetv.fun/shi-jia-zhuang-sheng-huo-1.ctv
石家庄生活,https://stream1.freetv.fun/shi-jia-zhuang-sheng-huo-2.ctv
石家庄生活,https://stream1.freetv.fun/shi-jia-zhuang-sheng-huo-5.ctv
石家庄生活,https://stream1.freetv.fun/shi-jia-zhuang-sheng-huo-7.ctv
石家庄新闻综合,https://stream1.freetv.fun/shi-jia-zhuang-xin-wen-zong-he-2.ctv
石家庄新闻综合,https://stream1.freetv.fun/shi-jia-zhuang-xin-wen-zong-he-5.ctv
石家庄新闻综合,https://stream1.freetv.fun/shi-jia-zhuang-xin-wen-zong-he-6.ctv
石家庄新闻综合,https://stream1.freetv.fun/shi-jia-zhuang-xin-wen-zong-he-7.ctv
石家庄新闻综合,https://stream1.freetv.fun/shi-jia-zhuang-xin-wen-zong-he-8.ctv
石家庄娱乐,https://stream1.freetv.fun/shi-jia-zhuang-yu-le-1.ctv
石家庄娱乐,https://stream1.freetv.fun/shi-jia-zhuang-yu-le-4.ctv
石家庄娱乐,https://stream1.freetv.fun/shi-jia-zhuang-yu-le-6.ctv
石家庄娱乐,https://stream1.freetv.fun/shi-jia-zhuang-yu-le-7.ctv
石家庄娱乐,https://stream1.freetv.fun/shi-jia-zhuang-yu-le-9.ctv
滦平新闻,http://jwplay.hebyun.com.cn/live/LPTV001/1500k/tzwj_video.m3u8
河北都市,https://radio.pull.hebtv.com/live/hebnczx.m3u8
河北都市,https://jwplay.hebyun.com.cn/live/hbdstv/1500k/tzwj_video.m3u8#http://tv.pull.hebtv.com/jishi/dushipindao.m3u8?t=2510710360&k=4380da13735a230c080ce8ff404033af
河北都市,http://jwplay.hebyun.com.cn/live/hbnmtv/1500k/tzwj_video.m3u8
河北都市,https://event.pull.hebtv.com/jishi/dushipindao.m3u8
河北都市,https://live.lalifeier.eu.org/hebtv/hbds.m3u8?t=1745774515&key=ce739e0d0528ad5a5e6434e48c963ced
河北都市,https://live.lalifeier.eu.org/hebtv/hbds.m3u8?t=1746292937&key=31037b0f5b409589966488a8534d4f77
河北都市,https://live.lalifeier.eu.org/hebtv/hbds.m3u8?t=1746307365&key=ac1ef10a10a447846c16428759df6b95
河北都市,https://live.lalifeier.eu.org/hebtv/hbds.m3u8?t=1746379256&key=4da081270bc85d02099091b47a9ee5dd
河北都市,https://live.lalifeier.eu.org/hebtv/hbds.m3u8?t=1746393735&key=c6af04dacacc8befbdb92a0fec4c60ee
河北都市,https://stream1.freetv.fun/he-bei-du-shi-13.ctv
河北农民,https://jwplay.hebyun.com.cn/live/hbnmtv/1500k/tzwj_video.m3u8?zhebd#http://hbfc.chinashadt.com:2036/live/1003.stream/playlist.m3u8#http://tv.pull.hebtv.com/jishi/nongminpindao.m3u8?t=2510710360&k=75118c17760542fe4385e93cc4f03d38
河北农民,https://ls.qingting.fm/live/1650/64k.m3u8
河北农民,http://ls.qingting.fm/live/1650.m3u8
河北农民,https://event.pull.hebtv.com/jishi/nongminpindao.m3u8
河北农民,https://jwcdnqx.hebyun.com.cn/live/clzhpd/1500k/tzwj_video.m3u8?zhebd
河北农民,https://jwplay.hebyun.com.cn/zb/hbnmtv/1500k/tzwj_video.m3u8?zhebd
河北农民,https://live.lalifeier.eu.org/hebtv/hbnm.m3u8?t=1745774515&key=fec9ea387b470ccb0dc8e6e0e5b36bec
河北农民,https://live.lalifeier.eu.org/hebtv/hbnm.m3u8?t=1746292937&key=9dc8fc082e1d72b74063dfc2bc945e16
河北农民,https://live.lalifeier.eu.org/hebtv/hbnm.m3u8?t=1746307365&key=f8b778466518d5f6d89b1a38fcbea28d
河北农民,https://live.lalifeier.eu.org/hebtv/hbnm.m3u8?t=1746379256&key=3505bde88f415af4e966dafa916ad8ae
昌黎综合,https://jwcdnqx.hebyun.com.cn/live/clzhpd/1500k/tzwj_video.m3u8
昌黎综合,https://jwcdnqx.hebyun.com.cn/zb/clzhpd/1500k/tzwj_video.m3u8
任丘文娱,https://jwcdnqx.hebyun.com.cn/live/rqtv2/1500k/tzwj_video.m3u8
任丘文娱,https://jwcdnqx.hebyun.com.cn/zb/rqtv2/1500k/tzwj_video.m3u8
任丘综合,https://jwcdnqx.hebyun.com.cn/live/rqtv1/1500k/tzwj_video.m3u8
任丘综合,https://jwcdnqx.hebyun.com.cn/zb/rqtv1/1500k/tzwj_video.m3u8
兴隆综合,https://jwcdnqx.hebyun.com.cn/live/xlzh/1500k/tzwj_video.m3u8
兴隆综合,https://jwcdnqx.hebyun.com.cn/zb/xlzh/1500k/tzwj_video.m3u8
平泉影视,https://jwcdnqx.hebyun.com.cn/zb/pqys/1500k/tzwj_video.m3u8
平泉综合,https://jwcdnqx.hebyun.com.cn/live/pqzh/1500k/tzwj_video.m3u8
昌黎,https://jwcdnqx.hebyun.com.cn/live/clzhpd/1500k/tzwj_video.m3u8
清河新闻综合,https://jwcdnqx.hebyun.com.cn/live/qinghe/1500k/tzwj_video.m3u8
清河新闻综合,https://jwcdnqx.hebyun.com.cn/zb/qinghe/1500k/tzwj_video.m3u8
清河经济综艺,https://jwcdnqx.hebyun.com.cn/live/qinghe1/1500k/tzwj_video.m3u8
清河经济综艺,https://jwcdnqx.hebyun.com.cn/zb/qinghe1/1500k/tzwj_video.m3u8
衡山,http://live.hznet.tv:1935/live/live1/500K/tzwj_video.m3u8
安顺新闻,http://hplayer1.juyun.tv/camera/154379194.m3u8
安顺新闻,https://ls.qingting.fm/live/5022203/64k.m3u8
贵州移动电视,http://47.108.20.161:8866/guizhou/guizhou.php?id=gzyd
甘肃经济,https://hls.gstv.com.cn/49048r/10iv1j.m3u8
甘肃公共,https://hls.gstv.com.cn/49048r/3t5xyc.m3u8
甘肃都市,https://hls.gstv.com.cn/49048r/l54391.m3u8
嘉峪关综合,http://play.kankanlive.com/live/1720583434627241.m3u8
天祝综合,https://play.kankanlive.com/live/1656487214793905.m3u8
永昌综合,http://play.kankanlive.com/live/1720408280309109.m3u8
甘南综合,https://play.kankanlive.com/live/1711955176432990.m3u8
甘肃少儿,https://hls.gstv.com.cn/49048r/922k96.m3u8
白银综合,http://play.kankanlive.com/live/1720408089419110.m3u8
秦安综合,rtmp://play.kankanlive.com/live/1680577080200944
秦安综合,http://play.kankanlive.com/live/1683944827526991.m3u8
西峰综合,https://play.kankanlive.com/live/1683944827526991.m3u8
酒泉综合,https://3ee63cd9178a070a2db29f77915c49d4.livehwc3.cn/play.kankanlive.com/live/1702033926169975.m3u8
伊犁维吾尔,http://110.153.180.106:55555/out_2/index.m3u8
伊犁维吾尔,http://110.153.180.106:55555/out_2/index.m3u8?zxinjd
伊犁哈萨克,http://110.153.180.106:55555/out_3/index.m3u8
伊犁哈萨克,http://110.153.180.106:55555/out_3/index.m3u8?zxinjd
伊犁经济法制,http://110.153.180.106:55555/out_4/index.m3u8?zxinjd
伊犁经济法制,http://110.153.180.106:55555/out_4/index.m3u8
兵团五师双河新闻综合,http://liveout.btzx.com.cn/62ds9e/4nxdih.m3u8?fbl=
兵团五师双河新闻综合,https://liveout.btzx.com.cn/62ds9e/4nxdih.m3u8?zxinjd
奎屯哈萨克语,http://218.84.12.186:8002/hls/main/playlist.m3u8?zxinjd
奎屯哈萨克语,http://218.84.12.186:8002/hls/main/playlist.m3u8
玛纳斯综合,http://218.84.127.245:1026/hls/main1/playlist.m3u8?zxinjd
可克达拉综合,http://file.loulannews.cn/nmip-media/channellive/channel103824/playlist.m3u8
奎屯汉语综合,http://218.84.12.186:8001/hls/main/playlist.m3u8?zxinjd
巴音郭楞州,rtmp://tv.loulannews.cn/channellive/ch1
石河子教育,rtmp://124.88.144.73:1935/live/jiaoyu
石河子新闻综合,rtmp://124.88.144.73:1935/live/xwzh
山东少儿,https://stream1.freetv.fun/shan-dong-shao-er-6.m3u8
山东少儿,https://stream1.freetv.fun/shan-dong-shao-er-2.m3u8
山东少儿,https://stream1.freetv.fun/shan-dong-shao-er-9.m3u8
山东少儿,http://livealone302.iqilu.com/iqilu/sepd.m3u8
山东少儿,https://stream1.freetv.fun/shan-dong-shao-er-1.m3u8
山东少儿,https://stream1.freetv.fun/shan-dong-shao-er-4.m3u8
山东少儿,https://stream1.freetv.fun/shan-dong-shao-er-8.m3u8
山东少儿,https://stream1.freetv.fun/shan-dong-shao-er-5.m3u8
山东少儿,https://stream1.freetv.fun/shan-dong-shao-er-7.m3u8
山东少儿,https://t.freetv.fun/live/shan-dong-shao-er.m3u8
山东新闻,https://stream1.freetv.fun/shan-dong-xin-wen-8.m3u8
山东新闻,https://stream1.freetv.fun/shan-dong-xin-wen-1.m3u8
山东新闻,https://stream1.freetv.fun/shan-dong-xin-wen-4.m3u8
山东新闻,https://stream1.freetv.fun/shan-dong-xin-wen-6.m3u8
山东新闻,https://stream1.freetv.fun/shan-dong-xin-wen-2.m3u8
山东新闻,http://ls.qingting.fm/live/60180.m3u8
山东新闻,http://livealone302.iqilu.com/iqilu/ggpd.m3u8
山东新闻,https://stream1.freetv.fun/shan-dong-xin-wen-7.m3u8
山东新闻,https://stream1.freetv.fun/shan-dong-xin-wen-3.m3u8
山东教育,http://z.b.bkpcp.top/m.php?id=sdjy
山东教育,http://goo.bkpcp.top/mg/sdjy
山东教育,http://iptv.huuc.edu.cn/hls/sdetv.m3u8
山东教育,http://rrs01.hw.gmcc.net:8088/PLTV/81/224/3221226701/1.m3u8
山东教育,http://gslbmgsplive.miguvideo.com/migu/kailu/sdjyws/51/20250915/index.m3u8?msisdn=20250927080126244a72fa1b554182ae03568fff35bca7&mdspid=&spid=600697&netType=0&sid=5910022199&pid=2028597139&timestamp=20250927080126&Channel_ID=0116_2600000900-99000-201600010010027&ProgramID=609154353&ParentNodeID=-99&assertID=5910022199&client_ip=106.13.250.83&SecurityKey=20250927080126&promotionId=&mvid=2200208305&mcid=500020&playurlVersion=WX-A1-8.9.2-RELEASE&userid=&jmhm=&videocodec=h264&bean=mgspad&tid=android&conFee=0&puData=41ee1554c91427e91ee78ce8b64f7a33&ddCalcu=3431eae27e9f104565b48ce9c18472e7ee19
山东教育,https://migu.188766.xyz/?migutoken=b377c091ce8a0d9e15cc85363e5fd826&id=%E5%B1%B1%E4%B8%9C%E6%95%99%E8%82%B2&type=yy
山东教育,https://iptv.catvod.com/live.php?id=%E5%B1%B1%E4%B8%9C%E6%95%99%E8%82%B2
山东教育,http://gslbmgsplive.miguvideo.com/migu/kailu/sdjyws/51/20250915/index.m3u8?msisdn=20251023080146a623a1a467704de1bb9f78bcfbe3cb85&mdspid=&spid=600697&netType=0&sid=5910022199&pid=2028597139&timestamp=20251023080146&Channel_ID=0116_2600000900-99000-201600010010027&ProgramID=609154353&ParentNodeID=-99&assertID=5910022199&client_ip=106.13.250.83&SecurityKey=20251023080146&promotionId=&mvid=2200208305&mcid=500020&playurlVersion=WX-A1-8.9.2-RELEASE&userid=&jmhm=&videocodec=h264&bean=mgspad&tid=android&conFee=0&puData=dac6a2cd92e52b24f75ac42655739371&ddCalcu=1d7ae3c29693a0725c5d69224ec5a25b72f4
山东教育,http://gslbmgsplive.miguvideo.com/migu/kailu/sdjyws/51/20250915/index.m3u8?msisdn=202510240801014993ead85bb84238ba256233f39ec1fe&mdspid=&spid=600697&netType=0&sid=5910022199&pid=2028597139&timestamp=20251024080101&Channel_ID=0116_2600000900-99000-201600010010027&ProgramID=609154353&ParentNodeID=-99&assertID=5910022199&client_ip=106.13.250.88&SecurityKey=20251024080101&promotionId=&mvid=2200208305&mcid=500020&playurlVersion=WX-A1-8.9.2-RELEASE&userid=&jmhm=&videocodec=h264&bean=mgspad&tid=android&conFee=0&puData=9a9b9f0fe534bfd0201d1b9425c62be5&ddCalcu=59eaeb922b9690cf502f4e95b314db1f0d20
山东教育,http://gslbmgsplive.miguvideo.com/migu/kailu/sdjyws/51/20250915/index.m3u8?msisdn=202510250801048fff0e4b106b4345af1deefefd8d0de7&mdspid=&spid=600697&netType=0&sid=5910022199&pid=2028597139&timestamp=20251025080104&Channel_ID=0116_2600000900-99000-201600010010027&ProgramID=609154353&ParentNodeID=-99&assertID=5910022199&client_ip=106.13.250.90&SecurityKey=20251025080104&promotionId=&mvid=2200208305&mcid=500020&playurlVersion=WX-A1-8.9.2-RELEASE&userid=&jmhm=&videocodec=h264&bean=mgspad&tid=android&conFee=0&puData=5ed99a35aabe1c5a975b3c9f32ac70d9&ddCalcu=95dee0d2799c90aa2335fa9acb3eb15c759a
山东居家购物,http://livealone302.iqilu.com/iqilu/gwpd.m3u8
山东农科,http://livealone302.iqilu.com/iqilu/nkpd.m3u8
山东齐鲁,http://livealone302.iqilu.com/iqilu/qlpd.m3u8
山东生活,http://ls.qingting.fm/live/60260.m3u8
山东生活,http://livealone302.iqilu.com/iqilu/shpd.m3u8
山东体育,https://stream1.freetv.fun/shan-dong-ti-yu-8.m3u8
山东体育,https://stream1.freetv.fun/shan-dong-ti-yu-19.m3u8
山东体育,https://stream1.freetv.fun/shan-dong-ti-yu-4.m3u8
山东体育,http://livealone302.iqilu.com/iqilu/typd.m3u8
山东体育,https://stream1.freetv.fun/shan-dong-ti-yu-7.m3u8
山东体育,https://stream1.freetv.fun/shan-dong-ti-yu-6.m3u8
山东体育,https://stream1.freetv.fun/shan-dong-ti-yu-3.m3u8
山东体育,https://stream1.freetv.fun/shan-dong-ti-yu-9.m3u8
山东体育,https://stream1.freetv.fun/shan-dong-ti-yu-5.m3u8
山东体育,https://stream1.freetv.fun/shan-dong-ti-yu-2.m3u8
山东文旅,http://58.57.40.22:9901/tsfile/live/1023_1.m3u8
山东综艺,http://livealone302.iqilu.com/iqilu/zypd.m3u8
济南综合,https://stream1.freetv.fun/ji-nan-zong-he-2.m3u8
济南综合,https://stream1.freetv.fun/ji-nan-zong-he-3.m3u8
济南综合,https://stream1.freetv.fun/ji-nan-zong-he-1.m3u8
济南新闻综合,https://stream1.freetv.fun/ji-nan-xin-wen-zong-he-7.m3u8
济南新闻综合,https://stream1.freetv.fun/ji-nan-zong-he-2.m3u8
济南教育,https://stream1.freetv.fun/ji-nan-jiao-yu-1.m3u8
青州综合,rtmp://sdqz.chinashadt.com:2036/live/stream:1.stream
东营综合,rtmp://stream.hhek.cn:9936/live/xwzh_sd?shandd
日照公共,http://live.rzw.com.cn/kzpd/sd/live.m3u8?shandd
日照新闻综合,http://live.rzw.com.cn/xwzh/sd/live.m3u8?shandd
日照科教,http://live.rzw.com.cn/ggpd/sd/live.m3u8?shandd
潍坊新闻综合,https://stream1.freetv.fun/ipv6-wei-fang-xin-wen-zong-he-2.m3u8
潍坊新闻综合,https://stream1.freetv.fun/ipv6-wei-fang-xin-wen-zong-he-1.m3u8
菏泽新闻综合,http://live.hznet.tv:1935/live/live1/500k/tzwj_video.m3u8
菏泽新闻综合,http://live.hznet.tv:1935/live/live1/500K/tzwj_video.m3u8?shandd
菏泽经济生活,http://live.hznet.tv:1935/live/live2/500K/tzwj_video.m3u8?shandd
菏泽经济生活,http://live.hznet.tv:1935/live/live2/500k/tzwj_video.m3u8
万荣综合,http://60.222.246.220:19433/hls1.m3u8
五台综合,https://568slnjf.live.sxmty.com/live/hls/90c8b2efeb164cc0a6c2409eed668d6b/f77cbb89ec57435b9ba4c47589c16e4f-1.m3u8
古县综合,https://l2fpdktp.live.sxmty.com/live/hls/e4c3b363cc4549788e2d983f403e07db/d99ce1eb686e41b9afc888110bd95aa7.m3u8?zshanxd
大宁综合,http://live.daningtv.com/aac_dngb/playlist.m3u8
太谷新闻综合,http://p2.vzan.com/slowlive/596867413819827251/live.m3u8
定襄综合,http://lbyzztfe.live.sxmty.com/live/hls/645ff4c60e0a49f0a203abbd73dd8be9/0720e665f10f48e98c9639f4f492fb4a-1.m3u8?zshanxd
山西影视,https://live.lalifeier.eu.org/sxrtv/sxys.m3u8?t=1745796321&key=0721c661fb4b291613b070d85d8af084
山西影视,https://live.lalifeier.eu.org/sxrtv/sxys.m3u8?t=1746307365&key=a8b9568fc8b9a14d097cb74c31fed7ed
山西文体生活,https://live.lalifeier.eu.org/sxrtv/sxwtsh.m3u8?t=1745796321&key=5d07585f428e3bbbe66ef7a534c8db1e
山西文体生活,https://live.lalifeier.eu.org/sxrtv/sxwtsh.m3u8?t=1746307365&key=1cf53f641a43923de396153d3e9e40b6
山西文体生活,https://live.lalifeier.eu.org/sxrtv/sxwtsh.m3u8?t=1746393735&key=ef71ca0281e5b344d896cad03a642087
山西社会与法治,https://live.lalifeier.eu.org/sxrtv/sxshfz.m3u8?t=1745796321&key=71bbd0d7dc1eb84139ebea659e164651
山西社会与法治,https://live.lalifeier.eu.org/sxrtv/sxshfz.m3u8?t=1746307365&key=9694e5e21a889c83c54bbf66c0e524a0
山西社会与法治,https://live.lalifeier.eu.org/sxrtv/sxshfz.m3u8?t=1746393735&key=cf4f8ab07efd070291584465074e9386
山西经济,https://live.lalifeier.eu.org/sxrtv/sxjj.m3u8?t=1745796321&key=f20ee9d210e6bb63a4a7d65e67bdec2b
山西经济,https://live.lalifeier.eu.org/sxrtv/sxjj.m3u8?t=1746307365&key=9efd994033ee8bd840c01f930811f94a
平遥新闻综合,https://tntgjhjb.live.sxmty.com/live/hls/3a4585ac11ec4e1bb07b419101b370c3/baf63e2b313440c2a25d7859f9b73b05-1.m3u8?zshanxd
怀仁综合,https://1yp7hc5p.live.sxmty.com/live/hls/bff8529922344209985b6e49baa9555a/efa2543628fc4a7ea93d3d6c975f77dc-1.m3u8
怀仁综合,http://1yp7hc5p.live.sxmty.com/live/hls/bff8529922344209985b6e49baa9555a/efa2543628fc4a7ea93d3d6c975f77dc.m3u8?zshanxd
武乡新闻综合,http://uzoiczhh.live.sxmty.com/live/hls/0d41f1480c4042d49927858f01fde707/53130407737b417b9a6259b57246bae3.m3u8?zshanxd
武乡新闻综合,https://stream1.freetv.fun/wu-xiang-xin-wen-zong-he-1.m3u8
武乡新闻综合,https://stream1.freetv.fun/wu-xiang-xin-wen-zong-he-2.m3u8
武乡新闻综合,https://stream1.freetv.fun/wu-xiang-xin-wen-zong-he-4.m3u8
武乡新闻综合,https://stream1.freetv.fun/wu-xiang-xin-wen-zong-he-5.m3u8
汾西综合,https://qmmqvzoz.live.sxmty.com/live/hls/f24f8a390c084386a564074c9260100c/be3fdf07606145739ab2c4b80fe0136a.m3u8?zshanxd
祁县新闻综合,http://ggpagerl.live.sxmty.com/live/hls/b350dc1ac5da45c2b2233f6eb122ddf4/49d3766c7f204685a2a8f027b234c33d.m3u8?zshanxd
运城科技教育,https://stream1.freetv.fun/yun-cheng-ke-ji-jiao-yu-1.m3u8
运城科技教育,https://stream1.freetv.fun/yun-cheng-ke-ji-jiao-yu-2.m3u8
长子综合,https://www.wxhcgbds.com:8081/channelTv/WXTV_1.m3u8?zshanxd
长子综合,https://83awgyp5.live.sxmty.com/live/hls/6f6f4b36f9bd42628b718b595ba507ed/724b7e8907a8414d873eb2a2f69bfa18.m3u8?zshanxd
阳曲综合,https://83awgyp5.live.sxmty.com/live/hls/6f6f4b36f9bd42628b718b595ba507ed/724b7e8907a8414d873eb2a2f69bfa18.m3u8?zshanxd
安徽国际,https://stream1.freetv.fun/an-hui-guo-ji-16.m3u8
安徽国际,https://www.ahtv.cn/folder9000/folder20193?channelIndex=6
安徽影视,https://stream1.freetv.fun/an-hui-ying-shi-14.m3u8
安徽影视,https://stream1.freetv.fun/an-hui-ying-shi-15.m3u8
安徽影视,https://www.ahtv.cn/folder9000/folder20193?channelIndex=3
安徽影视,https://t.freetv.fun/live/an-hui-ying-shi.m3u8
安徽影视,https://t.freetv.fun/live/an-hui-ying-shi-2.m3u8
安徽经济生活,https://live.lalifeier.eu.org/ahtv/ahjjsh.m3u8?t=1745774515&key=a93a5e1794618b8f0038e5d4206cb748
安徽经济生活,https://live.lalifeier.eu.org/ahtv/ahjjsh.m3u8?t=1746292937&key=79ac954604c0abc146445a9603966f0a
安徽经济生活,https://live.lalifeier.eu.org/ahtv/ahjjsh.m3u8?t=1746307365&key=eacbd8c7b284760ddec25b1dc3992bad
安徽经济生活,https://stream1.freetv.fun/an-hui-jing-ji-sheng-huo-4.ctv
安徽综艺体育,https://live.lalifeier.eu.org/ahtv/ahzyty.m3u8?t=1745774515&key=27009aec794adc785b22478c5aa2ae16
安徽综艺体育,https://live.lalifeier.eu.org/ahtv/ahzyty.m3u8?t=1746292937&key=940b0f98a121c28884c74971efaac4de
安徽综艺体育,https://live.lalifeier.eu.org/ahtv/ahzyty.m3u8?t=1746307365&key=6b104d1fc66c5b34b63d0e19c627e0f9
安徽综艺体育,https://stream1.freetv.fun/an-hui-zong-yi-ti-yu-4.ctv
安徽综艺体育,https://stream1.freetv.fun/an-hui-zong-yi-ti-yu-8.m3u8
安徽导视,https://livehls1.appcoo.com/liveshopping/949E0A98C9D0C311/6D925141BC1F8C28/index.m3u8
合肥新闻,http://112.27.235.94:8000/hls/18/index.m3u8
固镇新闻,http://www.guzhenm.com:7001/hls/hd-live.m3u8?%E5%85%B3%E6%B3%A8%E5%BE%AE%E4%BF%A1%E5%85%AC%E4%BC%97%E5%8F%B7[%E6%99%B4%E5%9B%AD]
黄山新闻综合,http://hslive.hsnewsnet.com/lsdream/hve9Wjs/1000/live.m3u8?zanhd
黄山新闻综合,http://hslive.hsnewsnet.com/lsdream/hve9Wjs/1000/live.m3u8
黄山公共生活,http://hslive.hsnewsnet.com/lsdream/iY92ady/1000/live.m3u8?zanhd
铜陵新闻综合,https://ls.qingting.fm/live/21303/64k.m3u8
祁门综合,rtmp://tv.qmxrmt.com/chan/ch1?zanhd#rtmp://tv.qmxrmt.com/chan/ch1
祁门综合,rtmp://tv.qmxrmt.com/chan/ch1
祁门综合,rtmp://tv.qmxrmt.com/chan/ch1?zanhd
祁门综合,http://zbbf2.ahbztv.com/live/416.m3u8?zanhd
祁门综合,http://live.cztv.cc:85/live/sjpd.m3u8
灵璧综合,http://live.cms.anhuinews.com/video/s10003-lbtv/index.m3u8?zanhd#http://live.cms.anhuinews.com/video/s10003-lbtv/index.m3u8
灵璧综合,http://live.cms.anhuinews.com/video/s10003-lbtv/index.m3u8
滁州科教,http://live.cztv.cc:85/live/sjpd.m3u8?%E5%85%B3%E6%B3%A8%E5%BE%AE%E4%BF%A1%E5%85%AC%E4%BC%97%E5%8F%B7[%E6%99%B4%E5%9B%AD]
滁州科教,http://live.cztv.cc:85/live/sjpd.m3u8
滁州科教,http://live.cztv.cc:85/live/sjpd.m3u8?zanhd
滁州新闻综合,http://live.cztv.cc:85/live/xwpd.m3u8
滁州新闻综合,http://live.cztv.cc:85/live/xwpd.m3u8?zanhd
滁州市广播电视台 新闻综合,http://live.cztv.cc:85/live/xwpd.m3u8
滁州市广播电视台 公共,http://live.cztv.cc:85/live/ggpd.m3u8
滁州公共,http://live.cztv.cc:85/live/ggpd.m3u8
滁州公共,http://live.cztv.cc:85/live/ggpd.m3u8?zanhd
涡阳新闻综合,http://220.180.124.18:888/live/ch0.m3u8
广德生活,https://live.gdtv.ah.cn/live/newsTV.m3u8
宿松新闻综合,http://live.ahsz.tv/video/s10001-szzh/index.m3u8
宿州科教,rtmp://live.ahsz.tv/video/s10001-kxjy
宿州新闻综合,http://live.ahsz.tv/video/s10001-szzh/index.m3u8
宿州新闻综合,https://stream1.freetv.fun/su-zhou-xin-wen-zong-he-1.m3u8
宿州新闻综合,https://stream1.freetv.fun/su-zhou-xin-wen-zong-he-2.m3u8
宿州新闻综合,https://stream1.freetv.fun/su-zhou-xin-wen-zong-he-3.m3u8
宿州新闻综合,https://t.freetv.fun/live/su-zhou-xin-wen-zong-he-1.m3u8
宿州新闻综合,https://t.freetv.fun/live/su-zhou-xin-wen-zong-he-1-3.m3u8
宿州新闻综合,https://t.freetv.fun/live/su-zhou-xin-wen-zong-he-2.m3u8
宿州新闻综合,https://t.freetv.fun/live/su-zhou-xin-wen-zong-he-1-1.m3u8
宿州新闻综合,https://t.freetv.fun/live/su-zhou-xin-wen-zong-he.m3u8
宿州公共,http://live.ahsz.tv/video/s10001-ggpd/index.m3u8
六安新闻综合,http://ls.qingting.fm/live/267.m3u8
六安公共,http://ls.qingting.fm/live/1794199.m3u8
亳州新闻,http://zbbf2.ahbztv.com/live/416.m3u8?zanhd
亳州农村,http://zbbf2.ahbztv.com/live/418.m3u8?zanhd
宁夏经济,https://ls.qingting.fm/live/1841/64k.m3u8
银川生活,http://play-a2.quklive.com/live/1667883987087179.m3u8
银川公共,http://play-a2.quklive.com/live/1667883943560053.m3u8
银川文体,http://play-a2.quklive.com/live/1667884025738071.m3u8
延边卫视,http://l.cztvcloud.com/channels/lantian/SXxinchang2/720p.m3u8
延边卫视,http://[2409:8087:1e03:21::2]:6060/cms001/ch00000090990000001470/index.m3u8
延边卫视,https://stream1.freetv.fun/yan-bian-wei-shi-16.m3u8
延边卫视,https://stream1.freetv.fun/yan-bian-wei-shi-15.m3u8
延边卫视,http://[2409:8087:1a0b:df::4020]:80/ottrrs.hl.chinamobile.com/PLTV/88888888/224/3221226516/index.m3u8
延边卫视,http://[2409:8087:8:21::18]:6610/otttv.bj.chinamobile.com/PLTV/88888888/224/3221227045/1.m3u8?GuardEncType=2&accountinfo=%7E%7EV2.0%7Eq0D3NdTUN7FuRzr8eJsbQA%7EtP4-l0lmSfjwLWEfK_el1vH_mv-s1zo4AQJwdedaVwG9xkuFTDg8J26cwOrNJzn20BErrHdLhuZ9EzLUCD3PMW-OMx4MGteHV2vLeW6BqoY%2CEND
延边卫视,http://[2409:8087:1a15:10d1::39]/ottrrs.hl.chinamobile.com/PLTV/88888888/224/3221226516/index.m3u8
延边卫视,https://cc06.tv12.xyz/113.m3u8
吉林都市,https://live.lalifeier.eu.org/jlntv/jlds.m3u8?t=1745796321&key=ba85da6410cdc8b830d46c3182ad7775
吉林都市,https://live.lalifeier.eu.org/jlntv/jlds.m3u8?t=1746307365&key=85abbfb19768c29f883db499d3c1114f
吉林生活,https://live.lalifeier.eu.org/jlntv/jlsh.m3u8?t=1745796321&key=8386cb03e732cd707a483bb89f1216af
吉林生活,https://live.lalifeier.eu.org/jlntv/jlsh.m3u8?t=1746307365&key=3501231d172e510eec2f039a508df51d
吉林乡村,https://live.lalifeier.eu.org/jlntv/jlxc.m3u8?t=1745796321&key=b26baf2d67026a93e41fcbbd3f132bc3
吉林乡村,https://live.lalifeier.eu.org/jlntv/jlxc.m3u8?t=1746307365&key=c561c31cdce71c6e8e33914bfc43027f
吉林乡村,https://live.lalifeier.eu.org/jlntv/jlxc.m3u8?t=1746393735&key=9d6ca0a9c59b1876be2ef4320b7283d8
延边-2,http://stream8.jlntv.cn/ljtv/playlist.m3u8
延边-2,http://stream5.jlntv.cn/wq/playlist.m3u8
长白山电视台,http://stream8.jlntv.cn/cbstv/sd/live.m3u8?zjild
德惠综合,http://stream11.jlntv.cn/dehuitv/sd/live.m3u8
德惠综合,http://stream11.jlntv.cn/dehuitv/sd/live.m3u8?%E5%85%B3%E6%B3%A8%E5%BE%AE%E4%BF%A1%E5%85%AC%E4%BC%97%E5%8F%B7[%E6%99%B4%E5%9B%AD]
九台综合,http://stream10.jlntv.cn/jiutaitv/sd/live.m3u8?zjild
九台综合,http://stream10.jlntv.cn/jiutaitv/sd/live.m3u8?%E5%85%B3%E6%B3%A8%E5%BE%AE%E4%BF%A1%E5%85%AC%E4%BC%97%E5%8F%B7[%E6%99%B4%E5%9B%AD]
九台综合,http://stream10.jlntv.cn/jiutaitv/sd/live.m3u8
长白朝语,http://hplayer1.juyun.tv:80/camera/11344136.m3u8
靖宇综合,http://stream9.jlntv.cn:80/aac_jygb/playlist.m3u8
敦化一套,http://stream8.jlntv.cn/dhtv/playlist.m3u8?zjild
敦化一套,http://stream8.jlntv.cn/dhtv/playlist.m3u8
珲春新闻综合,https://stream1.freetv.fun/hun-chun-xin-wen-zong-he-3.m3u8
龙井综合,http://stream9.jlntv.cn:80/aac_longjinggb/playlist.m3u8
梅河口综合,http://stream3.jlntv.cn:80/aac_mhkgb/playlist.m3u8
桦甸综合,http://stream9.jlntv.cn:80/aac_huadiangb/playlist.m3u8
磐石综合,http://stream3.jlntv.cn:80/aac_psgb/sd/live.m3u8
舒兰新闻综合,http://stream8.jlntv.cn/shulan/sd/live.m3u8?zjild
舒兰新闻综合,http://stream8.jlntv.cn/shulan/sd/live.m3u8?_upt=332db6421699196585
东丰综合,http://stream3.jlntv.cn:80/aac_dfgb/playlist.m3u8
双辽综合,http://stream3.jlntv.cn:80/aac_slgb/playlist.m3u8
辉南新闻综合,http://stream5.jlntv.cn/hn/sd/live.m3u8
辉南新闻综合,http://stream5.jlntv.cn/hn/sd/live.m3u8?%E5%85%B3%E6%B3%A8%E5%BE%AE%E4%BF%A1%E5%85%AC%E4%BC%97%E5%8F%B7[%E6%99%B4%E5%9B%AD]
辉南新闻综合,http://stream5.jlntv.cn/hn/sd/live.m3u8?zjild
柳河综合,http://stream3.jlntv.cn:80/aac_lhgb/sd/live.m3u8
通化县综合,http://stream3.jlntv.cn:80/aac_thxgb/playlist.m3u8
汪清综合,http://stream5.jlntv.cn/wq/sd/live.m3u8
汪清综合,http://stream5.jlntv.cn/wq/sd/live.m3u8?_upt=eb80947d1699080781
汪清综合,http://stream5.jlntv.cn/wq/sd/live.m3u8?zjild
内蒙经济,https://ls.qingting.fm/live/1885/64k.m3u8
内蒙古经济生活,https://ls.qingting.fm/live/1885/64k.m3u8
文山州公共,http://m3u8.channel.wsrtv.com.cn/cms/videos/nmip-media/channellive/channel8/playlist.m3u8
文山州公共,http://m3u8.channel.wsrtv.com.cn/cms/videos/nmip-media/channellive/channel8/playlist.m3u8?zyund
文山州新闻综合,http://m3u8.channel.wsrtv.com.cn/cms/videos/nmip-media/channellive/channel7/playlist.m3u8?zyund
昆明公共,http://wshls.live.migucloud.com/live/UD0YLY2G_C0_3/playlist.m3u8
昆明科学教育,http://wshls.live.migucloud.com/live/ZBXWIMTD_C0_2/playlist.m3u8
易门综合,https://zb-live.ynurl.com/yimen/3b75a2f9-7941-46b7-992d-a9796fbca5fe.m3u8
通海电视台,https://zb-live.ynurl.com/tonghai/3bfe3a9e-48e6-4c1e-8770-1df66447cc6c.m3u8
云南都市,https://hwapi.yntv.net/62hdvf/rjwt14.m3u8
云南娱乐,https://hwapi.yntv.net/62hdvf/q9vs1b.m3u8
安多卫视,http://php.jdshipin.com/TVOD/hljyd.php?id=3221225659
安多卫视,https://liveout.xntv.tv/a65jur/96iln2.m3u8
安多卫视,https://liveout.xntv.tv/a65jur/90p2i1.m3u8?zqinghd
安多卫视,rtmp://liveout.xntv.tv/a65jur/96iln2
安多卫视,https://stream1.freetv.fun/52d0df257c5c3cec42f2ae19268dbbc261256ff391b27bd83553bea941d0c186.m3u8
安多卫视,http://[2409:8087:1a0b:df::4007]:80/ottrrs.hl.chinamobile.com/PLTV/88888888/224/3221225659/index.m3u8
安多卫视,https://liveout.xntv.tv/a65jur/90p2i1.m3u8?zqing
西宁新闻综合,https://liveout.xntv.tv/a65jur/96iln2.m3u8#@http://cm-wshls.homecdn.com/live/5a296.dlv#@http://dtrmlive.qhdtrm.cn/xnds/sd/live.m3u8#@http://cm-wshls.homecdn.com/live/5a296.m3u8#rtmp://liveout.xntv.tv/a65jur/96iln2
西宁新闻综合,https://liveout.xntv.tv/a65jur/96iln2.m3u8
西宁新闻综合,https://liveout.xntv.tv/a65jur/96iln2.m3u8?zqinghd
西宁新闻综合,https://stream1.freetv.fun/xi-zhu-xin-wen-zong-he-1.m3u8
西宁新闻综合,https://stream1.freetv.fun/xi-zhu-xin-wen-zong-he-2.m3u8
西宁新闻综合,https://stream1.freetv.fun/xi-zhu-xin-wen-zong-he-3.m3u8
西宁新闻综合,rtmp://liveout.xntv.tv/a65jur/96iln2
西宁新闻综合,https://liveout.xntv.tv/a65jur/90p2i1.m3u8?zqinghd#https://liveout.xntv.tv/a65jur/90p2i1.m3u8#http://dtrmlive.qhdtrm.cn/xnds/sd/live.m3u8
西宁新闻综合,https://liveout.xntv.tv/a65jur/90p2i1.m3u8?zqinghd
西宁新闻综合,https://liveout.xntv.tv/a65jur/90p2i1.m3u8
西宁生活服务,https://liveout.xntv.tv/a65jur/90p2i1.m3u8?zqinghd#https://liveout.xntv.tv/a65jur/90p2i1.m3u8#http://dtrmlive.qhdtrm.cn/xnds/sd/live.m3u8
西宁生活服务,https://liveout.xntv.tv/a65jur/90p2i1.m3u8
西宁生活服务,https://liveout.xntv.tv/a65jur/90p2i1.m3u8?zqinghd
西宁生活服务,https://stream1.freetv.fun/xi-zhu-sheng-huo-fu-wu-1.m3u8
西宁生活服务,https://stream1.freetv.fun/xi-zhu-sheng-huo-fu-wu-2.m3u8
西宁生活服务,https://stream1.freetv.fun/xi-zhu-sheng-huo-fu-wu-3.m3u8
西宁生活服务,https://t.freetv.fun/live/xi-zhu-sheng-huo-fu-wu-1.flv
西宁生活服务,https://t.freetv.fun/live/xi-zhu-sheng-huo-fu-wu.m3u8
青海都市,http://[2409:8087:1e01:20::3]/PLTV/11/224/3221225749/index.m3u8
青海都市,http://[2409:8087:1e01:20::3]:80/PLTV/11/224/3221225749/index.m3u8
青海综合,http://lmt.scqstv.com/live1/live1.m3u8
黑龙江文体,http://php.jdshipin.com/TVOD/hljyd.php?id=3221226239
黑龙江文体,http://[2409:8087:1a01:df::7005]/ottrrs.hl.chinamobile.com/PLTV/88888888/224/3221226239/index.m3u8
黑龙江文体,http://[2409:8087:1a01:df::4025]:80/TVOD/88888888/224/3221225965/main.m3u8
黑龙江文体,http://[2409:8087:1a01:df::4077]/ottrrs.hl.chinamobile.com/PLTV/88888888/8/3221226239/index.m3u8
黑龙江文体,http://ottrrs.hl.chinamobile.com/PLTV/88888888/224/3221226239/index.m3u8
黑龙江文体,https://stream1.freetv.fun/hei-long-jiang-wen-ti-1.m3u8
黑龙江文体,https://stream1.freetv.fun/hei-long-jiang-wen-ti-7.m3u8
黑龙江文体,https://stream1.freetv.fun/hei-long-jiang-wen-ti-9.m3u8
黑龙江文体,https://idclive.hljtv.com:4430/live/hljwy_hd.m3u8
黑龙江文体,http://[2409:8087:1a15:10d1::38]/ottrrs.hl.chinamobile.com/PLTV/88888888/224/3221226239/index.m3u8
黑龙江新闻法治,http://php.jdshipin.com/TVOD/hljyd.php?id=3221226330
黑龙江新闻法治,http://[2409:8087:1a01:df::7005]/ottrrs.hl.chinamobile.com/PLTV/88888888/224/3221226330/index.m3u8
黑龙江新闻法治,http://[2409:8087:1a01:df::4077]/PLTV/88888888/224/3221225967/index.m3u8
黑龙江新闻法治,https://ls.qingting.fm/live/4974/64k.m3u8
黑龙江新闻法治,https://stream1.freetv.fun/hei-long-jiang-xin-wen-fa-zhi-4.m3u8
黑龙江新闻法治,https://stream1.freetv.fun/hei-long-jiang-xin-wen-fa-zhi-5.m3u8
黑龙江新闻法治,https://stream1.freetv.fun/hei-long-jiang-xin-wen-fa-zhi-6.m3u8
黑龙江新闻法治,https://stream1.freetv.fun/hei-long-jiang-xin-wen-fa-zhi-7.m3u8
黑龙江新闻法治,https://stream1.freetv.fun/ipv6-hei-long-jiang-xin-wen-fa-zhi-1.m3u8
黑龙江新闻法治,https://stream1.freetv.fun/ipv6-hei-long-jiang-xin-wen-fa-zhi-8.m3u8
黑龙江影视,http://php.jdshipin.com/TVOD/hljyd.php?id=3221226298
黑龙江影视,http://[2409:8087:1a01:df::7005]/ottrrs.hl.chinamobile.com/PLTV/88888888/224/3221226298/index.m3u8
黑龙江影视,http://[2409:8087:1a01:df::4035]/ottrrs.hl.chinamobile.com/PLTV/88888888/224/3221226298/1.m3u8
黑龙江影视,http://[2409:8087:1a01:df::4077]/ottrrs.hl.chinamobile.com/PLTV/88888888/8/3221226298/index.m3u8
黑龙江影视,http://ottrrs.hl.chinamobile.com/PLTV/88888888/224/3221226298/index.m3u8
黑龙江影视,https://stream1.freetv.fun/hei-long-jiang-ying-shi-1.m3u8
黑龙江影视,https://stream1.freetv.fun/hei-long-jiang-ying-shi-7.m3u8
黑龙江影视,https://stream1.freetv.fun/hei-long-jiang-ying-shi-8.m3u8
黑龙江影视,http://[2409:8087:1a15:10d1::34]/ottrrs.hl.chinamobile.com/PLTV/88888888/224/3221226298/index.m3u8
黑龙江都市,http://php.jdshipin.com/TVOD/hljyd.php?id=3221226301
黑龙江都市,http://[2409:8087:1a01:df::7005]/ottrrs.hl.chinamobile.com/PLTV/88888888/224/3221226301/index.m3u8
黑龙江都市,http://[2409:8087:1a01:df::4025]:80/ottrrs.hl.chinamobile.com/PLTV/88888888/224/3221226301/1.m3u8
黑龙江都市,http://[2409:8087:1a01:df::4055]:80/TVOD/88888888/224/3221225969/main.m3u8
黑龙江都市,http://[2409:8087:1a01:df::4077]/ottrrs.hl.chinamobile.com/PLTV/88888888/8/3221226301/index.m3u8
黑龙江都市,http://[2409:8087:1a01:df::4077]:80/ottrrs.hl.chinamobile.com/PLTV/88888888/224/3221226301/1.m3u8
黑龙江都市,https://stream1.freetv.fun/hei-long-jiang-du-shi-1.m3u8
黑龙江都市,https://stream1.freetv.fun/hei-long-jiang-du-shi-7.m3u8
黑龙江都市,https://stream1.freetv.fun/hei-long-jiang-du-shi-8.m3u8
黑龙江都市,https://idclive.hljtv.com:4430/live/dushi_hd.m3u8
黑龙江少儿,http://php.jdshipin.com/TVOD/hljyd.php?id=3221226304
黑龙江少儿,https://ls.qingting.fm/live/4972/64k.m3u8
黑龙江少儿,http://[2409:8087:1a01:df::7005]/ottrrs.hl.chinamobile.com/PLTV/88888888/224/3221226304/index.m3u8
黑龙江少儿,http://[2409:8087:1a01:df::4035]/ottrrs.hl.chinamobile.com/PLTV/88888888/224/3221226304/1.m3u8
黑龙江少儿,http://[2409:8087:1a01:df::4077]/ottrrs.hl.chinamobile.com/PLTV/88888888/8/3221226304/index.m3u8
黑龙江少儿,http://ottrrs.hl.chinamobile.com/PLTV/88888888/224/3221226304/index.m3u8
黑龙江少儿,https://stream1.freetv.fun/hei-long-jiang-shao-er-2.m3u8
黑龙江少儿,https://stream1.freetv.fun/hei-long-jiang-shao-er-8.m3u8
黑龙江少儿,http://[2409:8087:1a15:10d1::33]/ottrrs.hl.chinamobile.com/PLTV/88888888/224/3221226371/index.m3u8
黑龙江新闻,https://ls.qingting.fm/live/4974/64k.m3u8
黑龙江新闻,https://fenghuang.tv12.xyz/66.m3u8
黑龙江新闻,https://stream1.freetv.fun/hei-long-jiang-xin-wen-9.m3u8
哈尔滨新闻综合,http://php.jdshipin.com/TVOD/hljyd.php?id=3221226434
哈尔滨新闻综合,https://stream1.freetv.fun/ha-er-bin-xin-wen-zong-he-1.m3u8
哈尔滨新闻综合,https://stream1.freetv.fun/ha-er-bin-xin-wen-zong-he-4.m3u8
哈尔滨影视,http://stream.hrbtv.net/yspd/sd/live.m3u8?zheild
哈尔滨资讯,http://stream.hrbtv.net/zxpd/sd/live.m3u8
哈尔滨生活,http://stream.hrbtv.net/shpd/sd/live.m3u8
哈尔滨娱乐,http://stream.hrbtv.net/ylpd/sd/live.m3u8
哈尔滨娱乐,http://stream.hrbtv.net/ylpd/sd/live.m3u8?zheild#http://stream.hrbtv.net/ylpd/sd/live.m3u8#https://stream.hrbtv.net/ylpd/sd/live.m3u8
哈尔滨娱乐,http://stream.hrbtv.net/ylpd/sd/live.m3u8?zheild
哈尔滨娱乐,https://stream.hrbtv.net/ylpd/sd/live.m3u8
大庆新闻综合,https://stream1.freetv.fun/da-qing-xin-wen-zong-he-1.m3u8
鹤岗新闻综合,http://php.jdshipin.com/TVOD/hljyd.php?id=3221226534
鹤岗新闻综合,http://[2409:8087:1a01:df::4059]:80/TVOD/88888888/224/3221226073/main.m3u8
鹤岗新闻综合,http://[2409:8087:1a01:df::4060]:80/ottrrs.hl.chinamobile.com/PLTV/88888888/224/3221226534/index.m3u8
鹤岗新闻综合,http://[2409:8087:1a01:df::4060]/ottrrs.hl.chinamobile.com/PLTV/88888888/224/3221226534/index.m3u8
七台河新闻综合,http://live.qthnews.org.cn:1935/live/live1/800k/tzwj_video.m3u8
佳木斯新闻综合,http://php.jdshipin.com/TVOD/hljyd.php?id=3221226451
甘南县综合,rtmp://masterpull.hljtv.com/live/YbFyF4Jb
齐齐哈尔新闻综合,http://php.jdshipin.com/TVOD/hljyd.php?id=3221226437
齐齐哈尔新闻综合,http://[2409:8087:1a15:10d1::31]/ottrrs.hl.chinamobile.com/PLTV/88888888/224/3221226437/index.m3u8
齐齐哈尔新闻综合,https://stream1.freetv.fun/ipv6-qi-qi-ha-er-xin-wen-zong-he-3.m3u8
双鸭山综合,http://live.qthnews.org.cn:1935/live/live2/800k/tzwj_video.m3u8
双鸭山综合,rtmp://masterpull.hljtv.com/live/BowdCSzZ
翡翠台,rtmp://demo2.anj365.com/live/xiangjiaoge-fc
翡翠台,rtmp://oc-play-ali.vipkid.com.cn/live/xianajiaoge-fct
翡翠台,http://php.jdshipin.com:8880/TVOD/iptv.php?id=fct3&token=512df05ba47edb46400575c93e179adb7981226d414516400ed1d382cb126adc517715d4ccd3a2276bf3c7b72d52f58905225cf0b1cc461b7888443f
翡翠台,http://cdn9.163189.xyz/smt1.1.php?id=jade_twn
翡翠台,http://v2h.jdshipin.com:80/jade2/jade.stream/chunklist_w100.m3u8
翡翠台,http://php.jdshipin.com:8880/TVOD/iptv.php?id=fct
翡翠台,http://php.jdshipin.com/TVOD/iptv.php?id=fct3
翡翠台,http://php.jdshipin.com/TVOD/iptv.php?id=fct
翡翠台,http://php.jdshipin.com/TVOD/iptv.php?id=fct4
翡翠台,http://php.jdshipin.com:8880/smt.php?id=jade_twn
明珠台,http://cdn9.163189.xyz/smt1.1.php?id=pearl_twn
明珠台,http://php.jdshipin.com:8880/smt.php?id=pearl_twn
明珠台,http://s1.an94tv.cfd/aktv/CH-2/AKTV.m3u8
明珠台,https://stream1.freetv.fun/ming-zhu-10.m3u8
明珠台,https://live.tvfix.org/live/pearl/1/v4000000/index.m3u8
明珠台,http://bxtv.3a.ink/api.php?id=mz
明珠台,https://migu.188766.xyz/?migutoken=7587aa81b1dcc4ed3adff2166ecdaf82&id=pearl_twn&type=dy
明珠台,https://mytv.cdn.loc.cc/o12.php?id=mzt
明珠台,https://migu.188766.xyz/?migutoken=c53be743d963907777610419a5d39573&id=hk_mzt&type=dy
明珠台,https://migu.188766.xyz/?migutoken=bc0f802ab684ad9377fe77a79c51de79&id=hk_mzt&type=dy
凤凰中文,rtmp://oc-play-ali.vipkid.com.cn/live/xianajiaoge-fhzw
凤凰中文,http://php.jdshipin.com:8880/TVOD/iptv.php?id=fhzw
凤凰中文,https://k44991.kylintv.tv/live/pxna_iphone.m3u8
凤凰中文,http://php.jdshipin.com/TVOD/iptv.php?id=fhzw
凤凰中文,https://cdn.163189.xyz/live/fhzw/stream.m3u8
凤凰中文,http://php.jdshipin.com/PLTV/iptv.php?id=fhzw
凤凰中文,http://cdn.163.dedyn.io/live/fhzw/stream.m3u8
凤凰中文,http://cdn5.1678520.xyz/live/live2.1.php?id=fhzw
凤凰中文,http://php.jdshipin.com/TVOD/iptv.php?id=fhzw2
凤凰中文,http://php.jdshipin.com/TVOD/iptv.php
凤凰资讯,rtmp://oc-play-ali.vipkid.com.cn/live/xianajiaoge-fhzx
凤凰资讯,http://php.jdshipin.com:8880/TVOD/iptv.php?id=fhzx
凤凰资讯,http://php.jdshipin.com/TVOD/iptv.php?id=fhzx
凤凰资讯,https://cdn6.163189.xyz/live/fhzx/stream.m3u8
凤凰资讯,http://php.jdshipin.com/PLTV/iptv.php?id=fhzx
凤凰资讯,http://php.jdshipin.com:8880/smt.php?id=phoenixinfo_hd
凤凰资讯,http://cdn5.1678520.xyz/live/live2.1.php?id=fhzx
凤凰资讯,http://php.jdshipin.com/TVOD/iptv.php?id=fhzx2
凤凰资讯,https://smart.pendy.dpdns.org/Smart.php?id=phoenixinfo_hd
凤凰资讯,http://cdn3.163189.xyz/live/fhzx/stream.m3u8
凤凰香港,http://php.jdshipin.com/TVOD/iptv.php?id=fhhk
凤凰香港,https://cdn6.163189.xyz/live/fhhk/stream.m3u8
凤凰香港,http://php.jdshipin.com/PLTV/iptv.php?id=fhhk
凤凰香港,http://cdn3.132.us.kg/live/fhhk/stream.m3u8
凤凰香港,http://php.jdshipin.com:8880/smt.php?id=hkphoenix_twn
凤凰香港,https://smart.pendy.dpdns.org/Smart.php?id=hkphoenix_twn
凤凰香港,http://php.jdshipin.com/TVOD/iptv.php?id=fhhk2
凤凰香港,http://php.jdshipin.com:8880/TVOD/iptv.php?id=fhhk
凤凰香港,http://php.jdshipin.com:8880/TVOD/iptv.php?id=fhhk2
凤凰香港,https://stream1.freetv.fun/feng-huang-xiang-gang-9.ctv
凤凰卫视,http://cdn.132.us.kg/live/fhzw/stream.m3u8
凤凰卫视,http://php.jdshipin.com/TVOD/iptv.php?id=fhzw
凤凰卫视,http://php.jdshipin.com:8880/smt.php?id=phoenixtv_hd
凤凰卫视,https://smart.pendy.dpdns.org/Smart.php?id=phoenixtv_hd
凤凰卫视,https://stream1.freetv.fun/08e5440bb83a804440e341ae792cffc38d6844b04d5a2c7a4fc5ee04a6fe6bc6.m3u8
凤凰卫视,http://api.mg.itv888.cn:8080/hls/2f80047f91e/index.m3u8
凤凰卫视,http://api.kkitv.itv888.vip:8080/streams/vny1wblsnch/index.m3u8
TVBS亚洲,http://d2e1asnsl7br7b.cloudfront.net/7782e205e72f43aeb4a48ec97f66ebbe/index_5.m3u8?zshijd
TVBS亚洲,https://live.tvfix.org/live/tvbs/index.m3u8
纬来体育,https://stream1.freetv.fun/wei-lai-ti-yu-9.ctv
纬来体育,https://smart.pendy.dpdns.org/Smart.php?id=videolandsport
纬来体育,https://epg.pw/stream/8855a9936e37e608a0ec8a014cce1673dee9c5d68d560da376cc92e5edef2b25.m3u8
纬来体育,https://epg.pw/stream/ab6df63b64d0cc44a1f4f029ed847a26fa54a7aebd455578fb05a63f02c22f4b.m3u8
纬来体育,https://epg.pw/stream/4f18dfe0593db5c686eb64ae8edaf2a9202d4d46bdc9bbde2cee27708e12ea01.m3u8
纬来体育,http://s1.an94tv.cfd/aktv2/CH-0/AKTV.m3u8
纬来体育,https://hls-gateway.vpstv.net/streams/477026.m3u8
纬来体育,http://bxtv.3a.ink/api.php?id=wlty
纬来育乐,https://vx65267199.18cn.dpdns.org/48.m3u8
纬来育乐,https://hls-gateway.vpstv.net/streams/477081.m3u8
纬来育乐,https://smart.pendy.dpdns.org/Smart.php?id=videolandyule
纬来育乐,https://live.catvod.com/catvod_com.php?id=videolandmax&token=d6d84c2a31e9094a5478d5d376177e7859090faf183ada5b1cf997ccd5d9df5a%3A1758241876
纬来育乐,https://live.catvod.com/live.php?id=videolandyule&token=fe5d6c1a6329ce8ba25d86d34ce097a5e62e5c9607f3492bd98e2512fed69ebe%3A1760491003%3ANTIuMTUwLjI5Ljk4
纬来育乐,https://live.catvod.com/live.php?id=videolandyule&token=29d66f02bb445a2069a8f31cbb216cf3f2cbf9de61528e66d4c52126be7431e7%3A1761182302%3ANTIuMjM0LjQzLjE3Nw%3D%3D
纬来育乐,https://live.catvod.com/live.php?id=videolandyule&token=13816ef04b78d5335d687b59ecfb099066cc0ce5f95f41311cd479d8e9a899c7%3A1761268460%3AMTcyLjIwMC4xODMuMjQx
纬来育乐,https://live.catvod.com/live.php?id=videolandyule&token=bdbdf4f6c60a734f7d4e9d5df9b0560eda167e4ab02bb2ca0d69fc48d5976284%3A1761354848%3ANTIuMTYxLjQ1LjIyNA%3D%3D
纬来育乐,https://live.catvod.com/live.php?id=videolandyule&token=e36fcda3f4b7e8b5909afdfb1f84325efd61edc43f87499f92b5ce17f8583f78%3A1761441669%3ANDguMjExLjIxMC4xMTM%3D
纬来育乐,https://live.catvod.com/live.php?id=videolandyule&token=91c283d9b8410002aac800dc1fbb7a2e95fb7460201544196ca767f068704c42%3A1762132943%3AMTcyLjIxNC40Ny41MA%3D%3D
J2,http://php.jdshipin.com:8880/PLTV/iptv.php?id=j2
J2,http://api.kkitv.itv888.vip:8080/streams/48uxa7dlbga/index.m3u8
Viutv,http://php.jdshipin.com:8880/PLTV/iptv.php?id=viutv
三立台湾,https://stream1.freetv.fun/san-li-tai-wan-1.ctv
无线新闻,http://php.jdshipin.com:8880/TVOD/iptv.php?id=tvbxw
无线新闻,https://cdn9.163189.xyz/smt3.1.1.php?id=inews_twn
无线新闻,http://cdn9.163189.xyz/smt1.1.php?id=inews_twn
无线新闻,https://v2hcdn.jdshipin.com/news/news.stream/chunklist_w105.m3u8
无线新闻,http://v2hcdn.jdshipin.com/news/news.stream/chunklist_w1005.m3u8
三立新闻,https://stream1.freetv.fun/san-li-xin-wen-3.m3u8
三立新闻,https://stream1.freetv.fun/san-li-xin-wen-4.m3u8
三立新闻,https://stream1.freetv.fun/san-li-xin-wen-5.ctv
三立新闻,https://tv.iill.top/4gtv/229
三立新闻,https://raw.githubusercontent.com/ChiSheng9/iptv/master/TV32.m3u8
三立新闻,https://epg.pw/stream/6b49e3faa38adda85abab446f032dc1e686baa0760a9cfa66e2df8fd6fe3b445.m3u8
三立新闻,https://stream1.freetv.fun/san-li-xin-wen-6.ctv
三立新闻,https://hls-gateway.vpstv.net/streams/492922.m3u8
三立新闻,http://pullpackage.alivecdn.com/live/GDGMQBLKWMPhyKJYSPPR6dnb2lS3FvykpFuj8AZf19Mbfd2yjx.flv
东森综合,https://smart.pendy.dpdns.org/Smart.php?id=ettvzhonghe
东森综合,https://hls-gateway.vpstv.net/streams/476987.m3u8
东森超视,https://stream1.freetv.fun/dong-sen-chao-shi-4.m3u8
东森超视,https://smart.pendy.dpdns.org/Smart.php?id=ettvsuper
东森超视,https://stream1.freetv.fun/dong-sen-chao-shi-2.m3u8
东森超视,https://stream1.freetv.fun/dong-sen-chao-shi-7.ctv
东森超视,https://stream1.freetv.fun/dong-sen-chao-shi-8.m3u8
东森超视,https://stream1.freetv.fun/dong-sen-chao-shi-9.m3u8
东森超视,https://stream1.freetv.fun/dong-sen-chao-shi-8.ctv
东森超视,https://stream1.freetv.fun/dong-sen-chao-shi-2.ctv
东森超视,https://stream1.freetv.fun/dong-sen-chao-shi-6.ctv
东森超视,https://hls-gateway.vpstv.net/streams/476234.m3u8
东森电影,http://mytv.cdn.com.mp/live/dsdy/stream.m3u8
东森电影,https://smart.pendy.dpdns.org/Smart.php?id=ettvmovie
东森电影,https://stream1.freetv.fun/dong-sen-dian-ying-6.ctv
东森电影,https://stream1.freetv.fun/dong-sen-dian-ying-8.ctv
东森电影,https://hls-gateway.vpstv.net/streams/476995.m3u8
东森电影,http://bxtv.3a.ink/api.php?id=dsdy
Now剧集,http://pullpackage.alivecdn.com/live/B9AKX0X3gSWZVv91H6UZDdsYyM8Fie9HvmJFzg3XN8JiR27kog.flv
靖天资讯,https://hls-gateway.vpstv.net/streams/476258.m3u8
靖天资讯,http://pullpackage.alivecdn.com/live/jSi62v69ef4x6iYBScl4GTgr9WaWuRtR1v7DfyIDrCzlEjd4oO.flv
靖天资讯,https://stream1.freetv.fun/jing-tian-zi-xun-2.ctv
靖天资讯,http://breezy-audrie-zspace-7524863c.koyeb.app/vipsir?token=leifeng&id=4gtv-4gtv065
靖天资讯,https://mao.ffmking888.dpdns.org/?id=6Z2W5aSp6LOH6KiK5Yaw&auth=30234cedf871581989d3c91a3daec1e9f50e024aafcfa2247e7d44d91bb8d02fbc3f571b2d67f9d82642cc1d0f133d89
靖天资讯,https://tmxk.pp.ua/litv.php?token=tmxk&id=4gtv-4gtv065
靖天资讯,https://stream1.freetv.fun/jing-tian-zi-xun-1.m3u8
靖天资讯,https://stream1.freetv.fun/jing-tian-zi-xun-2.m3u8
靖天资讯,https://stream1.freetv.fun/jing-tian-zi-xun-3.m3u8
靖天资讯,https://stream1.freetv.fun/jing-tian-zi-xun-5.m3u8
CHC家庭影院,http://z.b.bkpcp.top/m.php?id=chcjtyy
CHC家庭影院,http://gat.bkpcp.top/ymg.php?id=jtyy
CHC家庭影院,http://goo.bkpcp.top/mg/jtyy
CHC家庭影院,http://z.b.bkpcp.top/m.php?id=jtyy
CHC家庭影院,http://[2409:8087:4c0a:22:1::11]:6410/170000001115/UmaiCHAN63807601b19dd/index.m3u8?m3u8_level=2
CHC家庭影院,http://eastscreen.tv/ooooo.php
CHC家庭影院,https://www.freetv.top/migu/644368373.m3u8?migutoken=b9d9d0ba0208e949cf0736455b86290b2d1d2ff4727f523b7117dde6eb883cb4582c5ce1519685e57d54bfb562057c10a00dde58bb674d8600fd2d918b8cb440294e083e7b8f19e0dbcc9250d8
CHC家庭影院,https://stream1.freetv.fun/chcjia-ting-ying-yuan-1.ctv
CHC家庭影院,https://stream1.freetv.fun/chcjia-ting-ying-yuan-15.ctv
CHC家庭影院,https://stream1.freetv.fun/chcjia-ting-ying-yuan-9.ctv
CHC动作电影,http://z.b.bkpcp.top/m.php
CHC动作电影,http://goo.bkpcp.top/mg/dzdy
CHC动作电影,http://z.b.bkpcp.top/m.php?id=dzdy
CHC动作电影,http://[2409:8087:8:21::18]:6610/otttv.bj.chinamobile.com/PLTV/88888888/224/3221226329/1.m3u8
CHC动作电影,http://[2409:8087:1a01:df::4021]:80/TVOD/88888888/224/3221225555/main.m3u8
CHC动作电影,http://[2409:8087:4c0a:22:1::11]:6410/170000001115/UmaiCHAN6380763222d00/index.m3u8?m3u8_level=2
CHC动作电影,http://[2409:8087:3c02:0021:0000:0001:0000:100a]:6410/shandong_cabletv.live.zte.com////CHANNEL00002030/index.m3u8?IASHttpSessionId=
CHC动作电影,http://data.3g.yy.com/live/hls/1382735573/1382735573
CHC动作电影,https://www.freetv.top/migu/644368714.m3u8?migutoken=2e48d18419793654f347e8ca29e0028ce9f3eaaa7a108b006304178b8f790f34908f8a09bbb8f4b8b8abcf36e2341f1043dde8719cf4927fcd0dcde4667f8b91e68e820314791d9b70452862c9
CHC动作电影,https://stream1.freetv.fun/chcdong-zuo-dian-ying-4.ctv
CHC高清电影,http://183.237.95.108:9901/tsfile/live/1008_1.m3u8?key=txiptv&playlive=0&authid=0
CHC高清电影,http://dassby.qqff.top:99/live/CHC高清/index.m3u8
CHC高清电影,rtsp://115.153.247.80/PLTV/88888888/224/3221226990/86128784.smil
CHC高清电影,rtsp://115.153.230.145/PLTV/88888888/224/3221226990/86128784.smil
CHC高清电影,rtsp://115.153.222.112:554/PLTV/88888888/224/3221226990/86128784.smil
淘剧场,http://[2409:8087:1:20:20::26]/otttv.bj.chinamobile.com/PLTV/88888888/224/3221226553/1.m3u8?GuardEncType=2&accountinfo=%7E%7EV2.0%7EQaJ92NID2SpQlY6_VJVogg%7E_eNUbgU9sJGUcVVduOMKhafLvQUgE_zlz_7pvDimJNOuQYJeiYEeFWTkFfE86Vq-%2CEND
淘剧场,http://dsj.motem.top:8880/bptv/10000100000000050000000003887497.m3u8
淘剧场,http://missyao.com:35455/bptv/10000100000000050000000003887497.m3u8
淘剧场,http://zjzcf.synology.me:35455/bptv/10000100000000050000000003887497.m3u8
淘剧场,http://iptv.666230.xyz/iptv/bjyd.php/6553
淘娱乐,http://[2409:8087:1:20:20::2c]/otttv.bj.chinamobile.com/PLTV/88888888/224/3221226551/1.m3u8?GuardEncType=2&accountinfo=%7E%7EV2.0%7Ex0efg9fpenP8E8lWJUb5Lg%7E_eNUbgU9sJGUcVVduOMKhafLvQUgE_zlz_7pvDimJNNg3bzRax0E9tLmO9xgXVx8%2CEND
淘娱乐,http://dsj.motem.top:8880/bptv/10000100000000050000000003887499.m3u8
淘娱乐,http://missyao.com:35455/bptv/10000100000000050000000003887499.m3u8
淘娱乐,http://zjzcf.synology.me:35455/bptv/10000100000000050000000003887499.m3u8
淘娱乐,http://iptv.666230.xyz/iptv/bjyd.php/6551
淘电影,http://[2409:8087:1:20:20::26]/otttv.bj.chinamobile.com/PLTV/88888888/224/3221226552/1.m3u8?GuardEncType=2&accountinfo=%7E%7EV2.0%7EXOsrWMA-UCdUl1hQSR9EKw%7E_eNUbgU9sJGUcVVduOMKhafLvQUgE_zlz_7pvDimJNNg3bzRax0E9tLmO9xgXVx8%2CEND
淘电影,http://dsj.motem.top:8880/bptv/10000100000000050000000003887498.m3u8
淘电影,http://yc.myds.me:35455/bptv/10000100000000050000000003887498.m3u8
淘电影,https://stream1.freetv.fun/tao-dian-ying-3.ctv
淘电影,https://stream1.freetv.fun/tao-dian-ying-8.ctv
淘电影,https://stream1.freetv.fun/tao-dian-ying-15.ctv
淘电影,https://stream1.freetv.fun/tao-dian-ying-7.ctv
淘电影,https://stream1.freetv.fun/tao-dian-ying-7.m3u8
淘电影,https://stream1.freetv.fun/tao-dian-ying-6.ctv
淘电影,https://stream1.freetv.fun/tao-dian-ying-2.ctv
NewTV惊悚悬疑,http://php.jdshipin.com/TVOD/hnyd.php?id=200000001898/460000089800010077
NewTV惊悚悬疑,http://[2409:8087:5e00:24::2d]:6610/000000001000/1/1000000004000024282/index.m3u8?channel-id=ystenlive&Contentid=1000000004000024282&livemode=1&stbId=YanG-1989
NewTV惊悚悬疑,http://[2409:8087:1a0b:df::4002]:80/ottrrs.hl.chinamobile.com/TVOD/88888888/224/3221225665/index.m3u8
NewTV惊悚悬疑,http://ottrrs.hl.chinamobile.com/PLTV/88888888/224/3221225665/index.m3u8
NewTV惊悚悬疑,http://[2409:8087:2001:20:2800:0:df6e:eb18]/wh7f454c46tw2482771376_951312812/ott.mobaibox.com/PLTV/3/224/3221227536/index.m3u8
NewTV惊悚悬疑,http://iptv.666230.xyz/iptv/bjyd.php/7013
NewTV惊悚悬疑,https://iptv.catvod.com/live.php?id=NewTV%E6%83%8A%E6%82%9A%E6%82%AC%E7%96%91
NewTV惊悚悬疑,http://ott.mobaibox.com/PLTV/3/224/3221227536/index.m3u8
NewTV惊悚悬疑,http://hwltc.tv.cdn.zj.chinamobile.com/PLTV/88888888/224/3221236223/index.m3u8
NewTV动作电影,http://php.jdshipin.com/TVOD/hnyd.php?id=200000001898/460000089800010003
NewTV动作电影,https://iptv.catvod.com/live.php?id=NewTV%E5%8A%A8%E4%BD%9C%E7%94%B5%E5%BD%B1
NewTV动作电影,http://ott.mobaibox.com/PLTV/3/224/3221227606/index.m3u8
黑莓电影,http://php.jdshipin.com/TVOD/hnyd.php?id=200000001898/460000089800010073
黑莓电影,https://epg.pw/stream/ffcb6572863f0745a7369fbd9d901f1dfd0ab8fab8bad8bebb4e01c90b303c47.m3u8
黑莓电影,http://[2409:8087:8:21::18]:6610/otttv.bj.chinamobile.com/PLTV/88888888/224/3221226939/1.m3u8
黑莓电影,http://[2409:8087:1a01:df::4001]:80/TVOD/88888888/224/3221225681/main.m3u8
黑莓电影,http://[2409:8087:1a01:df::4077]:80/ottrrs.hl.chinamobile.com/PLTV/88888888/224/3221225666/index.m3u8
黑莓电影,http://[2409:8087:2001:20:2800:0:df6e:eb08]/ott.mobaibox.com/PLTV/3/224/3221227520/index.m3u8
黑莓电影,http://[2409:8087:1:20:20::27]/otttv.bj.chinamobile.com/PLTV/88888888/224/3221226939/1.m3u8
黑莓电影,http://[2409:8087:3869:8021:1001::e5]:6610/PLTV/88888888/224/3221225764/2/index.m3u8
黑莓电影,http://[2409:8087:3869:8021:1001::e5]:6610/PLTV/88888888/224/3221225769/2/index.m3u8
黑莓电影,https://fenghuang.tv12.xyz/29.m3u8
纬来电影,http://bxtv.3a.ink/api.php?id=wldy
纬来电影,https://stream1.freetv.fun/wei-lai-dian-ying-1.m3u8
纬来电影,https://hls-gateway.vpstv.net/streams/477063.m3u8
纬来电影,https://smart.pendy.dpdns.org/Smart.php?id=videolandmovie
纬来电影,http://pullpackage.alivecdn.com/live/LIjQbqWr0oCfwR6SjWMVXyUh5m1qsJgqORFprvbBloK6NfqVBD.flv
纬来电影,https://live.catvod.com/catvod_com.php?id=videolandmovie
纬来电影,https://smt.iktv.ddns-ip.net/Smart.php?id=videolandmovie
纬来电影,http://live.catvod.com/smart.php?id=videolandmovie
纬来电影,https://live.catvod.com/live.php?id=videolandmovie&token=a76bdc035b650a1c05ec1f7fb9f26ae2f5af7dd30a77937811b00e06d85b6954%3A1760491003%3ANTIuMTUwLjI5Ljk4
纬来电影,https://stream1.freetv.fun/wei-lai-dian-ying-3.m3u8
靖天映画,https://hls-gateway.vpstv.net/streams/476302.m3u8
靖天映画,http://pullpackage.alivecdn.com/live/hTZYTLKukHNqDnshCwsOBdnFoZs5a4UeCJ396iYBSzJGOEv6kg.flv
靖天映画,http://breezy-audrie-zspace-7524863c.koyeb.app/vipsir?token=leifeng&id=4gtv-4gtv055
靖天映画,https://4gtv.dxjc.pp.ua/li-4gtv-4gtv055/index.m3u8
靖天映画,https://4gtv.dxjc.pp.ua/4gtv-4gtv055/index.m3u8
靖天映画,https://mao.ffmking888.dpdns.org/?id=6Z2W5aSp5pig55Wr&auth=30234cedf871581989d3c91a3daec1e9f50e024aafcfa2247e7d44d91bb8d02fbc3f571b2d67f9d82642cc1d0f133d89
靖天映画,https://tmxk.pp.ua/litv.php?token=tmxk&id=4gtv-4gtv055
靖天映画,https://cdn12.178.indevs.in/163189/bd4752bd7828b2bf
靖天映画,https://litv.tzh911.qzz.io/litv.php?id=4gtv-4gtv055&token=https://t.me/GPT_858
靖天戏剧,http://serv00.bkpcp.top/litv3.php?id=4gtv-4gtv058
靖天戏剧,http://pullpackage.alivecdn.com/live/pU4fD0cP0dx6iXknYRcEzuZOQ6P6z5FsZ9KvAOPGsBry6iYBSe.flv
靖天戏剧,https://stream1.freetv.fun/jing-tian-xi-ju-4.ctv
靖天戏剧,http://breezy-audrie-zspace-7524863c.koyeb.app/vipsir?token=leifeng&id=4gtv-4gtv058
靖天戏剧,https://mao.ffmking888.dpdns.org/?id=6Z2W5aSp5oiy5YqH5Yaw&auth=30234cedf871581989d3c91a3daec1e9f50e024aafcfa2247e7d44d91bb8d02fbc3f571b2d67f9d82642cc1d0f133d89
靖天戏剧,https://tmxk.pp.ua/litv.php?token=tmxk&id=4gtv-4gtv058
靖天戏剧,https://stream1.freetv.fun/jing-tian-xi-ju-1.m3u8
靖天戏剧,https://stream1.freetv.fun/jing-tian-xi-ju-3.m3u8
靖天戏剧,https://stream1.freetv.fun/jing-tian-xi-ju-4.m3u8
靖天戏剧,https://stream1.freetv.fun/jing-tian-xi-ju-5.m3u8
经典电影,http://goo.bkpcp.top/mg/jdxgdy
经典电影,https://tv.iill.top/4gtv/201
经典电影,https://stream1.freetv.fun/jing-dian-dian-ying-2.ctv
经典电影,https://stream1.freetv.fun/jing-dian-dian-ying-9.ctv
经典电影,https://stream1.freetv.fun/jing-dian-dian-ying-8.ctv
经典电影,https://stream1.freetv.fun/jing-dian-dian-ying-15.ctv
经典电影,https://stream1.freetv.fun/jing-dian-dian-ying-1.ctv
经典电影,https://mursor.ottiptv.cc/bilibili/1777481601
经典电影,https://yylunbo.ottiptv.cc/yy/1414812324
IPTV经典电影,http://183.220.107.138:4022/rtp/239.10.0.122:5140
天映经典,https://stream1.freetv.fun/tian-ying-jing-dian-5.m3u8
天映经典,https://migu.188766.xyz/?migutoken=3637f4ae3861b554c9b368728cc8b391&id=Celestial2&type=dy
天映经典,http://php.jdshipin.com/smt.php?id=Celestial2
天映经典,https://hls-gateway.vpstv.net/streams/709488.m3u8
天映经典,https://epg.pw/stream/cb817875cf26eb683af274dd8cdf7f559a71353d9565c32447c8d98894bc8095.ctv
天映经典,http://tl.061833.xyz/tl/null-1
天映经典,http://frus7.jdiptv.cc/live/xgtyjdgy.m3u8kdstime=1743869071&kdssign=3f092afa312e4f7baae83a964e07bf1a
天映经典,https://smt.1789.dpdns.org/smt3.2.1.php?id=Celestial2
天映经典,https://100.061833.xyz/stream/mytv/null-1/stream.m3u8?uid=3291919010&u=rty789&p=29624e2e4c4ccee26ed8f3e0ca1012ea57a8f2191be6149f632250f7036119cc
天映经典,https://cdn9.163189.xyz/smt1.1.php?id=Celestial2
无线星河,http://php.jdshipin.com/smt.php?id=Xinhe
无线星河,http://php.jdshipin.com:8880/TVOD/iptv.php?id=xinghe
无线星河,http://v2h.jdshipin.com/xinghe_1/xinghe_1.stream/chunklist_w106.m3u8
无线星河,http://tl.061833.xyz/tl/null-7
无线星河,https://cdn6.101.qzz.io/163189/tvbxh
无线星河,https://smt.1678520.xyz/smt3.2.1.php?id=Xinhe
无线星河,https://cdn9.163189.xyz/smt1.1.php?id=Xinhe
无线星河,https://cdn9.163189.xyz/smt3.1.1.php?id=Xinhe
无线星河,https://cdn6.163189.xyz/163189/tvbxh
星空卫视,https://stream1.freetv.fun/xing-kong-wei-shi-12.m3u8
星空卫视,https://stream1.freetv.fun/xing-kong-wei-shi-4.ctv
星空卫视,https://stream1.freetv.fun/xing-kong-wei-shi-11.m3u8
星空卫视,https://stream1.freetv.fun/xing-kong-wei-shi-10.m3u8
星空卫视,https://stream1.freetv.fun/xing-kong-wei-shi-6.ctv
星空卫视,https://stream1.freetv.fun/xing-kong-wei-shi-11.ctv
星空卫视,https://t.freetv.fun/live/xing-kong-wei-shi-1.m3u8
东森电影,http://mytv.cdn.com.mp/live/dsdy/stream.m3u8
东森电影,https://smart.pendy.dpdns.org/Smart.php?id=ettvmovie
东森电影,https://stream1.freetv.fun/dong-sen-dian-ying-6.ctv
东森电影,https://stream1.freetv.fun/dong-sen-dian-ying-8.ctv
东森电影,https://hls-gateway.vpstv.net/streams/476995.m3u8
东森电影,http://bxtv.3a.ink/api.php?id=dsdy
龙祥电影,https://smt.858.qzz.io/Smart.php?id=lungxiangtime_twn
龙祥电影,https://smt.go-iptv.ggff.net/smart.php?id=lungxiangtime_twn&token=Goiptv
东森洋片,https://stream1.freetv.fun/dong-sen-yang-pian-3.m3u8
东森洋片,http://s1.an94tv.cfd/aktv2/CH-2/AKTV.m3u8
东森洋片,https://hls-gateway.vpstv.net/streams/476997.m3u8
东森洋片,http://pullpackage.alivecdn.com/live/kik9tNVo2R9KMDD687bFX3vtLMD4Lwg69y94g8XKH40P1BOa5U.flv
东森洋片,https://live.catvod.com/catvod_com.php?id=ettvwestern
东森洋片,http://live.catvod.com/smart.php?id=ettvwestern
东森洋片,https://live.catvod.com/live.php?id=ettvwestern&token=db68a5975c00457036c2ee06023e5d93b4c5269f73044bec1cbfb813b47bf10a%3A1760491003%3ANTIuMTUwLjI5Ljk4
东森洋片,https://live.catvod.com/live.php?id=ettvwestern&token=26c45d6636a1192c92dd36198e022f2af4d26b0204f907d6765bdfafcf964f04%3A1761182302%3ANTIuMjM0LjQzLjE3Nw%3D%3D
东森洋片,https://live.catvod.com/live.php?id=ettvwestern&token=5e2cbbb7deb7d1b42f976b2d848ee5da6d09fa84744e0c7aaadd7dbe6ea33dca%3A1761268460%3AMTcyLjIwMC4xODMuMjQx
东森洋片,https://live.catvod.com/live.php?id=ettvwestern&token=7a1dc1e6237e4ed3ae8eef643c4953ed6df66654452a4df6f1cbc679a2801da6%3A1762132943%3AMTcyLjIxNC40Ny41MA%3D%3D
东森超视,https://stream1.freetv.fun/dong-sen-chao-shi-4.m3u8
东森超视,https://smart.pendy.dpdns.org/Smart.php?id=ettvsuper
东森超视,https://stream1.freetv.fun/dong-sen-chao-shi-2.m3u8
东森超视,https://stream1.freetv.fun/dong-sen-chao-shi-7.ctv
东森超视,https://stream1.freetv.fun/dong-sen-chao-shi-8.m3u8
东森超视,https://stream1.freetv.fun/dong-sen-chao-shi-9.m3u8
东森超视,https://stream1.freetv.fun/dong-sen-chao-shi-8.ctv
东森超视,https://stream1.freetv.fun/dong-sen-chao-shi-2.ctv
东森超视,https://stream1.freetv.fun/dong-sen-chao-shi-6.ctv
东森超视,https://hls-gateway.vpstv.net/streams/476234.m3u8
咪咕直播2,http://[2409:8087:5e00:24::2d]:6610/000000001000/1/3000000001000005969/index.m3u8?channel-id=FifastbLive&Contentid=3000000001000005969&livemode=1&stbId=YanG-1989
咪咕直播3,http://[2409:8087:5e00:24::2d]:6610/000000001000/1/3000000001000007218/index.m3u8?channel-id=FifastbLive&Contentid=3000000001000007218&livemode=1&stbId=YanG-1989
咪咕直播4,http://[2409:8087:5e00:24::2d]:6610/000000001000/1/3000000001000008001/index.m3u8?channel-id=FifastbLive&Contentid=3000000001000008001&livemode=1&stbId=YanG-1989
咪咕直播5,http://[2409:8087:5e00:24::2d]:6610/000000001000/1/3000000001000008176/index.m3u8?channel-id=FifastbLive&Contentid=3000000001000008176&livemode=1&stbId=YanG-1989
咪咕直播6,http://[2409:8087:5e00:24::2d]:6610/000000001000/1/3000000001000008379/index.m3u8?channel-id=FifastbLive&Contentid=3000000001000008379&livemode=1&stbId=YanG-1989
咪咕直播7,http://[2409:8087:5e00:24::2d]:6610/000000001000/1/3000000001000010129/index.m3u8?channel-id=FifastbLive&Contentid=3000000001000010129&livemode=1&stbId=YanG-1989
咪咕直播8,http://[2409:8087:5e00:24::2d]:6610/000000001000/1/3000000001000010948/index.m3u8?channel-id=FifastbLive&Contentid=3000000001000010948&livemode=1&stbId=YanG-1989
咪咕直播9,http://[2409:8087:5e00:24::2d]:6610/000000001000/1/3000000001000028638/index.m3u8?channel-id=FifastbLive&Contentid=3000000001000028638&livemode=1&stbId=YanG-1989
咪咕直播10,http://[2409:8087:5e00:24::2d]:6610/000000001000/1/3000000001000031494/index.m3u8?channel-id=FifastbLive&Contentid=3000000001000031494&livemode=1&stbId=YanG-1989
咪咕直播11,http://[2409:8087:5e00:24::2d]:6610/000000001000/1/3000000010000000097/index.m3u8?channel-id=FifastbLive&Contentid=3000000010000000097&livemode=1&stbId=YanG-1989
咪咕直播12,http://[2409:8087:5e00:24::2d]:6610/000000001000/1/3000000010000002019/index.m3u8?channel-id=FifastbLive&Contentid=3000000010000002019&livemode=1&stbId=YanG-1989
咪咕直播13,http://[2409:8087:5e00:24::2d]:6610/000000001000/1/3000000010000002809/index.m3u8?channel-id=FifastbLive&Contentid=3000000010000002809&livemode=1&stbId=YanG-1989
咪咕直播14,http://[2409:8087:5e00:24::2d]:6610/000000001000/1/3000000010000003915/index.m3u8?channel-id=FifastbLive&Contentid=3000000010000003915&livemode=1&stbId=YanG-1989
咪咕直播15,http://[2409:8087:5e00:24::2d]:6610/000000001000/1/3000000010000004193/index.m3u8?channel-id=FifastbLive&Contentid=3000000010000004193&livemode=1&stbId=YanG-1989
咪咕直播16,http://[2409:8087:5e00:24::2d]:6610/000000001000/1/3000000010000005837/index.m3u8?channel-id=FifastbLive&Contentid=3000000010000005837&livemode=1&stbId=YanG-1989
咪咕直播17,http://[2409:8087:5e00:24::2d]:6610/000000001000/1/3000000010000006077/index.m3u8?channel-id=FifastbLive&Contentid=3000000010000006077&livemode=1&stbId=YanG-1989
咪咕直播18,http://[2409:8087:5e00:24::2d]:6610/000000001000/1/3000000010000006658/index.m3u8?channel-id=FifastbLive&Contentid=3000000010000006658&livemode=1&stbId=YanG-1989
咪咕直播19,http://[2409:8087:5e00:24::2d]:6610/000000001000/1/3000000010000009788/index.m3u8?channel-id=FifastbLive&Contentid=3000000010000009788&livemode=1&stbId=YanG-1989
咪咕直播20,http://[2409:8087:5e00:24::2d]:6610/000000001000/1/3000000010000010833/index.m3u8?channel-id=FifastbLive&Contentid=3000000010000010833&livemode=1&stbId=YanG-1989
咪咕直播21,http://[2409:8087:5e00:24::2d]:6610/000000001000/1/3000000010000011297/index.m3u8?channel-id=FifastbLive&Contentid=3000000010000011297&livemode=1&stbId=YanG-1989
咪咕直播22,http://[2409:8087:5e00:24::2d]:6610/000000001000/1/3000000010000011518/index.m3u8?channel-id=FifastbLive&Contentid=3000000010000011518&livemode=1&stbId=YanG-1989
咪咕直播23,http://[2409:8087:5e00:24::2d]:6610/000000001000/1/3000000010000012558/index.m3u8?channel-id=FifastbLive&Contentid=3000000010000012558&livemode=1&stbId=YanG-1989
咪咕直播24,http://[2409:8087:5e00:24::2d]:6610/000000001000/1/3000000010000012616/index.m3u8?channel-id=FifastbLive&Contentid=3000000010000012616&livemode=1&stbId=YanG-1989
咪咕直播25,http://[2409:8087:5e00:24::2d]:6610/000000001000/1/3000000010000015470/index.m3u8?channel-id=FifastbLive&Contentid=3000000010000015470&livemode=1&stbId=YanG-1989
咪咕直播26,http://[2409:8087:5e00:24::2d]:6610/000000001000/1/3000000010000015560/index.m3u8?channel-id=FifastbLive&Contentid=3000000010000015560&livemode=1&stbId=YanG-1989
咪咕直播27,http://[2409:8087:5e00:24::2d]:6610/000000001000/1/3000000010000017678/index.m3u8?channel-id=FifastbLive&Contentid=3000000010000017678&livemode=1&stbId=YanG-1989
咪咕直播28,http://[2409:8087:5e00:24::2d]:6610/000000001000/1/3000000010000019839/index.m3u8?channel-id=FifastbLive&Contentid=3000000010000019839&livemode=1&stbId=YanG-1989
咪咕直播29,http://[2409:8087:5e00:24::2d]:6610/000000001000/1/3000000010000021904/index.m3u8?channel-id=FifastbLive&Contentid=3000000010000021904&livemode=1&stbId=YanG-1989
咪咕直播30,http://[2409:8087:5e00:24::2d]:6610/000000001000/1/3000000010000023434/index.m3u8?channel-id=FifastbLive&Contentid=3000000010000023434&livemode=1&stbId=YanG-1989
咪咕直播31,http://[2409:8087:5e00:24::2d]:6610/000000001000/1/3000000010000025380/index.m3u8?channel-id=FifastbLive&Contentid=3000000010000025380&livemode=1&stbId=YanG-1989
咪咕直播32,http://[2409:8087:5e00:24::2d]:6610/000000001000/1/3000000010000027691/index.m3u8?channel-id=FifastbLive&Contentid=3000000010000027691&livemode=1&stbId=YanG-1989
咪咕直播33,http://[2409:8087:5e00:24::2d]:6610/000000001000/1/3000000010000031669/index.m3u8?channel-id=FifastbLive&Contentid=3000000010000031669&livemode=1&stbId=YanG-1989
咪咕直播34,http://[2409:8087:5e00:24::2d]:6610/000000001000/1/3000000020000011518/index.m3u8?channel-id=FifastbLive&Contentid=3000000020000011518&livemode=1&stbId=YanG-1989
咪咕直播35,http://[2409:8087:5e00:24::2d]:6610/000000001000/1/3000000020000011519/index.m3u8?channel-id=FifastbLive&Contentid=3000000020000011519&livemode=1&stbId=YanG-1989
咪咕直播36,http://[2409:8087:5e00:24::2d]:6610/000000001000/1/3000000020000011520/index.m3u8?channel-id=FifastbLive&Contentid=3000000020000011520&livemode=1&stbId=YanG-1989
咪咕直播37,http://[2409:8087:5e00:24::2d]:6610/000000001000/1/3000000020000011521/index.m3u8?channel-id=FifastbLive&Contentid=3000000020000011521&livemode=1&stbId=YanG-1989
咪咕直播38,http://[2409:8087:5e00:24::2d]:6610/000000001000/1/3000000020000011522/index.m3u8?channel-id=FifastbLive&Contentid=3000000020000011522&livemode=1&stbId=YanG-1989
纬来体育,https://stream1.freetv.fun/wei-lai-ti-yu-9.ctv
纬来体育,https://smart.pendy.dpdns.org/Smart.php?id=videolandsport
纬来体育,https://epg.pw/stream/8855a9936e37e608a0ec8a014cce1673dee9c5d68d560da376cc92e5edef2b25.m3u8
纬来体育,https://epg.pw/stream/ab6df63b64d0cc44a1f4f029ed847a26fa54a7aebd455578fb05a63f02c22f4b.m3u8
纬来体育,https://epg.pw/stream/4f18dfe0593db5c686eb64ae8edaf2a9202d4d46bdc9bbde2cee27708e12ea01.m3u8
纬来体育,http://s1.an94tv.cfd/aktv2/CH-0/AKTV.m3u8
纬来体育,https://hls-gateway.vpstv.net/streams/477026.m3u8
纬来体育,http://bxtv.3a.ink/api.php?id=wlty
五星体育,http://[2409:8087:1e03:21::42]:6610/cms001/ch00000090990000001018/index.m3u8
五星体育,https://stream1.freetv.fun/ipv6-wu-xing-ti-yu-7.m3u8
五星体育,https://stream1.freetv.fun/wu-xing-ti-yu-15.m3u8
五星体育,https://stream1.freetv.fun/wu-xing-ti-yu-3.m3u8
五星体育,https://stream1.freetv.fun/wu-xing-ti-yu-7.m3u8
五星体育,https://stream1.freetv.fun/wu-xing-ti-yu-2.m3u8
五星体育,https://stream1.freetv.fun/wu-xing-ti-yu-10.m3u8
五星体育,https://stream1.freetv.fun/ipv6-wu-xing-ti-yu-2.m3u8
五星体育,https://stream1.freetv.fun/wu-xing-ti-yu-9.m3u8
五星体育,https://stream1.freetv.fun/wu-xing-ti-yu-4.m3u8
劲爆体育,http://php.jdshipin.com/itv6s.php?cid=hnbblive&id=2000000002000000008
劲爆体育,http://z.b.bkpcp.top/m.php?id=jbty
劲爆体育,http://goo.bkpcp.top/mg/jbty
劲爆体育,https://www.freetv.top/migu/796071336.m3u8?migutoken=1cc947d86cb584c31c31c88c005d55965238dbfff7ed75fca8451aed0b564786fde7e4b327e93b92dc96ef57e64e3bb56e8a9e921338080cdae817cb6125d8450b687659ecfee06be9c5d53ac6
劲爆体育,https://www.freetv.top/migu/796071336.m3u8?migutoken=05144ee4526abc2f6a8d44a41f9e078ef10c1a9f8930d51d7f453315d3577b613eac76898b1e0965789f7010cd3f8a1bca3167ef6e625cb77fc2c575eec35c8d07aaff61dc4b79f75fc67ef667
劲爆体育,https://live.goodiptv.club/api/yqgd.php?id=jbtyhd
劲爆体育,https://live.v1.mk/api/ghyx.php?id=JinBaoTiYuHD_6000
劲爆体育,https://live.v1.mk/api/bestv.php?id=jbtyhd8m/8000000
爱体育,http://php.jdshipin.com:8880/itv6s.php?cid=wasusyt&id=6000000006000290630
爱体育,http://[2409:8087:5e08:24::11]:6610/000000001000/2000000004000000060/index.m3u8
爱体育,http://[2409:8087:5e08:24::17]:6610/000000001000/2000000004000000060/index.m3u8
爱体育,http://[2409:8087:5e08:24::12]:6610/000000001000/2000000004000000000/index.m3u8
爱体育,http://hwltc.tv.cdn.zj.chinamobile.com/PLTV/88888888/224/3221230103/index.m3u8
超级体育,http://[2409:8087:8:21::18]:6610/otttv.bj.chinamobile.com/PLTV/88888888/224/3221226232/1.m3u8
超级体育,http://[2409:8087:1a01:df::7005]:80/ottrrs.hl.chinamobile.com/TVOD/88888888/224/3221225715/index.m3u8
超级体育,http://[2409:8087:8:21::18]:6610/otttv.bj.chinamobile.com/PLTV/88888888/224/3221226348/1.m3u8
超级体育,http://yc.myds.me:35455/itv/1000000001000009601.m3u8?cdn=ystenlive
超级体育,http://[2409:8087:1a01:df::7005]:80/ottrrs.hl.chinamobile.com/PLTV/88888888/224/3221225715/index.m3u8
超级体育,http://[2409:8087:3869:8021:1001::e5]:6610/PLTV/88888888/224/3221225622/2/index.m3u8
超级体育,http://[2409:8087:5e00:24::1e]:6060/200000001898/460000089800010063/1.m3u8
精品体育,https://epg.pw/stream/f7556eccd4ae06b0c2991fdc7a4f8388496559f728cc82459a8e50346040e226.m3u8
精品体育,https://epg.pw/stream/94ed0232b61ce8d89883160a4cdfbfc8f3225cae70ef8e17d93eec249a3c8ad6.m3u8
精品体育,https://epg.pw/stream/866a097a0907c9832440f8df38272dd555abf05200dfbafcc137e214c9b30ca7.m3u8
精品体育,http://[2409:8087:8:21::18]:6610/otttv.bj.chinamobile.com/PLTV/88888888/224/3221226328/1.m3u8
精品体育,http://[2409:8087:3869:8021:1001::e5]:6610/PLTV/88888888/224/3221225709/2/index.m3u8
精品体育,http://[2409:8087:1a15:10d1::38]/ottrrs.hl.chinamobile.com/PLTV/88888888/224/3221225674/index.m3u8
精品体育,http://[2409:8087:5e00:24::1e]:6060/200000001898/460000089800010078/1.m3u8
辽宁体育,https://stream1.freetv.fun/liao-zhu-ti-yu-5.m3u8
辽宁体育,https://stream1.freetv.fun/liao-zhu-ti-yu-3.m3u8
山东体育,https://stream1.freetv.fun/shan-dong-ti-yu-8.m3u8
山东体育,https://stream1.freetv.fun/shan-dong-ti-yu-19.m3u8
山东体育,https://stream1.freetv.fun/shan-dong-ti-yu-4.m3u8
山东体育,http://livealone302.iqilu.com/iqilu/typd.m3u8
山东体育,https://stream1.freetv.fun/shan-dong-ti-yu-7.m3u8
山东体育,https://stream1.freetv.fun/shan-dong-ti-yu-6.m3u8
山东体育,https://stream1.freetv.fun/shan-dong-ti-yu-3.m3u8
山东体育,https://stream1.freetv.fun/shan-dong-ti-yu-9.m3u8
山东体育,https://stream1.freetv.fun/shan-dong-ti-yu-5.m3u8
山东体育,https://stream1.freetv.fun/shan-dong-ti-yu-2.m3u8
天津体育,http://63.141.230.178:82/gslb/zbdq5.m3u8?id=tjtv5
天津体育,http://38.75.136.137:98/gslb/dsdqpub/tjtv5.m3u8?auth=testpub
天津体育,http://ak.cj022.com:10080/hls/6/index.m3u8
江苏体育,https://migu.188766.xyz/?migutoken=77969fb082a75b798578427f3570edd2&id=%E4%BD%93%E8%82%B2%E4%BC%91%E9%97%B2%E9%A2%91%E9%81%93&type=yy
江苏体育,https://migu.188766.xyz/?migutoken=90d4e3f3f8a5288cc5aac4a92021e341&id=%E4%BD%93%E8%82%B2%E4%BC%91%E9%97%B2%E9%A2%91%E9%81%93&type=yy
江苏体育,https://migu.188766.xyz/?migutoken=af50fdc5b09032a97cf990bd6f36aef2&id=%E4%BD%93%E8%82%B2%E4%BC%91%E9%97%B2%E9%A2%91%E9%81%93&type=yy
江苏体育,https://migu.188766.xyz/?migutoken=25d75081796a390b82f0299988e556ac&id=%E4%BD%93%E8%82%B2%E4%BC%91%E9%97%B2%E9%A2%91%E9%81%93&type=yy
江苏体育,https://migu.188766.xyz/?migutoken=721cd3a9b6d2cd1a0e378a6a68ae2702&id=%E4%BD%93%E8%82%B2%E4%BC%91%E9%97%B2%E9%A2%91%E9%81%93&type=yy
江苏体育,https://migu.188766.xyz/?migutoken=e37f9d8dbdb18b5cdfd250b672323263&id=%E4%BD%93%E8%82%B2%E4%BC%91%E9%97%B2%E9%A2%91%E9%81%93&type=yy
江苏体育,https://stream1.freetv.fun/jiang-su-ti-yu-1.ctv
江苏体育,https://migu.188766.xyz/?migutoken=e7cad15a67e285fc33476bc66661384a&id=%E4%BD%93%E8%82%B2%E4%BC%91%E9%97%B2%E9%A2%91%E9%81%93&type=yy
江苏体育,https://stream1.freetv.fun/jiang-su-ti-yu-4.ctv
江苏体育,https://migu.188766.xyz/?migutoken=0a9b4a5bbdea61549a458d098b7c5096&id=%E4%BD%93%E8%82%B2%E4%BC%91%E9%97%B2%E9%A2%91%E9%81%93&type=yy
安徽综艺体育,https://live.lalifeier.eu.org/ahtv/ahzyty.m3u8?t=1745774515&key=27009aec794adc785b22478c5aa2ae16
安徽综艺体育,https://live.lalifeier.eu.org/ahtv/ahzyty.m3u8?t=1746292937&key=940b0f98a121c28884c74971efaac4de
安徽综艺体育,https://live.lalifeier.eu.org/ahtv/ahzyty.m3u8?t=1746307365&key=6b104d1fc66c5b34b63d0e19c627e0f9
安徽综艺体育,https://stream1.freetv.fun/an-hui-zong-yi-ti-yu-4.ctv
安徽综艺体育,https://stream1.freetv.fun/an-hui-zong-yi-ti-yu-8.m3u8
睛彩篮球,http://[2409:8087:1a01:df::4055]:80/TVOD/88888888/224/3221225901/main.m3u8
睛彩篮球,http://[2409:8087:1a15:10d1::33]/ottrrs.hl.chinamobile.com/PLTV/88888888/224/3221226469/index.m3u8
睛彩广场舞,http://dsj.motem.top:8880/itv/3000000020000011523.m3u8?cdn=FifastbLive
睛彩广场舞,http://13937899.xyz:35455/itv/3000000020000011523.m3u8?cdn=FifastbLive
睛彩广场舞,http://missyao.com:35455/itv/3000000020000011523.m3u8?cdn=FifastbLive
睛彩广场舞,http://zjzcf.synology.me:35455/itv/3000000020000011523.m3u8?cdn=FifastbLive
睛彩广场舞,http://[2409:8087:1a01:df::7005]:80/ottrrs.hl.chinamobile.com/TVOD/88888888/224/3221226472/index.m3u8
睛彩广场舞,http://[2409:8087:1a15:10d1::37]/ottrrs.hl.chinamobile.com/PLTV/88888888/224/3221226472/index.m3u8
睛彩广场舞,http://[2409:8087:1e01:20::3]/PLTV/11/224/3221226139/index.m3u8
睛彩广场舞,http://[2409:8087:1e01:20::3]:80/PLTV/11/224/3221226139/index.m3u8
睛彩广场舞,https://iptv.catvod.com/live.php?id=%E7%9D%9B%E5%BD%A9%E5%B9%BF%E5%9C%BA%E8%88%9E
睛彩广场舞,http://iptv.666230.xyz/iptv/bjyd.php/6389
风云足球,https://epg.pw/stream/6d7bf281e3d739806a73f5373acaa6e01988ec9739f5ac1355ce54b47a928472.m3u8
风云足球,https://epg.pw/stream/ac8062ec9484078061d3bef507c15a423ac57ae4144e3fcc4b0a198dd420f911.m3u8
风云足球,http://[2409:8087:7001:20:2::3]/dbiptv.sn.chinamobile.com/PLTV/88888893/224/3221226984/index.m3u8
风云足球,https://live.goodiptv.club/api/yqgd.php?id=fyzq
风云足球,https://hls-gateway.vpstv.net/streams/708859.m3u8
风云足球,https://cc06.tv12.xyz/41.m3u8
风云足球,http://www.qfly9236.cn:8888/rtp/239.253.92.110:8061
魅力足球,http://z.b.bkpcp.top/m.php?id=mlzq
魅力足球,http://gat.bkpcp.top/ymg.php?id=mlzq
魅力足球,http://goo.bkpcp.top/mg/mlzq
魅力足球,https://tv.fanmingming.com/api/v6?id=mlyy
魅力足球,https://stream1.freetv.fun/mei-li-zu-qiu-1.m3u8
魅力足球,https://www.freetv.top/migu/796070308.m3u8?migutoken=0a72668399c6f96d928c0bf0adbe330bbae95b55cfc10f2da9e830e2e06051b89a0e1db847eaa61f6b897e3efcb05ecc6160c2ce3c8073fb2d90c8ed191845e1ca16f6bcd3aaa13f6538d2074d
魅力足球,https://www.freetv.top/migu/796070308.m3u8?migutoken=f4f71100ed3cd756f336e1f3b6d522c1338ee1ffd14316eea89e461d4e31e29395a265a9f1ec26b947fb0e7dc16296db47ae3bfea73caaee6901d17bfede63775878c0ab44c872939ba5b53baf
魅力足球,https://www.freetv.top/migu/796070308.m3u8?migutoken=aef1ffa947e5328dd4ec2bb318b58b674fe32113222c6c9eab78bcdc2a9f31cf142a1d60536ea5a5ee039d3753e6bd98bef238d0ba7e3af9153e765e8b77e2a8c28451355b4a426d11c5c304f8
魅力足球,https://stream1.freetv.fun/ipv6-mei-li-zu-qiu-4.m3u8
魅力足球,https://stream1.freetv.fun/mei-li-zu-qiu-4.ctv
天元围棋,https://cc06.tv12.xyz/47.m3u8
快乐垂钓,http://php.jdshipin.com/itv6.php?cid=bestzb&id=5000000011000031206
快乐垂钓,https://hls-gateway.vpstv.net/streams/708835.m3u8
快乐垂钓,https://cc06.tv12.xyz/56.m3u8
快乐垂钓,https://migu.188766.xyz/?migutoken=786b1099b98396dd627cb3dc7218143f&id=%E5%BF%AB%E4%B9%90%E5%9E%82%E9%92%93&type=yy
快乐垂钓,https://migu.188766.xyz/?migutoken=eb6bd2a86f08587ae39231c4be8be5c6&id=%E5%BF%AB%E4%B9%90%E5%9E%82%E9%92%93&type=yy
快乐垂钓,https://migu.188766.xyz/?migutoken=f3057d0e91854bca6042a309f3cb3d6f&id=%E5%BF%AB%E4%B9%90%E5%9E%82%E9%92%93&type=yy
快乐垂钓,https://migu.188766.xyz/?migutoken=544e3d34b28ff37f3c6c72cf4d8ee72b&id=%E5%BF%AB%E4%B9%90%E5%9E%82%E9%92%93&type=yy
快乐垂钓,https://migu.188766.xyz/?migutoken=103d22404add9b90cd72174eb1a0108b&id=%E5%BF%AB%E4%B9%90%E5%9E%82%E9%92%93&type=yy
快乐垂钓,https://migu.188766.xyz/?migutoken=c6b17aba558cf29b13242b5ae063e5ed&id=%E5%BF%AB%E4%B9%90%E5%9E%82%E9%92%93&type=yy
快乐垂钓,https://migu.188766.xyz/?migutoken=f4d62cd1f8775b1b837f4232f1051f36&id=%E5%BF%AB%E4%B9%90%E5%9E%82%E9%92%93&type=yy
JJ斗地主,https://live.iill.top/douyin/685317364746
卡酷动画,http://[2409:8087:1a15:10d1::33]/ottrrs.hl.chinamobile.com/PLTV/88888888/224/3221225654/index.m3u8
卡酷动画,http://[2409:8087:5e08:25::16]:6610/200000001898/460000089800010081/1.m3u8
卡酷动画,https://migu.188766.xyz/?migutoken=1023983db6b5249e61d4950c1654cd84&id=%E5%8C%97%E4%BA%AC%E5%8D%A1%E9%85%B7%E5%B0%91%E5%84%BF&type=yy
卡酷动画,https://cc06.tv12.xyz/29.m3u8
卡酷动画,https://migu.188766.xyz/?migutoken=2c51384549aec8a85219fdc0c475e40b&id=%E5%8C%97%E4%BA%AC%E5%8D%A1%E9%85%B7%E5%B0%91%E5%84%BF&type=yy
卡酷动画,https://migu.188766.xyz/?migutoken=238a8755ee64728b0980917e10720623&id=%E5%8C%97%E4%BA%AC%E5%8D%A1%E9%85%B7%E5%B0%91%E5%84%BF&type=yy
卡酷动画,https://migu.188766.xyz/?migutoken=7d1e1120b370ad3cebcef8f780c94ded&id=%E5%8C%97%E4%BA%AC%E5%8D%A1%E9%85%B7%E5%B0%91%E5%84%BF&type=yy
卡酷动画,https://migu.188766.xyz/?migutoken=64a526a2d003b13c1a2af4fd92f861f7&id=%E5%8C%97%E4%BA%AC%E5%8D%A1%E9%85%B7%E5%B0%91%E5%84%BF&type=yy
卡酷动画,https://migu.188766.xyz/?migutoken=05eaa29189c93d906e117818c1e66c0d&id=%E5%8C%97%E4%BA%AC%E5%8D%A1%E9%85%B7%E5%B0%91%E5%84%BF&type=yy
卡酷动画,https://migu.188766.xyz/?migutoken=4b5c4209ca1644d72d590d3d9f59beee&id=%E5%8C%97%E4%BA%AC%E5%8D%A1%E9%85%B7%E5%B0%91%E5%84%BF&type=yy
动漫秀场,http://php.jdshipin.com/itv6.php?cid=bestzb&id=5000000011000031113
动漫秀场,http://[2409:8087:74d9:21::6]/000000001000PLTV/88888888/224/3221226197/index.m3u8
动漫秀场,https://stream1.freetv.fun/dong-man-xiu-chang-11.m3u8
动漫秀场,https://stream1.freetv.fun/ipv6-dong-man-xiu-chang-11.m3u8
动漫秀场,https://stream1.freetv.fun/dong-man-xiu-chang-9.ctv
动漫秀场,https://stream1.freetv.fun/ipv6-dong-man-xiu-chang-9.m3u8
动漫秀场,https://stream1.freetv.fun/dong-man-xiu-chang-2.m3u8
动漫秀场,https://live.v1.mk/api/bestv.php?id=dmxc8m/8000000
动漫秀场,https://stream1.freetv.fun/dong-man-xiu-chang-12.ctv
动漫秀场,https://stream1.freetv.fun/dong-man-xiu-chang-7.m3u8
新动漫,https://tv.iill.top/migu/xdm&token=cc939526aed05a9c3f42c88c61fb8cb76c2acee2ebd65691e243451029eb7b84
新动漫,https://tv.iill.top/migu/xdm&token=2f124ab6ac087bc9ff8827f65331bcefcc19f2be5fdb4aa28fe293a39b7c65a6
新动漫,https://tv.iill.top/migu/xdm&token=7ce15d51da8e60be86cc1bde4d856274b2bd781528e9f64ff1d7d9370b9d7268
新动漫,https://migu.188766.xyz/?migutoken=0fb66d5ac60022ceda271785fba4e744&id=%E6%96%B0%E5%8A%A8%E6%BC%AB&type=yy
新动漫,https://tv.iill.top/migu/xdm&token=0749f23d5e878af0a55d054879eccdba22a00cca8f13177bf8d0007c856ca9b9
新动漫,https://migu.188766.xyz/?migutoken=e30673f8e72e759480f22426e2b8a6ec&id=%E6%96%B0%E5%8A%A8%E6%BC%AB&type=yy
新动漫,https://tv.iill.top/migu/xdm&token=ea4803836ab3759697c651bbaf9b16d10a6339fab2e1a980e276b15296478409
新动漫,https://migu.188766.xyz/?migutoken=970a3d8a17d3f45c058219bf4c4f5a54&id=%E6%96%B0%E5%8A%A8%E6%BC%AB&type=yy
新动漫,https://tv.iill.top/migu/xdm&token=082b9b13fc9a332b374b4bbeb3839e098a394ddc0af6cb1cae3e2ab2272a8fe3
新动漫,https://migu.188766.xyz/?migutoken=3db521b2c36802f5fded85bb3978c835&id=%E6%96%B0%E5%8A%A8%E6%BC%AB&type=yy
青春动漫,http://[2409:8087:5e00:24::2d]:6610/000000001000/1/5000000011000288008/index.m3u8?channel-id=bestzb&Contentid=5000000011000288008&livemode=1&stbId=YanG-1989
青春动漫,https://live.v1.mk/api/bestv.php?id=qcdm8m/8000000
爱动漫,http://php.jdshipin.com:8880/itv6s.php?cid=wasusyt&id=6000000006000280630
爱动漫,http://[2409:8087:5e08:24::17]:6610/000000001000/2000000004000000059/index.m3u8
爱动漫,http://[2409:8087:5e08:24::11]:6610/000000001000/2000000004000000059/index.m3u8
爱动漫,http://[2409:8087:5e08:24::12]:6610/000000001000/2000000004000000000/index.m3u8
爱动漫,http://hwltc.tv.cdn.zj.chinamobile.com/PLTV/88888888/224/3221235628/1/index.m3u8?fmt=ts2hls
宝宝动画,http://[2409:8087:5e00:24::2d]:6610/000000001000/1/5000000011000288002/index.m3u8?channel-id=bestzb&Contentid=5000000011000288002&livemode=1&stbId=YanG-1989
CN卡通,https://stream1.freetv.fun/cnqia-tong-1.ctv
CN卡通,https://stream1.freetv.fun/cnqia-tong-3.ctv
CN卡通,https://hls-gateway.vpstv.net/streams/476247.m3u8
优漫卡通,http://php.jdshipin.com/TVOD/hnyd.php?id=200000001898/460000089800010118
优漫卡通,http://z.b.bkpcp.top/m.php?id=ymkt
优漫卡通,http://[2409:8087:1a01:df::7005]/ottrrs.hl.chinamobile.com/PLTV/2/224/3221225656/2.m3u8
优漫卡通,https://live.lalifeier.eu.org/jstv/ymkt.m3u8?t=1745796321&key=a52fbb40a8c25dfa0feef5a1b4b5910d
优漫卡通,https://live.lalifeier.eu.org/jstv/ymkt.m3u8?t=1746307365&key=c18c5077358ab692ad43005bbc7b32bd
优漫卡通,https://www.freetv.top/migu/626064703.m3u8?migutoken=deac6c5275081b54ad412a195e499b7c0cb8f04446b6c80aaa9d3eb1063d620261c68202d59aea05060007b58a62d5d208f16379d861d6f1627c10c9dd894f0bf7e3ca97b04696255e193e871c
优漫卡通,https://www.freetv.top/migu/626064703.m3u8?migutoken=7f7c4b909389a0cd5172701768041a0f3887534c4534a68bf1dc85550389e9ab156655484be16e89604513fde9da2f036ebae28d31515b0be32eb12462f5de9d9cab8f00c44671241d5c6e1356
优漫卡通,https://stream1.freetv.fun/you-man-qia-tong-11.m3u8
优漫卡通,http://[2409:8087:8:21::18]:6610/otttv.bj.chinamobile.com/PLTV/88888888/224/3221226932/1.m3u8
优漫卡通,http://iptv.cdn.ha.chinamobile.com/PLTV/88888888/224/3221226406/index.m3u8
金鹰卡通,http://[2409:8087:1a01:df::7005]/ottrrs.hl.chinamobile.com/PLTV/2/224/3221225653/2.m3u8
金鹰卡通,https://stream1.freetv.fun/jin-ying-qia-tong-32.ctv
金鹰卡通,https://stream1.freetv.fun/jin-ying-qia-tong-22.m3u8
金鹰卡通,https://stream1.freetv.fun/jin-ying-qia-tong-19.m3u8
金鹰卡通,http://nas.suntao.online:35455/bptv/10000100000000050000000004796942.m3u8
金鹰卡通,https://stream1.freetv.fun/jin-ying-qia-tong-34.m3u8
金鹰卡通,https://stream1.freetv.fun/jin-ying-qia-tong-13.m3u8
金鹰卡通,http://dsj.motem.top:8880/bptv/10000100000000050000000004796942.m3u8
金鹰卡通,https://stream1.freetv.fun/jin-ying-qia-tong-9.ctv
金鹰卡通,https://stream1.freetv.fun/jin-ying-qia-tong-39.m3u8
黑莓动画,http://php.jdshipin.com/TVOD/hnyd.php?id=200000001898/460000089800010002
黑莓动画,http://otttv.bj.chinamobile.com/PLTV/88888888/224/3221226935/1.m3u8?GuardEncType=2&accountinfo=%7E%7EV2.0%7EUc618y1E09GbQwwuOzEKaQ%7EtP4-l0lmSfjwLWEfK_el1vH_mv-s1zo4AQJwdedaVwG9xkuFTDg8J26cwOrNJzn20BErrHdLhuZ9EzLUCD3PMW-OMx4MGteHV2vLeW6BqoY%2CEND
黑莓动画,http://[2409:8087:8:21::18]:6610/otttv.bj.chinamobile.com/PLTV/88888888/224/3221226935/1.m3u8
黑莓动画,http://[2409:8087:1a01:df::4007]:80/TVOD/88888888/224/3221225529/main.m3u8
黑莓动画,http://ottrrs.hl.chinamobile.com/TVOD/88888888/224/3221225662/index.m3u8
黑莓动画,http://[2409:8087:1a0b:df::4006]:80/ottrrs.hl.chinamobile.com/PLTV/88888888/224/3221225662/index.m3u8
黑莓动画,http://[2409:8087:5e00:24::1e]:6060/200000001898/460000089800010002/1.m3u8
黑莓动画,http://[2409:8087:5e08:25::16]:6610/200000001898/460000089800010002/1.m3u8
炫动卡通,http://php.jdshipin.com/TVOD/hnyd.php?id=200000001898/460000089800010117
炫动卡通,http://[2409:8087:8:21::18]:6610/otttv.bj.chinamobile.com/PLTV/88888888/224/3221226931/1.m3u8
炫动卡通,https://stream1.freetv.fun/ipv6-ha-ha-xuan-dong-10.m3u8
炫动卡通,http://[2409:8087:1a15:10d1::39]/ottrrs.hl.chinamobile.com/PLTV/88888888/224/3221225657/index.m3u8
炫动卡通,http://[2409:8087:5e08:25::16]:6610/200000001898/460000089800010117/1.m3u8
炫动卡通,https://stream1.freetv.fun/ha-ha-xuan-dong-29.m3u8
炫动卡通,https://stream1.freetv.fun/ha-ha-xuan-dong-8.m3u8
炫动卡通,https://stream1.freetv.fun/ha-ha-xuan-dong-16.m3u8
炫动卡通,https://migu.188766.xyz/?migutoken=31bf301f64a2752ac495d33c736116b6&id=hhxd&type=sz
炫动卡通,https://migu.188766.xyz/?migutoken=a4483aa3595a3d8c052fffbc49cacdc4&id=hhxd&type=sz
浙江少儿,https://qiniup-m-l.cztv.com/channels/lantian/channel008/1080p.m3u8
浙江少儿,https://ct-m-l.cztv.com/channels/lantian/channel008/1080p.m3u8
浙江少儿,https://ali-m-l.cztv.com/channels/lantian/channel008/1080p.m3u8
浙江少儿,http://ali-m-l.cztv.com/channels/lantian/channel008/1080p.m3u8
浙江少儿,http://ali-vl.cztv.com/channels/lantian/channel008/360p.m3u8
浙江少儿,https://stream1.freetv.fun/zhe-jiang-shao-er-4.ctv
浙江少儿,https://stream1.freetv.fun/zhe-jiang-shao-er-4.m3u8
浙江少儿,https://stream1.freetv.fun/zhe-jiang-shao-er-6.ctv
浙江少儿,https://stream1.freetv.fun/zhe-jiang-shao-er-9.ctv
浙江少儿,https://stream1.freetv.fun/zhe-jiang-shao-er-1.ctv
河北少儿科教,https://stream1.freetv.fun/he-bei-shao-er-ke-jiao-10.ctv
河北少儿科教,https://stream1.freetv.fun/he-bei-shao-er-ke-jiao-15.ctv
河北少儿科教,https://stream1.freetv.fun/he-bei-shao-er-ke-jiao-6.ctv
河北少儿科教,https://event.pull.hebtv.com/jishi/shaoerkejiao.m3u8
河北少儿科教,https://stream1.freetv.fun/he-bei-shao-er-ke-jiao-2.m3u8
河北少儿科教,https://stream1.freetv.fun/he-bei-shao-er-ke-jiao-12.m3u8
河北少儿科教,https://stream1.freetv.fun/he-bei-shao-er-ke-jiao-7.ctv
河北少儿科教,https://stream1.freetv.fun/he-bei-shao-er-ke-jiao-9.ctv
河北少儿科教,https://stream1.freetv.fun/he-bei-shao-er-ke-jiao-8.ctv
河北少儿科教,https://stream1.freetv.fun/he-bei-shao-er-ke-jiao-17.ctv
七龙珠,https://live.ottiptv.cc/huya/11601966
七龙珠,https://live.metshop.top/huya/11601966
七龙珠,http://cdn.jdshipin.com:8880/huya.php?id=11601966
火影忍者,http://cdn.jdshipin.com:8880/huya.php?id=29465866
海绵宝宝,https://live.metshop.top/douyu/3949681
中华小当家,https://live.metshop.top/huya/11342413
中华小当家,https://live.iill.top/huya/11342413
中华小当家,https://live.ottiptv.cc/huya/11342413
中华小当家,http://cdn.jdshipin.com:8880/huya.php?id=11342413
猫和老鼠,https://live.iill.top/huya/11352879
猫和老鼠,http://live.iill.top/huya.php?id=11352879
猫和老鼠,https://live.ottiptv.cc/huya/11352879
猫和老鼠,https://live.metshop.top/huya/11352879
猫和老鼠,http://cdn.jdshipin.com:8880/huya.php?id=11352879
经典动漫,http://luobo.bkpcp.top/yy/24180320
经典动漫,https://www.goodiptv.club/yy/22777075
蜡笔小新,https://live.ottiptv.cc/bilibili/30837590
漫画解说,http://luobo.bkpcp.top/yy/1382735568
漫画解说,https://www.goodiptv.club/douyu/5907076
漫画解说,https://mursor.ottiptv.cc/yy/1382735568
漫画解说,https://yylunbo.ottiptv.cc/yy/1382735568
游戏风云,http://php.jdshipin.com/itv6.php?cid=bestzb&id=5000000011000031114
游戏风云,http://z.b.bkpcp.top/m.php?id=yxfy
游戏风云,http://gat.bkpcp.top/ymg.php?id=yxfy
游戏风云,http://iptv.cdn.ha.chinamobile.com/PLTV/88888888/224/3221226548/index.m3u8
游戏风云,https://www.freetv.top/migu/790188417.m3u8?migutoken=0276ef43726b0a3df46f95059cfba0dc88fb58e0682005aef78c7fcce5c7101a4d1199cd5aa05c58eaed75bf3a107385ce216cf787ceb58c1839c276b121b05b72a1ec8d7c6f23c240511643c0
游戏风云,https://www.freetv.top/migu/790188417.m3u8?migutoken=4bb23a171d4d63d4362dfba9a795c0f4ae95e2190f17a502e900947df23bda8e7a18b21aa9e6b578071ed4ced654a44a80d0fb8970ac8330432d19255fb721f3c1ee552fa186e2c9427e18e082
游戏风云,http://[2409:8087:1e01:23::10]:8112/000000001000/5000000002000027005/1.m3u8?channel-id=bestzb&Contentid=5000000002000027005&livemode=1&stbId=m
游戏风云,http://[2409:8087:1e01:23::10]:8112/000000001000/5000000011000031114/1.m3u8?channel-id=bestzb&Contentid=5000000011000031114&livemode=1&stbId=m
电竞天堂,http://[2409:8087:5e00:24::2d]:6610/000000001000/1/5000000011000288003/index.m3u8?channel-id=bestzb&Contentid=5000000011000288003&livemode=1&stbId=YanG-1989
爱电竞,http://php.jdshipin.com:8880/itv6s.php?cid=wasusyt&id=6000000006000230630
风云音乐,https://hls-gateway.vpstv.net/streams/708858.m3u8
风云音乐,http://iptv.666230.xyz/iptv/jsyd.php/G_FENGYUNYY-CQ
风云音乐,http://www.qfly9236.cn:8888/rtp/239.253.92.111:8060
风云音乐,https://t.freetv.fun/live/cctvfeng-yun-yin-le.php
音乐现场,http://satellitepull.cnr.cn/live/wx32nmgyygb/playlist.m3u8
音乐现场,https://satellitepull.cnr.cn/live/wx32nmgyygb/playlist.m3u8
潮流音乐,http://play-radio-stream3.hndt.com/now/Or5au0KN/playlist.m3u8
音乐广播,https://tv-1.iill.top/fm/552
音乐广播,https://tv.iill.top/fm/552&token=7c908a370d95d78e90a9d2ba4007e5185038b0ceac7435ba90e72c77cc035ff6
音乐广播,https://tv.iill.top/fm/552&token=074c3dfc2f95090e006ab15f0d86b1aaef70b389a934b096ad5e6674b5724d0d
音乐广播,https://tv.iill.top/fm/552&token=9214268143febfaf9cbc3e9b7f092a03c3274273c99133a780217564b2ab7896
音乐广播,https://tv.iill.top/fm/552&token=0ba82b0a75c65ff5f1a8198b9de48d0532f0cf804be54dac2eacd7d0dbd56b0a
音乐广播,https://tv.iill.top/fm/552&token=bde1753ec6759720c20ecedff6ec428eed4e2dd71d1433181fa7f50b8724a5bf
音乐广播,https://tv.iill.top/fm/552&token=bc76ab7564df296b4275f3dc9e3cead14dfa08c65b4ac7cd82092d502cef3a24
音乐广播,https://tv.iill.top/fm/552&token=d01b299b3b7eff22e7b7962a052f17f146b2e5e7c020e54920b6b236fd31d6b1
音乐广播,https://tv.iill.top/fm/552&token=18d1c387d427be148b32f27842c48c0a118c85e789664b986bfa64b09da442be
音乐广播,https://tv.iill.top/fm/552&token=8eb49dbdca153f1b269c3d18030c7d754f1ea8306af7b6503a4d10a766eeb388
笑傲江湖,http://lu.wqwqwq.sbs/yy/1354930909
笑傲江湖,https://live.iill.top/huya/23865142
笑傲江湖,http://live.iill.top/yy.php?id=1354282410
笑傲江湖,https://live.ottiptv.cc/huya/26355790
笑傲江湖,https://live.metshop.top/huya/26355790
笑傲江湖,https://live.metshop.top/huya/23865142
笑傲江湖,http://cdn.jdshipin.com:8880/huya.php?id=26355790
笑傲江湖,http://cdn.jdshipin.com:8880/huya.php?id=23865142
笑傲江湖,https://live.ottiptv.cc/huya/23865142
天龙八部,http://luobo.bkpcp.top/yy/1382736855
天龙八部,http://www.clmy.cc:35455/yy/1355067965
天龙八部,https://live.metshop.top/huya/23903123
天龙八部,http://live.iill.top/yy.php?id=1351814644
天龙八部,https://live.ottiptv.cc/huya/20985816
天龙八部,https://live.metshop.top/huya/20985816
天龙八部,http://cdn.jdshipin.com:8880/huya.php?id=20985816
天龙八部,https://live.ottiptv.cc/yy/1351814644
鹿鼎记,http://live.iill.top/yy.php?id=1382704650
鹿鼎记,https://live.ottiptv.cc/yy/28265277
仙剑奇侠传,http://live.iill.top/yy.php?id=1382749903
仙剑奇侠传,https://live.ottiptv.cc/yy/1382749903
西游记,http://173.208.234.146/live/vlxyj.m3u8
西游记,https://live.iill.top/huya/26355861
西游记,http://cdn.jdshipin.com:8880/huya.php?id=30080242
西游记,https://live.ottiptv.cc/huya/26355861
西游记,https://live.metshop.top/huya/26355861
西游记,http://cdn.jdshipin.com:8880/huya.php?id=26355861
西游记,https://lbds.us.ci/26355861
西游记,http://live.ottiptv.cc/huya/20985836
三国演义,https://live.iill.top/huya/11602081
三国演义,http://live.iill.top/yy.php?id=1354936241
三国演义,https://live.ottiptv.cc/huya/11602081
三国演义,https://live.metshop.top/huya/11602081
三国演义,http://cdn.jdshipin.com:8880/huya.php?id=11602081
水浒传,http://www.clmy.cc:35455/yy/1353873252
水浒传,http://live.ottiptv.cc/huya/26355860
水浒传,https://live.ottiptv.cc/yy/1353873252
新白娘子传奇,http://lu.wqwqwq.sbs/yy/1354490667
新白娘子传奇,http://luobo.bkpcp.top/yy/1354490667
新白娘子传奇,http://www.clmy.cc:35455/yy/1354490667
新白娘子传奇,http://live.iill.top/yy.php?id=1354490667
新白娘子传奇,https://live.ottiptv.cc/yy/1354490667
济公游记,http://live.iill.top/yy.php?id=1355265814
封神榜,http://luobo.bkpcp.top/yy/1353426319
封神榜,http://www.clmy.cc:35455/yy/1353426319
封神榜,http://live.iill.top/yy.php?id=1353426319
封神榜,http://live.ottiptv.cc/huya/29465849
封神榜,https://live.metshop.top/huya/29465849
封神榜,http://cdn.jdshipin.com:8880/huya.php?id=29465849
封神榜,https://live.ottiptv.cc/huya/29465849
闯关东,http://173.208.234.146/live/lbchuangguandong.m3u8
上海滩,http://luobo.bkpcp.top/yy/1382745184
上海滩,http://live.iill.top/yy.php?id=1382745184
射雕英雄传,http://live.iill.top/yy.php?id=1354210357
射雕英雄传,https://live.metshop.top/huya/23824164
射雕英雄传,http://cdn.jdshipin.com:8880/huya.php?id=23824164
射雕英雄传,https://live.ottiptv.cc/huya/23824164
2026-07-14 09:59:25,http://198.204.228.26/live/cctv1hd.m3u8
文化精品,http://63.141.230.178:82/gslb/zbdq5.m3u8?id=ysjp
文化精品,http://38.75.136.137:98/gslb/dsdqpub/ysjp.m3u8?auth=testpub
文化精品,https://live.264788.xyz/channel/yangshiwenhuajingpin?streamid=bc185d1ef1e528922e83efd845006277&livekey=01WgOR41rriMmMkzNsd0UoaxJRwetZdxIvtVk
文化精品,http://107.150.60.122/live/ysjp.m3u8
文化精品,http://173.208.212.130:8181/720p/ysjp.m3u8
央视台球,http://38.75.136.137:98/gslb/dsdqpub/ystq.m3u8?auth=testpub
央视台球,http://107.150.60.122/live/ystq.m3u8
央视台球,http://63.141.230.178:82/gslb/zbdq5.m3u8?id=ystq
央视台球,http://207.56.13.146:81/cdnlive/ystq.m3u8
央视台球,https://hls-gateway.vpstv.net/streams/708855.m3u8
风云音乐,http://173.208.212.130:8181/720p/fyyy.m3u8
风云音乐,http://38.75.136.137:98/gslb/dsdqpub/fyyy.m3u8?auth=testpub
风云音乐,http://63.141.230.178:82/gslb/zbdq5.m3u8?id=fyyy
风云音乐,http://207.56.13.146:81/cdnlive/fyyy.m3u8
风云音乐,https://live.264788.xyz/channel/fengyunyinyue?streamid=be37d16b874e7ba11dd383d7ecd75752&livekey=01WgOR41rriMmMkzNsd0UoaxJRwetZdxIvtVk
第一剧场,https://live.264788.xyz/channel/diyijuchang?streamid=e9b0fb1ca135a4aeae12944494883794&livekey=01WgOR41rriMmMkzNsd0UoaxJRwetZdxIvtVk
第一剧场,http://107.150.60.122/live/dyjc.m3u8
第一剧场,https://live.264788.xyz/channel/diyijuchang?streamid=d81e188b59ece96b7e8f1ce34aea3ef8&livekey=01WgOR41rriMmMkzNsd0UoaxJRwetZdxIvtVk
第一剧场,http://207.56.13.146:81/cdnlive/dyjc.m3u8
第一剧场,http://63.141.230.178:82/gslb/zbdq5.m3u8?id=dyjc
风云剧场,http://173.208.212.130:8181/720p/fyjc.m3u8
风云剧场,http://207.56.13.146:81/cdnlive/fyjc.m3u8
风云剧场,https://live.264788.xyz/channel/fengyunjuchang?streamid=31e7b5b7032d25dd215a4069cdee1a48&livekey=01WgOR41rriMmMkzNsd0UoaxJRwetZdxIvtVk
风云剧场,http://63.141.230.178:82/gslb/zbdq5.m3u8?id=fyjc
风云剧场,https://hls-gateway.vpstv.net/streams/708861.m3u8
怀旧剧场,http://107.150.60.122/live/hjjc.m3u8
怀旧剧场,http://38.75.136.137:98/gslb/dsdqpub/hjjc.m3u8?auth=testpub
怀旧剧场,http://63.141.230.178:82/gslb/zbdq5.m3u8?id=hjjc
怀旧剧场,https://live.264788.xyz/channel/huaijiujuchang?streamid=7e5d1abdddde08f588234f3f640f75ff&livekey=01WgOR41rriMmMkzNsd0UoaxJRwetZdxIvtVk
怀旧剧场,http://173.208.212.130:8181/720p/hjjc.m3u8
女性时尚,http://173.208.212.130:8181/720p/nxss.m3u8
女性时尚,http://207.56.13.146:81/cdnlive/nxss.m3u8
女性时尚,http://63.141.230.178:82/gslb/zbdq5.m3u8?id=nxss
女性时尚,http://38.75.136.137:98/gslb/dsdqpub/nxss.m3u8?auth=testpub
女性时尚,http://iptv.666230.xyz/iptv/jsyd.php/G_NVXINGSS-CQ
高尔夫网球,http://207.56.13.146:81/cdnlive/gefwq.m3u8
高尔夫网球,https://hls-gateway.vpstv.net/streams/708857.m3u8
高尔夫网球,http://iptv.666230.xyz/iptv/jsyd.php/G_CCTV-GOLF-CQ
高尔夫网球,http://www.qfly9236.cn:8888/rtp/239.253.92.117:8062
风云足球,http://38.75.136.137:98/gslb/dsdqpub/fyzq.m3u8?auth=testpub
风云足球,http://63.141.230.178:82/gslb/zbdq5.m3u8?id=fyzq
风云足球,http://207.56.13.146:81/cdnlive/fyzq.m3u8
风云足球,https://epg.pw/stream/ac8062ec9484078061d3bef507c15a423ac57ae4144e3fcc4b0a198dd420f911.m3u8
风云足球,http://[2409:8087:7001:20:2::3]/dbiptv.sn.chinamobile.com/PLTV/88888893/224/3221226984/index.m3u8
电视指南,http://iptv.666230.xyz/iptv/jsyd.php/G_DIANSHIZN-CQ
世界地理,http://38.75.136.137:98/gslb/dsdqpub/sjdl.m3u8?auth=testpub
世界地理,http://63.141.230.178:82/gslb/zbdq5.m3u8?id=sjdl
世界地理,https://shcm-stream-cf1.stream.264788.xyz/cms001/ch00000090990000001620/index.m3u8?streamid=8a034b40397504e25b3775c772237996&streamkey=01vY5fRxC8VyKg4oq30vfikHXTCAKySLP29l6OG91kQlzDttHgzNLkUw5kivm3PfNsVHJv5FgdsPBYFYI2IWpt7tfRCuFHqLT2pvX67ubMds8jl2DHtvOh0&token=1775754349-4f33f4f84a4abeba-0-91687dc8c9325092efa1d00f330d2710
世界地理,http://www.qfly9236.cn:8888/rtp/239.253.92.113:8066
兵器科技,https://live.264788.xyz/channel/bingqikeji?streamid=6fc55a0966bdad1e1cdf39a4d37dd776&livekey=01WgOR41rriMmMkzNsd0UoaxJRwetZdxIvtVk
兵器科技,http://38.75.136.137:98/gslb/dsdqpub/gfjs.m3u8?auth=testpub
兵器科技,http://173.208.212.130:8181/720p/gfjs.m3u8
兵器科技,http://63.141.230.178:82/gslb/zbdq5.m3u8?id=gfjs
兵器科技,https://live.264788.xyz/channel/bingqikeji?streamid=530cb4e58bbc48b7fc26f5e0a2e47966&livekey=01WgOR41rriMmMkzNsd0UoaxJRwetZdxIvtVk
浙江钱江,https://stream1.freetv.fun/zhe-jiang-qian-jiang-du-shi-4.ctv
浙江钱江,https://stream1.freetv.fun/zhe-jiang-qian-jiang-du-shi-3.ctv
浙江钱江,https://stream1.freetv.fun/zhe-jiang-qian-jiang-du-shi-5.ctv
浙江钱江,http://l.cztvcloud.com/channels/lantian/SXyuyao2/720p.m3u8
浙江钱江都市,https://t.freetv.fun/live/zhe-jiang-qian-jiang-du-shi-1.m3u8
浙江钱江都市,https://t.freetv.fun/live/zhe-jiang-qian-jiang-du-shi-2.m3u8
浙江钱江都市,https://t.freetv.fun/live/zhe-jiang-qian-jiang-du-shi-3.m3u8
浙江钱江都市,http://ali-xwl.cztv.com/live/channel021080Plxw.m3u8
浙江钱江都市,http://ali-xwl.cztv.com/live/channel02720Plxw.m3u8
浙江生活,https://stream1.freetv.fun/zhe-jiang-jing-ji-sheng-huo-1.ctv
浙江生活,https://stream1.freetv.fun/zhe-jiang-jing-ji-sheng-huo-7.ctv
浙江生活,https://stream1.freetv.fun/zhe-jiang-jing-ji-sheng-huo-8.ctv
浙江生活,http://ls.qingting.fm/live/1099.m3u8
浙江经济生活,http://ls.qingting.fm/live/1099.m3u8
浙江经济生活,https://t.freetv.fun/live/zhe-jiang-jing-ji-sheng-huo-2.m3u8
浙江经济生活,https://t.freetv.fun/live/zhe-jiang-jing-ji-sheng-huo-3.m3u8
浙江经济生活,http://l.cztvcloud.com/channels/lantian/SXxiaoshan2/720p.m3u8
浙江经济生活,https://t.freetv.fun/live/zhe-jiang-jing-ji-sheng-huo-1.m3u8
浙江教育,http://ali-m-l.cztv.com/channels/lantian/channel04/720p.m3u8
浙江民生,https://t.freetv.fun/live/zhe-jiang-min-sheng-1.m3u8
浙江民生,https://t.freetv.fun/live/zhe-jiang-min-sheng-3.m3u8
浙江民生,https://t.freetv.fun/live/zhe-jiang-min-sheng.m3u8
浙江民生,https://t.freetv.fun/live/zhe-jiang-min-sheng-4.m3u8
浙江新闻,https://ali-m-l.cztv.com/channels/lantian/channel007/1080p.m3u8?
浙江新闻,https://ali-m-l.cztv.com/channels/lantian/channel07/1080p.m3u8
浙江新闻,https://stream1.freetv.fun/zhe-jiang-xin-wen-5.m3u8
浙江新闻,https://stream1.freetv.fun/zhe-jiang-xin-wen-11.m3u8
浙江新闻,https://stream1.freetv.fun/zhe-jiang-xin-wen-1.m3u8
浙江少儿,http://ali-m-l.cztv.com/channels/lantian/channel008/1080p.m3u8
浙江少儿,https://stream1.freetv.fun/zhe-jiang-shao-er-4.m3u8
浙江少儿,https://stream1.freetv.fun/zhe-jiang-shao-er-4.ctv
浙江少儿,https://stream1.freetv.fun/zhe-jiang-shao-er-6.ctv
浙江少儿,https://stream1.freetv.fun/zhe-jiang-shao-er-9.ctv
杭州综合,https://stream1.freetv.fun/hang-zhou-zong-he-3.ctv
杭州综合,https://stream1.freetv.fun/hang-zhou-zong-he-2.ctv
杭州明珠,https://stream1.freetv.fun/hang-zhou-ming-zhu-2.ctv
杭州明珠,https://stream1.freetv.fun/hang-zhou-ming-zhu-1.ctv
杭州生活,https://stream1.freetv.fun/hang-zhou-sheng-huo-1.ctv
杭州生活,https://stream1.freetv.fun/hang-zhou-sheng-huo-2.ctv
杭州生活,https://stream1.freetv.fun/hang-zhou-sheng-huo-3.ctv
杭州影视,https://stream1.freetv.fun/hang-zhou-ying-shi-2.ctv
浙江教科,https://ali-m-l.cztv.com/channels/lantian/channel004/1080p.m3u8
浙江经济,https://ali-m-l.cztv.com/channels/lantian/channel003/1080p.m3u8
浙江经济,http://ali-m-l.cztv.com/channels/lantian/channel03/720p.m3u8
之江纪录,https://ali-m-l.cztv.com/channels/lantian/channel12/720p.m3u8
浙江国际,https://ali-m-l.cztv.com/channels/lantian/channel010/1080p.m3u8
浙江国际,http://ali-m-l.cztv.com/channels/lantian/channel010/1080p.m3u8?zzhed
浙江国际,https://stream1.freetv.fun/zhe-jiang-guo-ji-7.m3u8
浙江国际,https://stream1.freetv.fun/zhe-jiang-guo-ji-10.m3u8
浙江国际,https://stream1.freetv.fun/zhe-jiang-guo-ji-3.ctv
嘉兴新闻综合,http://live.zohi.tv/video/s10001-fztv-1/index.m3u8
湖州公共,https://stream1.freetv.fun/hu-zhou-gong-gong-9.m3u8
湖州公共,https://stream1.freetv.fun/hu-zhou-gong-gong-3.m3u8
湖州公共,https://stream1.freetv.fun/hu-zhou-gong-gong-1.m3u8
湖州公共,https://t.freetv.fun/live/hu-zhou-gong-gong-1.m3u8
湖州公共,https://t.freetv.fun/live/hu-zhou-gong-gong-2.m3u8
湖州新闻综合,http://hzcm-live.media.hugd.com/3f5fa7d64c7c46a38c6bd8ad35e836cc/65128273761b4731ae53729ea6dcf932.m3u8?auth_key=2277598215-9d21c15111244bea8d298c361d31a72e-0-d031198f58d44b0e91ba2e3f3b188865
湖州文化娱乐,http://hzcm-live.media.hugd.com/613c47f0ab0d4eaa98b21378d0db6ded/0051d31c9dd543a7825eea4e49675b2a.m3u8?auth_key=2277598059-0a5ebfa1c0dc4671b42a60810fc37039-0-fa625b7d1feab612062453c12e3c8887
浙江经视,http://ali-m-l.cztv.com/channels/lantian/channel003/720p.m3u8
浙江民生休闲,https://stream1.freetv.fun/zhe-jiang-min-sheng-10.m3u8
浙江民生休闲,https://stream1.freetv.fun/zhe-jiang-min-sheng-2.m3u8
浙江民生休闲,https://stream1.freetv.fun/zhe-jiang-min-sheng-5.m3u8
浙江民生休闲,https://stream1.freetv.fun/zhe-jiang-min-sheng-9.m3u8
浙江民生休闲,https://stream1.freetv.fun/zhe-jiang-min-sheng-8.m3u8
浙江数码时代,https://ali-m-l.cztv.com/channels/lantian/channel012/1080p.m3u8\r\n
浙江数码时代,http://ali-m-l.cztv.com/channels/lantian/channel12/720p.m3u8
浙江教科影视,http://ali-xwl.cztv.com/live/channel04720Plxw.m3u8
浙江教科影视,http://ali-xwl.cztv.com/live/channel041080Plxw.m3u8
浙江公共新闻,https://stream1.freetv.fun/zhe-jiang-gong-gong-xin-wen-1.m3u8
浙江公共新闻,https://stream1.freetv.fun/zhe-jiang-gong-gong-xin-wen-1.ctv
浙江公共新闻,https://stream1.freetv.fun/zhe-jiang-gong-gong-xin-wen-2.ctv
浙江公共新闻,https://t.freetv.fun/live/zhe-jiang-gong-gong-xin-wen-1.m3u8
浙江休闲台,http://ali-m-l.cztv.com/channels/lantian/channel006/720p.m3u8
浙江遂昌,http://l.cztvcloud.com/channels/lantian/SXsuichang1/720p.m3u8
诸暨新闻综合,https://l.cztvcloud.com/channels/lantian/SXzhuji3/720p.m3u8
诸暨新闻综合,http://l.cztvcloud.com/channels/lantian/SXzhuji3/720p.m3u8?zzhed
龙游生活娱乐,http://l.cztvcloud.com/channels/lantian/SXlongyou2/720p.m3u8?zzhed
龙游新闻综合,http://l.cztvcloud.com/channels/lantian/SXlongyou1/720p.m3u8?zzhed
龙泉新闻综合,http://l.cztvcloud.com/channels/lantian/SXlongquan1/720p.m3u8
青田电视台,http://l.cztvcloud.com/channels/lantian/SXqingtian1/720p.m3u8
遂昌综合,http://l.cztvcloud.com/channels/lantian/SXsuichang1/720p.m3u8?zzhed
象山综合,http://play-sh13.quklive.com/live/1702360350551252.m3u8?auth_key=2037107484-800189c57a5a44d3b823b60cf84f6756-0-a6f6828a62d5c167cff5e68735fa0d39
象山综合,http://l.cztvcloud.com/channels/lantian/SXxiangshan1/720p.m3u8?zzhed
象山综合,http://l.cztvcloud.com/channels/lantian/SXxiangshan1/720p.m3u8
象山新闻综合,http://l.cztvcloud.com/channels/lantian/SXxiangshan1/720p.m3u8
衢江新闻综合,https://stream1.freetv.fun/qu-jiang-xin-wen-zong-he-1.m3u8
衢江新闻综合,https://stream1.freetv.fun/qu-jiang-xin-wen-zong-he-1.ctv
衢江新闻综合,https://stream1.freetv.fun/qu-jiang-xin-wen-zong-he-2.m3u8
衢江新闻综合,https://stream1.freetv.fun/qu-jiang-xin-wen-zong-he-3.m3u8
衢江新闻综合,https://t.freetv.fun/live/qu-jiang-xin-wen-zong-he.m3u8
萧山生活,http://l.cztvcloud.com/channels/lantian/SXxiaoshan2/720p.m3u8
萧山生活,https://l.cztvcloud.com/channels/lantian/SXxiaoshan2/720p.m3u8
萧山生活,http://l.cztvcloud.com/channels/lantian/SXxiaoshan2/720p.m3u8?zzhed
萧山生活,http://l.cztvcloud.com/channels/lantian/SXxiaoshan2/720p.m3u8?zzhed?
萧山新闻综合,https://stream1.freetv.fun/xiao-shan-xin-wen-zong-he-6.m3u8
萧山新闻综合,https://stream1.freetv.fun/xiao-shan-xin-wen-zong-he-2.m3u8
萧山新闻综合,https://stream1.freetv.fun/xiao-shan-xin-wen-zong-he-8.m3u8
萧山新闻综合,https://stream1.freetv.fun/xiao-shan-xin-wen-zong-he-9.m3u8
萧山新闻综合,https://stream1.freetv.fun/xiao-shan-xin-wen-zong-he-4.m3u8
苍南新闻综合,https://stream1.freetv.fun/cang-nan-xin-wen-zong-he-5.m3u8
苍南新闻综合,https://stream1.freetv.fun/cang-nan-xin-wen-zong-he-1.m3u8
苍南新闻综合,https://stream1.freetv.fun/cang-nan-xin-wen-zong-he-4.ctv
苍南新闻综合,https://stream1.freetv.fun/cang-nan-xin-wen-zong-he-3.m3u8
苍南新闻综合,https://t.freetv.fun/live/cang-nan-xin-wen-zong-he-1.m3u8
缙云综合,http://l.cztvcloud.com/channels/lantian/SXjinyun1/720p.m3u8?zzhed?
缙云综合,http://l.cztvcloud.com/channels/lantian/SXjinyun1/720p.m3u8?zzhed
缙云新闻综合,http://l.cztvcloud.com/channels/lantian/SXjinyun1/720p.m3u8
绍兴电视台公共,http://live.shaoxing.com.cn/video/s10001-sxtv2/index.m3u8?%E5%85%B3%E6%B3%A8%E5%BE%AE%E4%BF%A1%E5%85%AC%E4%BC%97%E5%8F%B7[%E6%99%B4%E5%9B%AD]
绍兴新闻综合,https://stream1.freetv.fun/shao-xing-xin-wen-zong-he-4.m3u8
绍兴新闻综合,https://stream1.freetv.fun/shao-xing-xin-wen-zong-he-3.m3u8
绍兴新闻综合,https://stream1.freetv.fun/shao-xing-xin-wen-zong-he-2.m3u8
绍兴新闻综合,https://t.freetv.fun/live/shao-xing-xin-wen-zong-he-2.m3u8
绍兴新闻综合,https://t.freetv.fun/live/shao-xing-xin-wen-zong-he-3-1.m3u8
绍兴文化影院,https://stream1.freetv.fun/shao-xing-wen-hua-ying-yuan-1.m3u8
绍兴文化影院,https://stream1.freetv.fun/shao-xing-wen-hua-ying-yuan-4.m3u8
绍兴文化影院,https://stream1.freetv.fun/shao-xing-wen-hua-ying-yuan-3.m3u8
绍兴文化影院,https://stream1.freetv.fun/shao-xing-wen-hua-ying-yuan-2.m3u8
绍兴文化影院,https://t.freetv.fun/live/shao-xing-wen-hua-ying-yuan-2.m3u8
绍兴文化影视,https://stream1.freetv.fun/shao-xing-wen-hua-ying-shi-1.m3u8
绍兴文化影视,https://t.freetv.fun/live/shao-xing-wen-hua-ying-shi-1.m3u8
绍兴公共,https://stream1.freetv.fun/shao-xing-gong-gong-2.m3u8
绍兴公共,https://stream1.freetv.fun/shao-xing-gong-gong-3.m3u8
绍兴公共,https://stream1.freetv.fun/shao-xing-gong-gong-7.m3u8
绍兴公共,https://stream1.freetv.fun/shao-xing-gong-gong-8.m3u8
绍兴公共,https://stream1.freetv.fun/shao-xing-gong-gong-1.m3u8
湖州公共民生,http://hzcm-live.media.hugd.com/1e6b554b9ab74513958c0e1ffe664d22/9acaa7634309494cb29a85eb12136607.m3u8?auth_key=2272900830-9a2389b8bf4e49d580d4ad807423d326-0-ea78a5c7a678c436263582d368f5009e
海宁新闻综合,https://p2hs.vzan.com/slowlive/317913155078575177/live.m3u8
洞头综合,http://l.cztvcloud.com/channels/lantian/SXdongtou1/720p.m3u8
洞头综合,http://l.cztvcloud.com/channels/lantian/SXdongtou1/720p.m3u8?zzhed?
永嘉新闻综合,https://stream1.freetv.fun/yong-jia-xin-wen-zong-he-4.m3u8
永嘉新闻综合,https://stream1.freetv.fun/yong-jia-xin-wen-zong-he-2.m3u8
永嘉新闻综合,https://stream1.freetv.fun/yong-jia-xin-wen-zong-he-3.ctv
永嘉新闻综合,https://t.freetv.fun/live/yong-jia-xin-wen-zong-he-1.m3u8
永嘉新闻综合,https://t.freetv.fun/live/yong-jia-xin-wen-zong-he.m3u8
武义新闻综合,https://stream1.freetv.fun/wu-yi-xin-wen-zong-he-3.m3u8
武义新闻综合,http://l.cztvcloud.com/channels/lantian/SXwuyi1/720p.m3u8
武义新闻综合,http://l.cztvcloud.com/channels/lantian/SXwuyi1/720p.m3u8?zzhed
松阳综合,http://l.cztvcloud.com/channels/lantian/SXsongyang1/720p.m3u8?zzhed?
松阳综合,http://l.cztvcloud.com/channels/lantian/SXsongyang1/720p.m3u8
普陀电视台,https://l.cztvcloud.com/channels/lantian/SXputuo1/720p.m3u8
普陀新闻综合,http://l.cztvcloud.com/channels/lantian/SXputuo1/720p.m3u8
新昌生活,http://l.cztvcloud.com/channels/lantian/SXxinchang2/720p.m3u8
新昌新闻综合,https://stream1.freetv.fun/xin-chang-xin-wen-zong-he-4.m3u8
新昌新闻综合,https://stream1.freetv.fun/xin-chang-xin-wen-zong-he-5.ctv
新昌新闻综合,https://t.freetv.fun/live/xin-chang-xin-wen-zong-he.m3u8
新昌新闻综合,https://l.cztvcloud.com/channels/lantian/SXxinchang1/720p.m3u8
文成综合,http://l.cztvcloud.com/channels/lantian/SXwencheng1/720p.m3u8?zzhed
文成综合,http://l.cztvcloud.com/channels/lantian/SXwencheng1/720p.m3u8?zzhed?
文成新闻综合,http://l.cztvcloud.com/channels/lantian/SXwencheng1/720p.m3u8
数码时代,http://ali-m-l.cztv.com/channels/lantian/channel12/720p.m3u8?zzhed
开化新闻综合,https://stream1.freetv.fun/kai-hua-xin-wen-zong-he-1.m3u8
开化新闻综合,https://stream1.freetv.fun/kai-hua-xin-wen-zong-he-2.ctv
开化新闻综合,http://l.cztvcloud.com/channels/lantian/SXkaihua1/720p.m3u8?zzhed
开化国家公园,http://l.cztvcloud.com/channels/lantian/SXkaihua2/720p.m3u8zzhed
开化国家公园,http://l.cztvcloud.com/channels/lantian/SXkaihua2/720p.m3u8?zzhed
开化国家公园,http://l.cztvcloud.com/channels/lantian/SXkaihua2/720p.m3u8
开化国家公园,http://l.cztvcloud.com/channels/lantian/SXkaihua2/720p.m3u8?zzhed#http://l.cztvcloud.com/channels/lantian/SXkaihua2/720p.m3u8zzhed#http://l.cztvcloud.com/channels/lantian/SXkaihua2/720p.m3u8
庆元综合,http://l.cztvcloud.com/channels/lantian/SXqingyuan1/720p.m3u8?zzhed?
庆元综合,http://l.cztvcloud.com/channels/lantian/SXqingyuan1/720p.m3u8
庆元新闻综合,http://l.cztvcloud.com/channels/lantian/SXqingyuan1/720p.m3u8?fbl=
平湖民生休闲,http://l.cztvcloud.com/channels/lantian/SXpinghu2/720p.m3u8
平湖民生休闲,http://l.cztvcloud.com/channels/lantian/SXpinghu2/720p.m3u8?zzhed
平湖新闻综合,https://stream1.freetv.fun/ping-hu-xin-wen-zong-he-2.m3u8
平湖新闻综合,https://stream1.freetv.fun/ping-hu-xin-wen-zong-he-1.m3u8
平湖新闻综合,https://stream1.freetv.fun/ping-hu-xin-wen-zong-he-3.m3u8
平湖新闻综合,https://stream1.freetv.fun/ping-hu-xin-wen-zong-he-5.m3u8
平湖新闻综合,https://t.freetv.fun/live/ping-hu-xin-wen-zong-he-1.m3u8
嵊泗综合,https://stream1.freetv.fun/sheng-zhou-xin-wen-zong-he-2.ctv
嵊泗综合,https://stream1.freetv.fun/sheng-zhou-xin-wen-zong-he-1.m3u8
嵊泗综合,http://l.cztvcloud.com/channels/lantian/SXshengsi1/720p.m3u8
嵊泗综合,http://l.cztvcloud.com/channels/lantian/SXshengzhou1/720p.m3u8?zzhed
嵊州新闻综合,https://stream1.freetv.fun/sheng-zhou-xin-wen-zong-he-1.m3u8
嵊州新闻综合,http://l.cztvcloud.com/channels/lantian/SXshengzhou1/720p.m3u8?zzhed
嵊州新闻综合,http://l.cztvcloud.com/channels/lantian/SXshengzhou1/720p.m3u8?zzhed#http://l.cztvcloud.com/channels/lantian/SXshengzhou1/720p.m3u8
兰溪新闻综合,https://stream1.freetv.fun/lan-xi-xin-wen-zong-he-1.m3u8
兰溪新闻综合,https://stream1.freetv.fun/lan-xi-xin-wen-zong-he-3.m3u8
兰溪新闻综合,https://t.freetv.fun/live/lan-xi-xin-wen-zong-he-1.m3u8
兰溪新闻综合,https://t.freetv.fun/live/lan-xi-xin-wen-zong-he.m3u8
兰溪新闻综合,http://l.cztvcloud.com/channels/lantian/SXlanxi1/720p.m3u8
余杭综合,http://l.cztvcloud.com/channels/lantian/SXyuhang1/720p.m3u8?zzhed
余杭综合,http://l.cztvcloud.com/channels/lantian/SXyuhang1/720p.m3u8
余杭未来E,http://l.cztvcloud.com/channels/lantian/SXyuhang3/720p.m3u8?zzhed
余杭未来E,http://l.cztvcloud.com/channels/lantian/SXyuhang3/720p.m3u8
余姚综合,https://l.cztvcloud.com/channels/lantian/SXyuyao1/720p.m3u8
余姚综合,http://l.cztvcloud.com/channels/lantian/SXyuyao1/720p.m3u8?zzhed
余姚综合,http://l.cztvcloud.com/channels/lantian/SXyuyao1/720p.m3u8?
余姚新闻综合,http://l.cztvcloud.com/channels/lantian/SXyuyao1/720p.m3u8
余姚新闻综合,http://l.cztvcloud.com/channels/lantian/SXyuyao1/720p.m3u8?cWlkPSZzPTg3OWMwYmMyZDMzYTFhZGY3NDQxMjgyYTg1MmUzNTY0JmVzPTE3MDY2Nzc4NzMmdXVpZD0yMjdiY2MzNGNiNGY0MThlYjRiY2IxYzcwNmZjODNkMS02NzQ3NDY2NyZ2PTImYXM9MCZjZG5leF9pZD10eF9waG9uZV9saXZl
余姚姚江文化,https://l.cztvcloud.com/channels/lantian/SXyuyao3/720p.m3u8
余姚姚江文化,http://l.cztvcloud.com/channels/lantian/SXyuyao3/720p.m3u8?zzhed
云和新闻综合,http://l.cztvcloud.com/channels/lantian/SXyunhe1/720p.m3u8?zzhed
云和新闻综合,http://l.cztvcloud.com/channels/lantian/SXyunhe1/720p.m3u8
东阳影视生活,http://l.cztvcloud.com/channels/lantian/SXdongyang1/720p.m3u8
上虞新闻综合,http://l.cztvcloud.com/channels/lantian/SXshangyu1/720p.m3u8?zzhed
上虞新商都,https://stream1.freetv.fun/shang-yu-xin-shang-du-4.m3u8
上虞新商都,https://stream1.freetv.fun/shang-yu-xin-shang-du-2.m3u8
上虞新商都,https://stream1.freetv.fun/shang-yu-xin-shang-du-3.m3u8
上虞新商都,https://stream1.freetv.fun/shang-yu-xin-shang-du-5.m3u8
上虞新商都,https://stream1.freetv.fun/shang-yu-xin-shang-du-1.m3u8
上虞文化影院,https://stream1.freetv.fun/shang-yu-wen-hua-ying-yuan-2.ctv
上虞文化影院,https://stream1.freetv.fun/shang-yu-wen-hua-ying-yuan-1.m3u8
上虞文化影院,https://stream1.freetv.fun/shang-yu-wen-hua-ying-yuan-3.ctv
上虞文化影院,https://stream1.freetv.fun/shang-yu-wen-hua-ying-yuan-4.ctv
上虞文化影院,https://t.freetv.fun/live/shang-yu-wen-hua-ying-yuan.m3u8
北京卡酷少儿,https://zby.130519.xyz/PLTV/11/224/3221226019/index.m3u8
北京卡酷少儿,http://[2409:8087:1a15:10d1::33]/ottrrs.hl.chinamobile.com/PLTV/88888888/224/3221225654/index.m3u8
北京卡酷少儿,http://[2409:8087:5e08:25::16]:6610/200000001898/460000089800010081/1.m3u8
北京卡酷少儿,https://migu.188766.xyz/?migutoken=1023983db6b5249e61d4950c1654cd84&id=%E5%8C%97%E4%BA%AC%E5%8D%A1%E9%85%B7%E5%B0%91%E5%84%BF&type=yy
北京卡酷少儿,https://migu.188766.xyz/?migutoken=2c51384549aec8a85219fdc0c475e40b&id=%E5%8C%97%E4%BA%AC%E5%8D%A1%E9%85%B7%E5%B0%91%E5%84%BF&type=yy
北京新闻,http://iptv.huuc.edu.cn/hls/btv9hd.m3u8
北京新闻,https://migu.188766.xyz/?migutoken=aa827c67c33e323973b297f53ce3ec84&id=%E5%8C%97%E4%BA%AC%E6%96%B0%E9%97%BB&type=yy
北京新闻,https://ls.qingting.fm/live/339/64k.m3u8
北京新闻,https://migu.188766.xyz/?migutoken=df6fa5447cc74883076849d396941029&id=%E5%8C%97%E4%BA%AC%E6%96%B0%E9%97%BB&type=yy
北京新闻,https://migu.188766.xyz/?migutoken=35fb58abdb81b2d238e06a763ae7680d&id=%E5%8C%97%E4%BA%AC%E6%96%B0%E9%97%BB&type=yy
北京生活,https://migu.188766.xyz/?migutoken=42c3cdb90190cfbb68aa926990ba2e82&id=%E5%8C%97%E4%BA%ACi%E7%94%9F%E6%B4%BB&type=yy
北京生活,https://migu.188766.xyz/?migutoken=ebac33487fb14297e10f0a7f96677c9d&id=%E5%8C%97%E4%BA%ACi%E7%94%9F%E6%B4%BB&type=yy
北京生活,https://migu.188766.xyz/?migutoken=136fbb78e4d83281d95615b20e411bed&id=%E5%8C%97%E4%BA%ACi%E7%94%9F%E6%B4%BB&type=yy
北京生活,https://migu.188766.xyz/?migutoken=b5a17d96fc35fc63b25cc763a1785672&id=%E5%8C%97%E4%BA%ACi%E7%94%9F%E6%B4%BB&type=yy
北京生活,https://migu.188766.xyz/?migutoken=e5ba633a55b22307c0e4272af6ea6632&id=%E5%8C%97%E4%BA%ACi%E7%94%9F%E6%B4%BB&type=yy
北京财经,https://migu.188766.xyz/?migutoken=c08ea955ec38f0a4d9526118b6474ec8&id=%E5%8C%97%E4%BA%AC%E8%B4%A2%E7%BB%8F&type=yy
北京财经,https://migu.188766.xyz/?migutoken=cc53eb44d2b32d63d359c351275b9ae6&id=%E5%8C%97%E4%BA%AC%E8%B4%A2%E7%BB%8F&type=yy
北京财经,https://migu.188766.xyz/?migutoken=c8b534aec73742e548cb389e18d991a8&id=%E5%8C%97%E4%BA%AC%E8%B4%A2%E7%BB%8F&type=yy
北京财经,https://migu.188766.xyz/?migutoken=3b13c5c5e624f786cc66b1a394b73802&id=%E5%8C%97%E4%BA%AC%E8%B4%A2%E7%BB%8F&type=yy
北京财经,https://migu.188766.xyz/?migutoken=be646e9ac808c7495130d26b316a39fd&id=%E5%8C%97%E4%BA%AC%E8%B4%A2%E7%BB%8F&type=yy
上海新闻综合,https://migu.188766.xyz/?migutoken=779bd2c7e2b23a37be54ec1b50771d47&id=%E4%B8%8A%E6%B5%B7%E6%96%B0%E9%97%BB%E7%BB%BC%E5%90%88&type=yy
上海新闻综合,https://stream1.freetv.fun/shang-hai-xin-wen-zong-he-3.m3u8
上海新闻综合,https://mgtv.ottiptv.cc/migu/651632657.m3u8?migutoken=348c9164063c2b1df215dd2fa7cd92cb119d8a335ae0edfb5d615a6c714e71b669eee2f5ff1730afa92af7ca41d0aa96e3a280d7e5f2069eb8a3b852f3ebc270147489d7c8bfb08a7c4b9c4d80
上海新闻综合,http://gslbmgsplive.miguvideo.com/wd_r4/dfl/xinwenzonghehd/1200/index.m3u8?msisdn=20250919080134d0a4f61e680b4d1b8d2460b858ff1fec&mdspid=&spid=699212&netType=0&sid=5500002275&pid=2028597139&timestamp=20250919080134&Channel_ID=0116_2600000900-99000-201600010010027&ProgramID=651632657&ParentNodeID=-99&assertID=5500002275&client_ip=106.13.250.88&SecurityKey=20250919080134&promotionId=&mvid=5100001716&mcid=500020&playurlVersion=WX-A1-8.9.1-RELEASE&userid=&jmhm=&videocodec=h264&bean=mgspad&tid=android&conFee=0&puData=c6e37e6787e81aeb250c874ff8533137&ddCalcu=7c36e1e13313705e86f7f8477e88c10a5e2b
上海新闻综合,http://gslbmgsplive.miguvideo.com/wd_r4/dfl/xinwenzonghehd/1200/index.m3u8?msisdn=20251023080141ea171d5993054ddd94612bf653be3cfa&mdspid=&spid=699212&netType=0&sid=5500002275&pid=2028597139&timestamp=20251023080141&Channel_ID=0116_2600000900-99000-201600010010027&ProgramID=651632657&ParentNodeID=-99&assertID=5500002275&client_ip=106.13.250.83&SecurityKey=20251023080141&promotionId=&mvid=5100001716&mcid=500020&playurlVersion=WX-A1-8.9.2-RELEASE&userid=&jmhm=&videocodec=h264&bean=mgspad&tid=android&conFee=0&puData=4757c0d2f0cd0feb69bcfc7ea14ddd49&ddCalcu=9447ed52d71dc0401da2ef70ccfdc0bf9e6b
上海第一财经,https://satellitepull.cnr.cn/live/wx32dycjgb/playlist.m3u8
上海第一财经,https://migu.188766.xyz/?migutoken=20bb1a06124bd6ea328162fe9605882d&id=dycj&type=sz
上海第一财经,https://mgtv.ottiptv.cc/migu/608780988.m3u8?migutoken=0c7df30d952e5d120406d3eb259cd5e26ec6aa86037008719de147cc6fbc34e877c3e3d7b9617267f35521bdddc4c5995e6fc0583816a5df1bfe19814868525e736733676761a4b2d4db618e84
上海第一财经,http://gslbmgsplive.miguvideo.com/wd_r1/2018/bestv/dycj/1000/index.m3u8?msisdn=2025091908013429b62173a5e24f8ea1f310d5ed32e792&mdspid=&spid=699212&netType=0&sid=2201008312&pid=2028597139&timestamp=20250919080134&Channel_ID=0116_2600000900-99000-201600010010027&ProgramID=608780988&ParentNodeID=-99&assertID=2201008312&client_ip=106.13.250.88&SecurityKey=20250919080134&promotionId=&mvid=2201008312&mcid=500020&playurlVersion=WX-A1-8.9.1-RELEASE&userid=&jmhm=&videocodec=h264&bean=mgspad&tid=android&conFee=0&puData=6c828d22c926cc843970f3f1c7455bea&ddCalcu=a6eceb815285804d72c21cf932f60c7c9834
上海第一财经,https://migu.188766.xyz/?migutoken=48076f7837fe4f59da0dbd882998f16d&id=dycj&type=sz
上海纪实,http://iptv.huuc.edu.cn/hls/docuchina.m3u8
上海纪实,https://stream1.freetv.fun/ipv6-shang-hai-ji-shi-ren-wen-2.m3u8
上海纪实,https://stream1.freetv.fun/ipv6-shang-hai-ji-shi-ren-wen-3.m3u8
上海纪实,https://stream1.freetv.fun/ipv6-shang-hai-ji-shi-ren-wen-5.m3u8
上海纪实,https://stream1.freetv.fun/shang-hai-ji-shi-ren-wen-1.m3u8
上海都市,https://zby.130519.xyz/PLTV/11/224/3221225749/index.m3u8
上海都市,https://migu.188766.xyz/?migutoken=6d8853cd2a35a94822edc25fb168517a&id=shds&type=sz
上海都市,https://stream1.freetv.fun/ipv6-shang-hai-du-shi-3.m3u8
上海都市,https://stream1.freetv.fun/ipv6-shang-hai-du-shi-8.m3u8
上海都市,https://stream1.freetv.fun/ipv6-shang-hai-du-shi-4.m3u8
东方影视,https://zby.130519.xyz/PLTV/11/224/3221225744/index.m3u8
东方影视,https://stream1.freetv.fun/dong-fang-ying-shi-12.m3u8
东方影视,https://stream1.freetv.fun/ipv6-dong-fang-ying-shi-8.m3u8
东方影视,https://www.freetv.top/migu/617290047.m3u8?migutoken=86c02ad0875d5cc49d77bcc8bdb628f2c9d508ffc323b964a03c8f92dde4afafa0345cf5a8fefbdf915c748e3d11c6c18e27ae1e21a609cec31a45e6c437db26a7a243625f9cf35c271171a22c
东方影视,https://stream1.freetv.fun/ipv6-dong-fang-ying-shi-9.m3u8
东方财经,https://zby.130519.xyz/PLTV/11/224/3221226134/index.m3u8
动漫秀场,https://zby.130519.xyz/PLTV/11/224/3221225764/index.m3u8
动漫秀场,http://php.jdshipin.com/itv6.php?cid=bestzb&id=5000000011000031113
动漫秀场,https://stream1.freetv.fun/dong-man-xiu-chang-11.m3u8
动漫秀场,https://stream1.freetv.fun/ipv6-dong-man-xiu-chang-11.m3u8
动漫秀场,https://stream1.freetv.fun/dong-man-xiu-chang-9.ctv
哈哈炫动,https://zby.130519.xyz/PLTV/11/224/3221226161/index.m3u8
哈哈炫动,http://php.jdshipin.com/TVOD/hnyd.php?id=200000001898/460000089800010117
哈哈炫动,http://[2409:8087:8:21::18]:6610/otttv.bj.chinamobile.com/PLTV/88888888/224/3221226931/1.m3u8
哈哈炫动,https://stream1.freetv.fun/ha-ha-xuan-dong-29.m3u8
哈哈炫动,https://stream1.freetv.fun/ha-ha-xuan-dong-8.m3u8
崇明电视台,https://pili-live-hls.wdit.com.cn/wditlive/c038f4fafbdf4f97ba74c74ad67259b931ee.m3u8
新闻综合,https://m3u8channel.yunxya.com/nmip-media/channellive/channel100028/playlist.m3u8
新闻综合,https://zby.130519.xyz/PLTV/11/224/3221226136/index.m3u8
新闻综合,https://stream1.freetv.fun/xin-wen-zong-he-5.m3u8
新闻综合,https://stream1.freetv.fun/xin-wen-zong-he-11.ctv
新闻综合,https://www.freetv.top/migu/651632657.m3u8?migutoken=b4a3e55048f55ec1c8fc5b509fbdf32f2dc5d255f5f218e79e84ca9a87fb9f2239927cb11b448f18285b50b81b4cd50a1354e9be5a3283375e85372798c3f3eb3ad60adf45eb5615f68eb4825f
欢笑剧场,https://zby.130519.xyz/PLTV/11/224/3221225771/index.m3u8
欢笑剧场,http://z.b.bkpcp.top/m.php?id=hxjc
欢笑剧场,http://gat.bkpcp.top/ymg.php?id=hxjc
欢笑剧场,http://goo.bkpcp.top/mg/hxjc
欢笑剧场,http://iptv.cdn.ha.chinamobile.com/PLTV/88888888/224/3221226704/index.m3u8
法治天地,https://zby.130519.xyz/PLTV/11/224/3221225994/index.m3u8
法治天地,http://php.jdshipin.com/itv6.php?cid=bestzb&id=9001547084732463424
法治天地,http://z.b.bkpcp.top/m.php?id=fztd
法治天地,http://iptv.cdn.ha.chinamobile.com/PLTV/88888888/224/3221226655/index.m3u8
法治天地,http://[2409:8087:5e01:24::16]:6610/000000001000/2000000002000000014/index.m3u8?stbId=3&livemode=1&HlsProfileId=&channel-id=hnbblive&Contentid=2000000002000000014&IASHttpSessionId=OTT19019320240419154124000281
生活时尚,https://zby.130519.xyz/PLTV/11/224/3221225768/index.m3u8
生活时尚,https://stream1.freetv.fun/sheng-huo-shi-shang-13.m3u8
生活时尚,https://stream1.freetv.fun/sheng-huo-shi-shang-17.ctv
生活时尚,https://stream1.freetv.fun/sheng-huo-shi-shang-9.ctv
生活时尚,https://stream1.freetv.fun/sheng-huo-shi-shang-29.m3u8
第一财经,http://satellitepull.cnr.cn/live/wx32dycjgb/playlist.m3u8
第一财经,https://zby.130519.xyz/PLTV/11/224/3221225737/index.m3u8
第一财经,https://stream1.freetv.fun/di-yi-cai-jing-13.m3u8
第一财经,https://stream1.freetv.fun/ipv6-di-yi-cai-jing-8.m3u8
第一财经,http://ls.qingting.fm/live/276.m3u8
纪实人文,http://ottrrs.hl.chinamobile.com/PLTV/88888888/224/3221225738/index.m3u8
纪实人文,https://stream1.freetv.fun/ipv6-ji-shi-ren-wen-12.m3u8
都市剧场,https://satellitepull.cnr.cn/live/wxcqxwgb/playlist.m3u8
都市剧场,https://zby.130519.xyz/PLTV/11/224/3221225762/index.m3u8
都市剧场,http://iptv.cdn.ha.chinamobile.com/PLTV/88888888/224/3221226694/index.m3u8
都市剧场,https://hls-gateway.vpstv.net/streams/708845.m3u8
都市剧场,http://[2409:8087:5e00:24::1e]:6060/000000001000/5000000011000031111/1.m3u8
万源新闻综合,http://live.wanyuannews.com/wytv/hd/live.m3u8?zsicd
重庆新闻,http://38.75.136.137:98/gslb/dsdqpub/cqxw.m3u8?auth=testpub
东海新闻,http://iptv.666230.xyz/iptv/jsyd.php/jsdonghaixinwen
优漫卡通,https://stream1.freetv.fun/you-man-qia-tong-11.m3u8
优漫卡通,https://www.freetv.top/migu/626064703.m3u8?migutoken=7f7c4b909389a0cd5172701768041a0f3887534c4534a68bf1dc85550389e9ab156655484be16e89604513fde9da2f036ebae28d31515b0be32eb12462f5de9d9cab8f00c44671241d5c6e1356
优漫卡通,https://www.freetv.top/migu/626064703.m3u8?migutoken=deac6c5275081b54ad412a195e499b7c0cb8f04446b6c80aaa9d3eb1063d620261c68202d59aea05060007b58a62d5d208f16379d861d6f1627c10c9dd894f0bf7e3ca97b04696255e193e871c
六合新闻综合,http://p2hs.vzan.com/720020/432453820030502236/live.m3u8
南京十八,https://mgtv.ottiptv.cc/migu/838151753.m3u8?migutoken=e1c3c9e2e67541d90ea94c4c917f96ecf43c6c0ae7c616929d8676e7c14bc5587ba870ce22575333640bfff61b05d4d468f6564c6251023f1ad20957cfe3b2c12e71b4662f83dce5d920a86c29
南京十八,http://gslbmgsplive.miguvideo.com/migu/kailu/nanjingsb/50/20230719/index.m3u8?msisdn=202509190801349730ff2fd0254ae4ad096d68d3fc7f35&mdspid=&spid=699067&netType=0&sid=5910021864&pid=2028597139&timestamp=20250919080134&Channel_ID=0116_2600000900-99000-201600010010027&ProgramID=838151753&ParentNodeID=-99&assertID=5910021864&client_ip=106.13.250.88&SecurityKey=20250919080134&promotionId=&mvid=5900006207&mcid=500020&playurlVersion=WX-A1-8.9.1-RELEASE&userid=&jmhm=&videocodec=h264&bean=mgspad&tid=android&conFee=0&puData=b0d57eedc76b6ea1b6b460ea0a8ac2d3&ddCalcu=3bd0e2d1c58a708eae0dace7066b46be6ab1
南京十八,http://gslbmgsplive.miguvideo.com/migu/kailu/nanjingsb/50/20230719/index.m3u8?msisdn=2025102308014162d44288f10c4a84b8b27a5f80ee99fd&mdspid=&spid=699067&netType=0&sid=5910021864&pid=2028597139&timestamp=20251023080141&Channel_ID=0116_2600000900-99000-201600010010027&ProgramID=838151753&ParentNodeID=-99&assertID=5910021864&client_ip=106.13.250.83&SecurityKey=20251023080141&promotionId=&mvid=5900006207&mcid=500020&playurlVersion=WX-A1-8.9.2-RELEASE&userid=&jmhm=&videocodec=h264&bean=mgspad&tid=android&conFee=0&puData=5a6e4ed4765e04fdb8e8bd37c3607a6c&ddCalcu=c56aea627e80406e3dc47736d5be80e48fbd
南京少儿,http://nklive.nbs.cn/hls/e0981f3f-1a20-4a59-b8d1-17feb83a4610/index.m3u8
南京教科,https://mgtv.ottiptv.cc/migu/838153729.m3u8?migutoken=0427a8c0867765b66984ce8ef774d494eeb52a2d6a7eefe17c4b03fa30923700917323b8951caa30617f3eecc1db2844cdff2f7470556533fbc072ad7a7cb0c6284344cc57983294a2b26f4303
南京教科,http://gslbmgsplive.miguvideo.com/migu/kailu/nanjingkj/50/20230719/index.m3u8?msisdn=2025091908013422d2a0f4ed5e4511b896d3d3645248f2&mdspid=&spid=699067&netType=0&sid=5910021865&pid=2028597139&timestamp=20250919080134&Channel_ID=0116_2600000900-99000-201600010010027&ProgramID=838153729&ParentNodeID=-99&assertID=5910021865&client_ip=106.13.250.88&SecurityKey=20250919080134&promotionId=&mvid=5900006205&mcid=500020&playurlVersion=WX-A1-8.9.1-RELEASE&userid=&jmhm=&videocodec=h264&bean=mgspad&tid=android&conFee=0&puData=52692ec9c72414583509ce0cd575172e&ddCalcu=e522e7611985207e5cd9cc07e2c491045538
南京教科,http://gslbmgsplive.miguvideo.com/migu/kailu/nanjingkj/50/20230719/index.m3u8?msisdn=20251023080141d50925a1117343ecb53b23bb6266f888&mdspid=&spid=699067&netType=0&sid=5910021865&pid=2028597139&timestamp=20251023080141&Channel_ID=0116_2600000900-99000-201600010010027&ProgramID=838153729&ParentNodeID=-99&assertID=5910021865&client_ip=106.13.250.83&SecurityKey=20251023080141&promotionId=&mvid=5900006205&mcid=500020&playurlVersion=WX-A1-8.9.2-RELEASE&userid=&jmhm=&videocodec=h264&bean=mgspad&tid=android&conFee=0&puData=b2b216d53c7175e66065d308271343c9&ddCalcu=9bc2e3b2428310167d25830c37d157650e66
南京教科,http://nklive.nbs.cn/hls/75b3c462-b831-4de7-a34b-5d3221db2069/index.m3u8
南京新闻综合,https://mgtv.ottiptv.cc/migu/838109047.m3u8?migutoken=d3d943815e6d6e9e9493a9b4b1d5a1d360bb5f3c04230f6d4d71f7f7c9f30771d321f1c262008c92ffde17fef4a62d1e1c58d5a9454573fb1489994d9be29f4e1cc7786813b671581eda4b9439
南京新闻综合,http://gslbmgsplive.miguvideo.com/migu/kailu/nanjingxwzh/50/20230719/index.m3u8?msisdn=202509190801346040f34e796a43e3821e1db9273c556a&mdspid=&spid=699067&netType=0&sid=5910021863&pid=2028597139&timestamp=20250919080134&Channel_ID=0116_2600000900-99000-201600010010027&ProgramID=838109047&ParentNodeID=-99&assertID=5910021863&client_ip=106.13.250.88&SecurityKey=20250919080134&promotionId=&mvid=5900006203&mcid=500020&playurlVersion=WX-A1-8.9.1-RELEASE&userid=&jmhm=&videocodec=h264&bean=mgspad&tid=android&conFee=0&puData=de89fe41d47757280f2c68af5d15033a&ddCalcu=ad3ee3810985f01ed451fda48767c527f208
南京新闻综合,http://gslbmgsplive.miguvideo.com/migu/kailu/nanjingxwzh/50/20230719/index.m3u8?msisdn=20251023080141b90781bc871243ca9ccefdd19990364a&mdspid=&spid=699067&netType=0&sid=5910021863&pid=2028597139&timestamp=20251023080141&Channel_ID=0116_2600000900-99000-201600010010027&ProgramID=838109047&ParentNodeID=-99&assertID=5910021863&client_ip=106.13.250.83&SecurityKey=20251023080141&promotionId=&mvid=5900006203&mcid=500020&playurlVersion=WX-A1-8.9.2-RELEASE&userid=&jmhm=&videocodec=h264&bean=mgspad&tid=android&conFee=0&puData=147e2c56380633b791b7bb2fc8bdccc9&ddCalcu=91c4ec72ce8d20bc85c6f328b0b673b31b97
南京新闻综合,http://nklive.nbs.cn/hls/d511bc9d-a694-4453-b3a2-4fc842cc97a1/index.m3u8
南通新闻综合,https://mgtv.ottiptv.cc/migu/955227985.m3u8?migutoken=03e9c85f19b5ac291f5863436507873a8f47ec3c677c7857c89bda5778edc8e38fc38b4270aa374c49eee39b39ffaf80a20b750130c27760df766c0cf7b5d437be8dc60c1ced9117d98f6c9b3e
南通新闻综合,http://gslbmgsplive.miguvideo.com/migu/kailu/ntxwzh/51/20250604/index.m3u8?msisdn=202509190801352ef9ff3bad3f4a65b064683f87e439c3&mdspid=&spid=699067&netType=0&sid=5910022178&pid=2028597139&timestamp=20250919080135&Channel_ID=0116_2600000900-99000-201600010010027&ProgramID=955227985&ParentNodeID=-99&assertID=5910022178&client_ip=106.13.250.88&SecurityKey=20250919080135&promotionId=&mvid=5900006706&mcid=500020&playurlVersion=WX-A1-8.9.1-RELEASE&userid=&jmhm=&videocodec=h264&bean=mgspad&tid=android&conFee=0&puData=98aea868da861defcb53a7c9f1ba5a81&ddCalcu=1988eaa15e5aa0b816f89dca78a6315dbecf
南通新闻综合,http://gslbmgsplive.miguvideo.com/migu/kailu/ntxwzh/51/20250604/index.m3u8?msisdn=202510230801432bba200bfb354535b9886f031208cce3&mdspid=&spid=699067&netType=0&sid=5910022178&pid=2028597139&timestamp=20251023080143&Channel_ID=0116_2600000900-99000-201600010010027&ProgramID=955227985&ParentNodeID=-99&assertID=5910022178&client_ip=106.13.250.83&SecurityKey=20251023080143&promotionId=&mvid=5900006706&mcid=500020&playurlVersion=WX-A1-8.9.2-RELEASE&userid=&jmhm=&videocodec=h264&bean=mgspad&tid=android&conFee=0&puData=2e507c0ae7d1d63de0a405794c6b1217&ddCalcu=721ee252105b706cc04a9e775d014da603ed
南通新闻综合,http://gslbmgsplive.miguvideo.com/migu/kailu/ntxwzh/51/20250604/index.m3u8?msisdn=202510240800592b66efbec2f342349068cf9b89987f0e&mdspid=&spid=699067&netType=0&sid=5910022178&pid=2028597139&timestamp=20251024080059&Channel_ID=0116_2600000900-99000-201600010010027&ProgramID=955227985&ParentNodeID=-99&assertID=5910022178&client_ip=106.13.250.88&SecurityKey=20251024080059&promotionId=&mvid=5900006706&mcid=500020&playurlVersion=WX-A1-8.9.2-RELEASE&userid=&jmhm=&videocodec=h264&bean=mgspad&tid=android&conFee=0&puData=c30e235addfb289fd6b4a087caa89b23&ddCalcu=3c23eb029e5820a3a5ca7d8d0fab42b869df
南通新闻综合,http://gslbmgsplive.miguvideo.com/migu/kailu/ntxwzh/51/20250604/index.m3u8?msisdn=20251025080102df5bfd8079f1495a93b5db8970ebcd80&mdspid=&spid=699067&netType=0&sid=5910022178&pid=2028597139&timestamp=20251025080102&Channel_ID=0116_2600000900-99000-201600010010027&ProgramID=955227985&ParentNodeID=-99&assertID=5910022178&client_ip=106.13.250.90&SecurityKey=20251025080102&promotionId=&mvid=5900006706&mcid=500020&playurlVersion=WX-A1-8.9.2-RELEASE&userid=&jmhm=&videocodec=h264&bean=mgspad&tid=android&conFee=0&puData=bce85213974cffcdcc52779b9d090656&ddCalcu=6b5ce6e208595002d193b997747c2f5fcccd
宜兴新闻,https://stream1.freetv.fun/yi-xing-xin-wen-1.m3u8
宜兴新闻,https://stream1.freetv.fun/yi-xing-xin-wen-2.m3u8
宜兴新闻,https://t.freetv.fun/live/yi-xing-xin-wen-1.m3u8
宜兴新闻,http://gslbmgsplive.miguvideo.com/migu/kailu/yxxwzh/51/20250604/index.m3u8?msisdn=1d653a4080d206d7b4b399c6a7606355&mdspid=&spid=699067&netType=0&sid=5910022179&pid=2028597139&timestamp=20260516053937&Channel_ID=0116_2600034600-99000-201600010010028&ProgramID=955227996&ParentNodeID=-99&assertID=5910022179&client_ip=39.98.171.74&SecurityKey=20260516053937&promotionId=&mvid=5900006707&mcid=500020&playurlVersion=ZQ-A1-9.5.1-RELEASE&userid=&jmhm=&videocodec=h264&appCode=miguvideo_android&bean=mgspad&tid=android&conFee=0&puData=c9036845f793ec4b3d44b18c2d62822d&ddCalcu=dc29v20a83l26a68d425cf8719b34e4cd43b&sv=10004&ct=android
宜兴新闻,http://hlszymgsplive.miguvideo.com:8080/migu/kailu/yxxwzh/51/20250604/index.m3u8?msisdn=2be6b2ec9fcf10d2c2457e2c710e172c&mdspid=&spid=699067&netType=0&sid=5910022179&pid=2028597139&timestamp=20260710040233&Channel_ID=0116_2600034600-99000-201600010010028&ProgramID=955227996&ParentNodeID=-99&assertID=5910022179&client_ip=171.8.79.254&SecurityKey=20260710040233&promotionId=&mvid=5900006707&mcid=500020&playurlVersion=WX-A1-9.6.1.6-SNAPSHOT&userid=&jmhm=&videocodec=h264&appCode=miguvideo_android&bean=mgspad&tid=android&conFee=0&encrypt=9f3b0d684e4e01505a59d4ea6c5a04e3&sv=10004&ct=android
宿迁公共,http://iptv.666230.xyz/iptv/jsyd.php/G_SQGG
常州公共,http://iptv.666230.xyz/iptv/jsyd.php/jsczgonggong
常州生活,http://iptv.666230.xyz/iptv/jsyd.php/jsczshenghuo
常州都市,http://iptv.666230.xyz/iptv/jsyd.php/jsczdushi
徐州公共,http://iptv.666230.xyz/iptv/jsyd.php/xzgg
新沂新闻,http://live.xysrmt.cn/xwzh/sd/live.m3u8?zjiangsd"
新沂生活,http://live.xysrmt.cn/shpd/sd/live.m3u8?zjiangsd
无锡娱乐,http://stream.thmz.com/wxtv2/playlist.m3u8?_upt=5ff4061f1706166872
无锡娱乐,http://stream.thmz.com/wxtv2/sd/live.m3u8?_upt=acffe97a1704940314
无锡娱乐,https://stream.thmz.com/wxtv2/playlist.m3u8
无锡娱乐,http://stream.thmz.com/wxtv2/sd/live.m3u8
无锡娱乐,http://stream.thmz.com/wxtv2/sd/live.m3u8?_upt=978cd8731706199708
无锡新闻综合,http://stream.thmz.com/wxtv1/playlist.m3u8
无锡新闻综合,http://stream.thmz.com/wxtv1/playlist.m3u8?_upt=156143371706166361
无锡新闻综合,http://stream.thmz.com/wxtv1/sd/live.m3u8?_upt=4ba3ab191698644028
无锡新闻综合,http://stream.thmz.com/wxtv1/sd/live.m3u8
无锡新闻综合,http://stream.thmz.com/wxtv1/sd/live.m3u8?zjiangsd#http://stream.thmz.com/wxtv1/playlist.m3u8?_upt=156143371706166361#http://stream.thmz.com/wxtv1/sd/live.m3u8?_upt=4ba3ab191698644028#http://stream.thmz.com/wxtv1/playlist.m3u8
无锡生活,http://stream.thmz.com/wxtv4/playlist.m3u8?_upt=8c51357c1707362770
无锡生活,https://stream.thmz.com/wxtv4/playlist.m3u8
无锡生活,http://stream.thmz.com/wxtv4/sd/live.m3u8
无锡生活,http://stream.thmz.com/wxtv4/sd/live.m3u8?_upt=978cd8731706199708
无锡经济,https://stream.thmz.com/wxtv5/playlist.m3u8
无锡经济,http://stream.thmz.com/wxtv5/sd/live.m3u8?zjiangsd
无锡经济,http://stream.thmz.com/wxtv5/playlist.m3u8?_upt=10155d141706166867
无锡经济,http://stream.thmz.com/wxtv5/playlist.m3u8
无锡经济,http://stream.thmz.com/wxtv5/sd/live.m3u8?_upt=cfacd5221704890772
无锡都市资讯,http://stream.thmz.com/wxtv3/playlist.m3u8
无锡都市资讯,http://stream.thmz.com/wxtv3/playlist.m3u8?_upt=1758133b1706166861
无锡都市资讯,http://stream.thmz.com/wxtv3/sd/live.m3u8?_upt=978cd8731706199708
无锡都市资讯,http://stream.thmz.com/wxtv3/sd/live.m3u8
无锡都市资讯,http://stream.thmz.com/wxtv3/sd/live.m3u8?zjiangsd#http://stream.thmz.com/wxtv3/sd/live.m3u8?_upt=978cd8731706199708#http://stream.thmz.com/wxtv3/playlist.m3u8#http://stream.thmz.com/wxtv3/playlist.m3u8?_upt=1758133b1706166861
武进生活,http://43.251.226.89:8080/play/522.m3u8
江宁新闻,https://migu.188766.xyz/?migutoken=77969fb082a75b798578427f3570edd2&id=%E4%BD%93%E8%82%B2%E4%BC%91%E9%97%B2%E9%A2%91%E9%81%93&type=yy
江苏体育,https://migu.188766.xyz/?migutoken=90d4e3f3f8a5288cc5aac4a92021e341&id=%E4%BD%93%E8%82%B2%E4%BC%91%E9%97%B2%E9%A2%91%E9%81%93&type=yy
江苏体育,https://migu.188766.xyz/?migutoken=af50fdc5b09032a97cf990bd6f36aef2&id=%E4%BD%93%E8%82%B2%E4%BC%91%E9%97%B2%E9%A2%91%E9%81%93&type=yy
江苏体育,https://migu.188766.xyz/?migutoken=25d75081796a390b82f0299988e556ac&id=%E4%BD%93%E8%82%B2%E4%BC%91%E9%97%B2%E9%A2%91%E9%81%93&type=yy
江苏体育,https://migu.188766.xyz/?migutoken=721cd3a9b6d2cd1a0e378a6a68ae2702&id=%E4%BD%93%E8%82%B2%E4%BC%91%E9%97%B2%E9%A2%91%E9%81%93&type=yy
江苏体育,https://migu.188766.xyz/?migutoken=e37f9d8dbdb18b5cdfd250b672323263&id=%E4%BD%93%E8%82%B2%E4%BC%91%E9%97%B2%E9%A2%91%E9%81%93&type=yy
江苏公共,http://iptv.666230.xyz/iptv/jsyd.php/G_JSGG
江苏城市,https://stream1.freetv.fun/675206b8446ce719bfb293b5a5296db3aa26521c9810de7c996838247cc56964.ctv
江苏城市,http://z.b.bkpcp.top/m.php?id=jscs
江苏城市,http://gslbmgsplive.miguvideo.com/wd_r2/jstv/jschengshi/600/index.m3u8?msisdn=202509030900312c5ad926e30449e5b9405f27a3fde9a6&mdspid=&spid=699067&netType=0&sid=5500260508&pid=2028597139&timestamp=20250903090031&Channel_ID=0116_2600037000-99000-200300220100002&ProgramID=626064714&ParentNodeID=-99&assertID=5500260508&client_ip=106.13.250.83&SecurityKey=20250903090031&promotionId=&mvid=5100186409&mcid=500020&playurlVersion=WX-A1-8.8.1-RELEASE&userid=&jmhm=&videocodec=h264&bean=mgspad&tid=android&conFee=0&puData=3712225a575d903704881b6443f50a06&ddCalcu=6307va1a02x52af2354a4567b51d89804307&sv=10004&ct=android
江苏城市,https://mgtv.ottiptv.cc/migu/626064714.m3u8?migutoken=02cafbc9d94c9e5e26c383c50287313c55f7e68abea08e811428e9b13cd8e46f93919d1a0859b1c76d8e4e78e1f7b8a6f89d71daf38a8275ac7633b59bcdb7cbf189e3152afb4fa80fadf4b134
江苏城市,http://gslbmgsplive.miguvideo.com/wd_r2/jstv/jschengshi/600/index.m3u8?msisdn=2025102308014130dd0a5e627f42499c11a2ab2361d34e&mdspid=&spid=699067&netType=0&sid=5500260508&pid=2028597139&timestamp=20251023080141&Channel_ID=0116_2600000900-99000-201600010010027&ProgramID=626064714&ParentNodeID=-99&assertID=5500260508&client_ip=106.13.250.83&SecurityKey=20251023080141&promotionId=&mvid=5100186409&mcid=500020&playurlVersion=WX-A1-8.9.2-RELEASE&userid=&jmhm=&videocodec=h264&bean=mgspad&tid=android&conFee=0&puData=5d7ae839a5e5f0b92b0a6b3471204437&ddCalcu=753de4724a60e02813794a35be65af00bb29
江苏影视,https://stream1.freetv.fun/a89dd489fa013bc4f36bcc4afe388f1783e2251c276e2566a9359d68a61c6d91.ctv
江苏影视,http://z.b.bkpcp.top/m.php?id=jsys
江苏影视,https://migu.188766.xyz/?migutoken=91756b74eb13850e4c87b15c25817e42&id=%E6%B1%9F%E8%8B%8F%E5%BD%B1%E8%A7%86%E9%A2%91%E9%81%93&type=yy
江苏影视,http://gslbmgsplive.miguvideo.com/wd_r2/jstv/jsyingshi/600/index.m3u8?msisdn=2025090309003105f41cc73cf04c92833c2265c0140111&mdspid=&spid=699067&netType=0&sid=5500260517&pid=2028597139&timestamp=20250903090031&Channel_ID=0116_2600037000-99000-200300220100002&ProgramID=626064697&ParentNodeID=-99&assertID=5500260517&client_ip=106.13.250.83&SecurityKey=20250903090031&promotionId=&mvid=5100186424&mcid=500020&playurlVersion=WX-A1-8.8.1-RELEASE&userid=&jmhm=&videocodec=h264&bean=mgspad&tid=android&conFee=0&puData=6814112e9248d0d7b2bc482bd82b9897&ddCalcu=7698v81a94wb1a2182deb9228448cdb02db7&sv=10004&ct=android
江苏影视,https://mgtv.ottiptv.cc/migu/626064697.m3u8?migutoken=6508bc5fae9f621ed6ec72d39eb7f60ab52c4b412a5ee7f5b612640ecccbde1f9584f0a97aebc090cb58f73e9e079ced87b059526a6614b5a9ad5a23ff4863d36adcc1ed699583e058fac3330e
江苏教育,https://stream1.freetv.fun/7174b4fd66ddb2a7456b7040105dc27a1e57c166593870bb773cb5f6b4546c54.ctv
江苏教育,http://z.b.bkpcp.top/m.php?id=jsjy
江苏教育,http://goo.bkpcp.top/mg/jsjy
江苏教育,https://migu.188766.xyz/?migutoken=bfd96895aa8e3e9aa47561510518c058&id=%E6%B1%9F%E8%8B%8F%E6%95%99%E8%82%B2&type=yy
江苏教育,http://gslbmgsplive.miguvideo.com/wd_r2/jstv/jsjiaoyu/600/index.m3u8?msisdn=20250903090031d7e536b9e78c4a42b0841922e44a4a36&mdspid=&spid=699067&netType=0&sid=5500287493&pid=2028597139&timestamp=20250903090031&Channel_ID=0116_2600037000-99000-200300220100002&ProgramID=628008321&ParentNodeID=-99&assertID=5500287493&client_ip=106.13.250.83&SecurityKey=20250903090031&promotionId=&mvid=5101012819&mcid=500020&playurlVersion=WX-A1-8.8.1-RELEASE&userid=&jmhm=&videocodec=h264&bean=mgspad&tid=android&conFee=0&puData=d3e3bd992ebf554d360ba9b83b9b179d&ddCalcu=dd93v7ea13bbba9db93982be9bafb505643d&sv=10004&ct=android
沭阳综合,https://shuyang-tv-hls.cm.jstv.com:443/shuyang-tv/shuyangzh.m3u8
泗洪新闻综合,http://live1.habctv.com/ggpdsl/sd/live.m3u8?zjiangsd#http://live1.habctv.com/ggpdsl/sd/live.m3u8
泗阳资讯,http://43.251.226.89:8080/play/530.m3u8
泰州一套新闻综合,https://stream1.freetv.fun/tai-zhou-yi-tao-xin-wen-zong-he-4.m3u8
涟水电视台综合,rtmp://lianshui-tv-hls.cm.jstv.com/lianshui-tv/lsxw
涟水电视台综合,https://lianshui-tv-hls.cm.jstv.com:443/lianshui-tv/lsxw.m3u8
涟水电视台综合,http://lianshui-tv-hls.cm.jstv.com/lianshui-tv/lsxw.m3u8?zjiangsd
涟水电视台综合,http://live1.habctv.com/ggpdsl/sd/live.m3u8?zjiangsd
涟水电视台综合,http://live1.habctv.com/ggpdsl/sd/live.m3u8
淮安影院娱乐,http://live1.habctv.com/ysylsl/sd/live.m3u8?zjiangsd
淮安影院娱乐,http://live1.habctv.com/ysylsl/sd/live.m3u8
淮安新闻综合,https://mgtv.ottiptv.cc/migu/639731826.m3u8?migutoken=383a4690d772fe16ccec98f2da2e7e0c3b362ae2d9a0fa219e9a7bb76bb96d4ca6392f861efb0a61154552c563897f4660867745735f85e310ec9fb52d7fc55cd30da8d55169f8c415c5a69a15
淮安新闻综合,http://gslbmgsplive.miguvideo.com/wd_r2/jstv/haxinwenzonghe/600/index.m3u8?msisdn=2025091908013583ce7f12af754a16ba29f7c2626810f0&mdspid=&spid=699067&netType=0&sid=5500469363&pid=2028597139&timestamp=20250919080135&Channel_ID=0116_2600000900-99000-201600010010027&ProgramID=639731826&ParentNodeID=-99&assertID=5500469363&client_ip=106.13.250.88&SecurityKey=20250919080135&promotionId=&mvid=5102012618&mcid=500020&playurlVersion=WX-A1-8.9.1-RELEASE&userid=&jmhm=&videocodec=h264&bean=mgspad&tid=android&conFee=0&puData=8f83667dfa073a4952557e51d015d22c&ddCalcu=c82fe281d395601607dd1f5ae077535a2459
淮安新闻综合,http://gslbmgsplive.miguvideo.com/wd_r2/jstv/haxinwenzonghe/600/index.m3u8?msisdn=20251023080142941c175264e346bdb28fc24a4c0fff92&mdspid=&spid=699067&netType=0&sid=5500469363&pid=2028597139&timestamp=20251023080142&Channel_ID=0116_2600000900-99000-201600010010027&ProgramID=639731826&ParentNodeID=-99&assertID=5500469363&client_ip=106.13.250.83&SecurityKey=20251023080142&promotionId=&mvid=5102012618&mcid=500020&playurlVersion=WX-A1-8.9.2-RELEASE&userid=&jmhm=&videocodec=h264&bean=mgspad&tid=android&conFee=0&puData=228f78becdd3f1c2f4ea311cb51557e2&ddCalcu=22e2e7825f9570185bbecc1d1d33afe14cf2
淮安新闻综合,http://gslbmgsplive.miguvideo.com/wd_r2/jstv/haxinwenzonghe/600/index.m3u8?msisdn=2025102408005841cc8f9eb2074fbabaeaef4617e0ca47&mdspid=&spid=699067&netType=0&sid=5500469363&pid=2028597139&timestamp=20251024080058&Channel_ID=0116_2600000900-99000-201600010010027&ProgramID=639731826&ParentNodeID=-99&assertID=5500469363&client_ip=106.13.250.88&SecurityKey=20251024080058&promotionId=&mvid=5102012618&mcid=500020&playurlVersion=WX-A1-8.9.2-RELEASE&userid=&jmhm=&videocodec=h264&bean=mgspad&tid=android&conFee=0&puData=d70ba06f67ad26900d75c4f6652b7fa4&ddCalcu=4da7ef027b9ba020566f66f74acd5276d900
淮阴综合,https://huaiyin-tv-replay.cm.jstv.com/huaiyin-tv/huaiyinf.m3u8
溧水新闻综合,https://mgtv.ottiptv.cc/migu/639737327.m3u8?migutoken=4c07b7afe94ad06d114a6bccae5747804d493ab7b1100069e485b78d3cb91c0fb0dbd92aa90a6157d7066e5b90780fabf5e150e17ebb9bc72b8bb18f43c5acddd1c0fd4d1904a99210aa962135
溧水新闻综合,http://gslbmgsplive.miguvideo.com/migu/kailu/wxxwzh/51/20250604/index.m3u8?msisdn=202509190801368edab7fc3daa499fa4e273d73d8b9f2d&mdspid=&spid=699067&netType=0&sid=5500469349&pid=2028597139&timestamp=20250919080136&Channel_ID=0116_2600000900-99000-201600010010027&ProgramID=639737327&ParentNodeID=-99&assertID=5500469349&client_ip=106.13.250.88&SecurityKey=20250919080136&promotionId=&mvid=5102012612&mcid=500020&playurlVersion=WX-A1-8.9.1-RELEASE&userid=&jmhm=&videocodec=h264&bean=mgspad&tid=android&conFee=0&puData=c3e71707790a9a58ff5c4df8b135c614&ddCalcu=4c13e6e1c795103710b787f9d04ac95af5f8
溧水新闻综合,http://gslbmgsplive.miguvideo.com/migu/kailu/wxxwzh/51/20250604/index.m3u8?msisdn=20251023080144558f016a4098437fa4b5f82b16dbaeb4&mdspid=&spid=699067&netType=0&sid=5500469349&pid=2028597139&timestamp=20251023080144&Channel_ID=0116_2600000900-99000-201600010010027&ProgramID=639737327&ParentNodeID=-99&assertID=5500469349&client_ip=106.13.250.83&SecurityKey=20251023080144&promotionId=&mvid=5102012612&mcid=500020&playurlVersion=WX-A1-8.9.2-RELEASE&userid=&jmhm=&videocodec=h264&bean=mgspad&tid=android&conFee=0&puData=d70adf995324060624c3825a44083d19&ddCalcu=9d17ed023a98d00f4949a553228430c64026
溧水新闻综合,http://gslbmgsplive.miguvideo.com/migu/kailu/wxxwzh/51/20250604/index.m3u8?msisdn=202510240800594a9687dbd7324f45ae45174f1227d3ad&mdspid=&spid=699067&netType=0&sid=5500469349&pid=2028597139&timestamp=20251024080059&Channel_ID=0116_2600000900-99000-201600010010027&ProgramID=639737327&ParentNodeID=-99&assertID=5500469349&client_ip=106.13.250.88&SecurityKey=20251024080059&promotionId=&mvid=5102012612&mcid=500020&playurlVersion=WX-A1-8.9.2-RELEASE&userid=&jmhm=&videocodec=h264&bean=mgspad&tid=android&conFee=0&puData=287022ec4f8292e91b2eca7dd26993d3&ddCalcu=32d8e372909920622edcd47fa8c2e922be19
溧水新闻综合,http://gslbmgsplive.miguvideo.com/migu/kailu/wxxwzh/51/20250604/index.m3u8?msisdn=20251025080102f85a6abac0d64c679ab538b375a256e3&mdspid=&spid=699067&netType=0&sid=5500469349&pid=2028597139&timestamp=20251025080102&Channel_ID=0116_2600000900-99000-201600010010027&ProgramID=639737327&ParentNodeID=-99&assertID=5500469349&client_ip=106.13.250.90&SecurityKey=20251025080102&promotionId=&mvid=5102012612&mcid=500020&playurlVersion=WX-A1-8.9.2-RELEASE&userid=&jmhm=&videocodec=h264&bean=mgspad&tid=android&conFee=0&puData=c4c759517172dc16ebdc0de9d4416c8c&ddCalcu=cc84ecc26791504945d197e1d702cddcb1e6
滨海新闻综合,http://traffic.jbh.tjbh.com/live/bhtv10/playlist.m3u8
睢宁三农,http://iptv.666230.xyz/iptv/jsyd.php/xzsnsn
睢宁综合,http://iptv.666230.xyz/iptv/jsyd.php/xzsnzh
睢宁资讯,http://iptv.666230.xyz/iptv/jsyd.php/xzsnzx
苏州文化生活,https://live-auth.51kandianshi.com/szgd/csztv3.m3u8
苏州文化生活,https://stream1.freetv.fun/su-zhou-wen-hua-sheng-huo-2.m3u8
苏州文化生活,https://t.freetv.fun/live/su-zhou-wen-hua-sheng-huo.m3u8
苏州新闻综合,https://live-auth.51kandianshi.com/szgd/csztv1.m3u8
苏州新闻综合,https://stream1.freetv.fun/su-zhou-xin-wen-zong-he-13.m3u8
苏州新闻综合,https://t.freetv.fun/live/su-zhou-xin-wen-zong-he.m3u8
苏州生活资讯,https://live-auth.51kandianshi.com/szgd/csztv5.m3u8
苏州生活资讯,https://stream1.freetv.fun/su-zhou-sheng-huo-zi-xun-1.m3u8
苏州生活资讯,https://t.freetv.fun/live/su-zhou-sheng-huo-zi-xun.m3u8
苏州社会经济,https://live-auth.51kandianshi.com/szgd/csztv2.m3u8
苏州社会经济,https://stream1.freetv.fun/su-zhou-she-hui-jing-ji-2.m3u8
苏州社会经济,https://t.freetv.fun/live/su-zhou-she-hui-jing-ji.m3u8
连云港公共,http://iptv.666230.xyz/iptv/jsyd.php/jslyggonggongpd
连云港新闻综合,http://z.b.bkpcp.top/m.php?id=lygxwzh
连云港新闻综合,https://migu.188766.xyz/?migutoken=1b0d5ada0a7a68f9bc0ad66f4464a69d&id=%E8%BF%9E%E4%BA%91%E6%B8%AF%E6%96%B0%E9%97%BB%E7%BB%BC%E5%90%88&type=yy
连云港新闻综合,https://stream1.freetv.fun/lian-yun-gang-xin-wen-zong-he-3.ctv
连云港新闻综合,http://gslbmgsplive.miguvideo.com/wd_r2/jstv/lygxinwenzonghe/600/index.m3u8?msisdn=20250903090032646047095bc64a1c968e703401c7fec1&mdspid=&spid=699067&netType=0&sid=5500469369&pid=2028597139&timestamp=20250903090032&Channel_ID=0116_2600037000-99000-200300220100002&ProgramID=639731715&ParentNodeID=-99&assertID=5500469369&client_ip=106.13.250.83&SecurityKey=20250903090032&promotionId=&mvid=5102012621&mcid=500020&playurlVersion=WX-A1-8.8.1-RELEASE&userid=&jmhm=&videocodec=h264&bean=mgspad&tid=android&conFee=0&puData=c19beb3ac61dd99e40036c371af55211&ddCalcu=1c11v29a5bx5eafba31a7c36c16d3d09094e&sv=10004&ct=android
连云港新闻综合,https://mgtv.ottiptv.cc/migu/639731715.m3u8?migutoken=70f90182e47785fca234628a083c2a775b48319c0603f2641b5a891ba90b43816e51fb1b07cad8793011132425ebbc0f1568b3bc433d2f04e40344c5fe163be8bf6490e14ab6b96b4419f3f134
镇江二套社会民生,http://zjtv-wshls.homecdn.com/live/2aa16.m3u8
镇江新闻综合,http://gslbmgsplive.miguvideo.com/migu/kailu/zjxwzh/50/20251127/index.m3u8?msisdn=20251206080345c6b198548f7a4137bc34f4fc1877f2c2&mdspid=&spid=699067&netType=0&sid=5500469365&pid=2028597139&timestamp=20251206080345&Channel_ID=0116_2600037000-99000-200300220100002&ProgramID=639731783&ParentNodeID=-99&assertID=5500469365&client_ip=218.28.233.106&SecurityKey=20251206080345&promotionId=&mvid=5102012619&mcid=500020&playurlVersion=WX-A1-8.11.2-RELEASE&userid=&jmhm=&videocodec=h264&appCode=miguvideo_android&bean=mgspad&tid=android&conFee=0&puData=5d35d17d8948be41fe9df1c12a69cc94&ddCalcu=459dvc3ac5x9da61a72d18c914f8db9ee4f1&sv=10004&ct=android
镇江新闻综合,http://gslbmgsplive.miguvideo.com/migu/kailu/zjxwzh/50/20251127/index.m3u8?msisdn=202512070804180dc971d1028249d9ba74a7370ff6b1c3&mdspid=&spid=699067&netType=0&sid=5500469365&pid=2028597139&timestamp=20251207080418&Channel_ID=0116_2600037000-99000-200300220100002&ProgramID=639731783&ParentNodeID=-99&assertID=5500469365&client_ip=218.28.233.106&SecurityKey=20251207080418&promotionId=&mvid=5102012619&mcid=500020&playurlVersion=WX-A1-8.11.2-RELEASE&userid=&jmhm=&videocodec=h264&appCode=miguvideo_android&bean=mgspad&tid=android&conFee=0&puData=7b7c75694c990bae0016294382e20c45&ddCalcu=574bvc7a0cx27ae52689344c9929601b0a0e&sv=10004&ct=android
镇江新闻综合,http://gslbmgsplive.miguvideo.com/migu/kailu/zjxwzh/50/20251127/index.m3u8?msisdn=20251208080341313571580fa8460da91165977ac1e06f&mdspid=&spid=699067&netType=0&sid=5500469365&pid=2028597139&timestamp=20251208080341&Channel_ID=0116_2600037000-99000-200300220100002&ProgramID=639731783&ParentNodeID=-99&assertID=5500469365&client_ip=218.28.233.106&SecurityKey=20251208080341&promotionId=&mvid=5102012619&mcid=500020&playurlVersion=WX-A1-8.11.2-RELEASE&userid=&jmhm=&videocodec=h264&appCode=miguvideo_android&bean=mgspad&tid=android&conFee=0&puData=2c7a0ae2fd26eca75203005af08c49b5&ddCalcu=52bcv97a4axc0a8a0ef2af5d02063e0c2a57&sv=10004&ct=android
镇江新闻综合,http://gslbmgsplive.miguvideo.com/migu/kailu/zjxwzh/50/20251127/index.m3u8?msisdn=202512090804173580256011aa4d078a2137bc1a9d5136&mdspid=&spid=699067&netType=0&sid=5500469365&pid=2028597139&timestamp=20251209080417&Channel_ID=0116_2600037000-99000-200300220100002&ProgramID=639731783&ParentNodeID=-99&assertID=5500469365&client_ip=218.28.233.106&SecurityKey=20251209080417&promotionId=&mvid=5102012619&mcid=500020&playurlVersion=WX-A1-8.11.2-RELEASE&userid=&jmhm=&videocodec=h264&appCode=miguvideo_android&bean=mgspad&tid=android&conFee=0&puData=f6e47246808c5e75188d4c264e6ec6a4&ddCalcu=4fa6v6eac4xe7a62e4466820c84cd58e8715&sv=10004&ct=android
镇江新闻综合,http://gslbmgsplive.miguvideo.com/migu/kailu/zjxwzh/50/20251127/index.m3u8?msisdn=20251210080338fedb59e067a84538b38a89a13b30f943&mdspid=&spid=699067&netType=0&sid=5500469365&pid=2028597139&timestamp=20251210080338&Channel_ID=0116_2600037000-99000-200300220100002&ProgramID=639731783&ParentNodeID=-99&assertID=5500469365&client_ip=218.28.233.106&SecurityKey=20251210080338&promotionId=&mvid=5102012619&mcid=500020&playurlVersion=WX-A1-8.11.2-RELEASE&userid=&jmhm=&videocodec=h264&appCode=miguvideo_android&bean=mgspad&tid=android&conFee=0&puData=c898ea8575b0bdd86e9726753a6ba64c&ddCalcu=cc48v69aa8xbea6aa83557756b207b9ded68&sv=10004&ct=android
靖江新闻综合,http://ls.qingting.fm/live/23797.m3u8
靖江新闻综合,https://stream1.freetv.fun/jing-jiang-xin-wen-zong-he-7.m3u8
靖江新闻综合,https://stream1.freetv.fun/jing-jiang-xin-wen-zong-he-1.m3u8
朝阳新闻综合,http://120.76.248.139/live/bfgd/4200000282.m3u8
辽宁北方,https://stream1.freetv.fun/liao-zhu-bei-fang-3.m3u8
辽宁影视剧,https://stream1.freetv.fun/liao-zhu-ying-shi-ju-1.m3u8
辽宁影视剧,https://stream1.freetv.fun/liao-zhu-ying-shi-ju-3.m3u8
辽宁影视剧,https://stream1.freetv.fun/liao-zhu-ying-shi-ju-2.m3u8
辽宁教育青少,https://stream1.freetv.fun/liao-zhu-jiao-yu-qing-shao-1.m3u8
辽宁生活,https://stream1.freetv.fun/liao-zhu-sheng-huo-1.m3u8
辽宁经济,https://stream1.freetv.fun/liao-zhu-jing-ji-2.m3u8
辽宁都市,https://ls.qingting.fm/live/1099/64k.m3u8
辽宁都市,https://stream1.freetv.fun/liao-zhu-du-shi-5.m3u8
湖南都市,https://stream1.freetv.fun/hu-nan-du-shi-13.m3u8
湖南都市,https://stream1.freetv.fun/hu-nan-du-shi-4.m3u8
湖南都市,https://stream1.freetv.fun/hu-nan-du-shi-8.m3u8
湖南都市,https://stream1.freetv.fun/hu-nan-du-shi-9.m3u8
湖南都市,https://stream1.freetv.fun/hu-nan-du-shi-6.ctv
湖南经视,https://stream1.freetv.fun/hu-nan-jing-shi-6.m3u8
湖南经视,https://stream1.freetv.fun/hu-nan-jing-shi-1.m3u8
湖南经视,https://stream1.freetv.fun/hu-nan-jing-shi-15.ctv
湖南经视,https://stream1.freetv.fun/hu-nan-jing-shi-5.m3u8
湖南经视,https://stream1.freetv.fun/hu-nan-jing-shi-2.m3u8
湖南电视剧,https://stream1.freetv.fun/hu-nan-dian-shi-ju-2.m3u8
湖南电视剧,https://stream1.freetv.fun/hu-nan-dian-shi-ju-12.m3u8
湖南电视剧,https://stream1.freetv.fun/hu-nan-dian-shi-ju-14.ctv
湖南电视剧,https://stream1.freetv.fun/hu-nan-dian-shi-ju-7.m3u8
湖南电视剧,https://stream1.freetv.fun/hu-nan-dian-shi-ju-3.m3u8
湖南电影,http://php.jdshipin.com:8880/iptv.php
湖南电影,https://stream1.freetv.fun/hu-nan-dian-ying-2.ctv
湖南爱晚,http://php.jdshipin.com:8880/iptv.php?id=hngg
湖南教育,https://stream1.freetv.fun/hu-nan-jiao-yu-6.ctv
湖南娱乐,https://stream1.freetv.fun/hu-nan-yu-le-9.ctv
湖南娱乐,https://stream1.freetv.fun/hu-nan-yu-le-3.m3u8
湖南国际,https://stream1.freetv.fun/hu-nan-guo-ji-2.ctv
湖南国际,https://stream1.freetv.fun/hu-nan-guo-ji-4.ctv
湖南公共,https://stream1.freetv.fun/hu-nan-gong-gong-7.m3u8
湖南公共,https://stream1.freetv.fun/hu-nan-gong-gong-5.ctv
湖南公共,https://stream1.freetv.fun/hu-nan-gong-gong-2.ctv
湖南公共,https://stream1.freetv.fun/hu-nan-gong-gong-7.ctv
金鹰纪实,http://iptv.huuc.edu.cn/hls/gedocu.m3u8
金鹰纪实,http://rrs01.hw.gmcc.net:8088/PLTV/81/224/3221226667/1.m3u8
金鹰纪实,https://hls-gateway.vpstv.net/streams/708834.m3u8
金鹰纪实,https://stream1.freetv.fun/jin-ying-ji-shi-35.m3u8
金鹰纪实,https://stream1.freetv.fun/jin-ying-ji-shi-22.ctv
长沙新闻综合,http://ls.qingting.fm/live/4877.m3u8
长沙新闻,http://ls.qingting.fm/live/4877.m3u8
娄底综合,http://iptv.666230.xyz/iptv/hnyx.php/ldxw
湖北综合,http://[2409:8087:4c0a:22:1::11]:6410/170000001115/UmaiCHAN638072216f7da/index.m3u8?AuthInfo=9kOOdBn7MFF%2F2bWjKgahUUAdKgLqNB5aOAUhcp5CeNLx3R3LdIBdA5q61lut1LwZcw4SC2tJubc%2Bq5t%2F61jvWCtjrJL0x%2BHncPgdmcbBW9I
湖北综合,https://stream1.freetv.fun/hu-bei-zong-he-4.ctv
湖北综合,https://stream1.freetv.fun/hu-bei-zong-he-6.ctv
湖北经视,https://stream1.freetv.fun/hu-bei-jing-shi-2.ctv
湖北经视,https://stream1.freetv.fun/hu-bei-jing-shi-24.m3u8
湖北经视,https://t.freetv.fun/live/hu-bei-jing-shi-1.m3u8
湖北生活,http://[2409:8087:4c0a:22:1::11]:6410/170000001115/UmaiCHAN638072c62e405/index.m3u8?AuthInfo=9kOOdBn7MFF%2F2bWjKgahUUAdKgLqNB5aOAUhcp5CeNKJPodw5BcDirSOw7egztI5bUvJjqPzSNAhrA37GrbRBIAjGQpzP0QmgsmuHnQyd2c
湖北生活,https://stream1.freetv.fun/hu-bei-sheng-huo-3.ctv
湖北生活,https://stream1.freetv.fun/hu-bei-sheng-huo-2.m3u8
湖北生活,https://stream1.freetv.fun/hu-bei-sheng-huo-4.ctv
湖北生活,https://t.freetv.fun/live/hu-bei-sheng-huo.m3u8
湖北教育,http://[2409:8087:4c0a:22:1::11]:6410/170000001115/UmaiCHAN638072a6cbbf6/index.m3u8?AuthInfo=9kOOdBn7MFF%2F2bWjKgahUUAdKgLqNB5aOAUhcp5CeNKTFQuOKNd5i0HMa3ydMWIQ6kJ2fBJGJ77BLTXK72CqUYQsX3ZguYt0954s9hfZTfc
湖北教育,https://stream1.freetv.fun/hu-bei-jiao-yu-4.ctv
湖北教育,https://stream1.freetv.fun/hu-bei-jiao-yu-1.ctv
湖北教育,https://t.freetv.fun/live/hu-bei-jiao-yu.m3u8
湖北影视,https://stream1.freetv.fun/hu-bei-ying-shi-1.m3u8
湖北影视,https://stream1.freetv.fun/hu-bei-ying-shi-1.ctv
湖北影视,https://stream1.freetv.fun/hu-bei-ying-shi-14.m3u8
湖北公共,https://stream1.freetv.fun/hu-bei-gong-gong-5.ctv
湖北垄上,http://[2409:8087:4c0a:22:1::11]:6410/170000001115/UmaiCHAN638072463c333/index.m3u8?AuthInfo=9kOOdBn7MFF%2F2bWjKgahUUAdKgLqNB5aOAUhcp5CeNL%2Be1h4FfA5QqwJ7IPOz3p2qIS7djSxm17Htd%2FckZkm%2FVqsKHEJFJt26ju9iibzMEo
湖北垄上,https://stream1.freetv.fun/hu-bei-long-shang-1.ctv
湖北垄上,https://t.freetv.fun/live/hu-bei-long-shang.m3u8
武汉一台新闻综合,https://ls.qingting.fm/live/20198/64k.m3u8
武汉一台新闻综合,https://stream1.freetv.fun/wu-yi-xin-wen-zong-he-1.m3u8
武汉一台新闻综合,https://stream1.freetv.fun/wu-yi-xin-wen-zong-he-7.m3u8
武汉二台电视剧,https://stream1.freetv.fun/wu-yi-2dian-shi-ju-1.m3u8
武汉四台经济,https://stream1.freetv.fun/wu-yi-jing-ji-1.m3u8
武汉教育,https://stream1.freetv.fun/wu-yi-jiao-yu-4.m3u8
武汉教育,https://stream1.freetv.fun/wu-yi-jiao-yu-6.m3u8
武汉教育,https://stream1.freetv.fun/wu-yi-jiao-yu-8.m3u8
武汉教育,https://stream1.freetv.fun/wu-yi-jiao-yu-13.ctv
武汉教育,https://stream1.freetv.fun/wu-yi-jiao-yu-1.m3u8
武汉文体,http://www.hiliu.myds.me:18088/rtp/239.69.1.147:10518
十堰新闻,https://stream1.freetv.fun/shi-yan-xin-wen-1.m3u8
十堰新闻,https://stream1.freetv.fun/shi-yan-xin-wen-2.m3u8
十堰新闻,https://stream1.freetv.fun/shi-yan-xin-wen-3.m3u8
十堰新闻,https://stream1.freetv.fun/shi-yan-xin-wen-4.m3u8
荆门新闻综合,http://stream.jmtv.com.cn/xwzh/sd/live.m3u8
荆门新闻综合,https://stream.jmtv.com.cn/xwzh/playlist.m3u8?_upt=3e28e7271664278691
荆门新闻综合,https://stream1.freetv.fun/jing-men-xin-wen-zong-he-6.m3u8
荆门新闻综合,https://stream1.freetv.fun/jing-men-xin-wen-zong-he-2.m3u8
荆门新闻综合,https://stream1.freetv.fun/jing-men-xin-wen-zong-he-3.m3u8
南宁公共,https://stream1.freetv.fun/nan-zhu-gong-gong-1.m3u8
南宁公共,https://stream1.freetv.fun/nan-zhu-gong-gong-5.m3u8
南宁公共,https://stream1.freetv.fun/nan-zhu-gong-gong-9.m3u8
南宁公共,https://stream1.freetv.fun/nan-zhu-gong-gong-6.m3u8
南宁公共,https://stream1.freetv.fun/nan-zhu-gong-gong-7.m3u8
南宁新闻综合,https://stream1.freetv.fun/nan-zhu-xin-wen-zong-he-3.m3u8
南宁新闻综合,https://stream1.freetv.fun/nan-zhu-xin-wen-zong-he-1.m3u8
南宁新闻综合,https://stream1.freetv.fun/nan-zhu-xin-wen-zong-he-4.m3u8
南宁都市生活,http://615bbf179ba53515dccad7b1da5d1ad9.livehwc3.cn/hls.nntv.cn/nnlive/WLSH_24.m3u8?sub_m3u8=true&edge_slice=true&user_session_id=2598844eaee8a4265e706fc14b3fc11d
南宁都市生活,https://stream1.freetv.fun/nan-zhu-du-shi-sheng-huo-1.m3u8
南宁都市生活,https://stream1.freetv.fun/nan-zhu-du-shi-sheng-huo-2.m3u8
南宁都市生活,https://stream1.freetv.fun/nan-zhu-du-shi-sheng-huo-3.m3u8
南宁都市生活,https://t.freetv.fun/live/nan-zhu-du-shi-sheng-huo-1.m3u8
宾阳综合,http://pulls.myun.tv/live/0dkp33j5.m3u8
灌阳新闻综合,https://ls.qingting.fm/live/5043/64k.m3u8
田东综合,http://pulls.myun.tv/live/0dkp33j5.m3u8
广西新闻,http://192.151.150.154/live/gxxw.m3u8
广西新闻,http://107.150.60.122/live/gxxw.m3u8
广西新闻,http://198.204.228.26/live/gxxw.m3u8
广西新闻,http://38.75.136.137:98/gslb/dsdqpub/gxxw.m3u8?auth=testpub
广西新闻,http://63.141.230.178:82/gslb/zbdq5.m3u8?id=gxxw
广西国际,http://198.204.228.26/live/gxgj.m3u8
广西国际,http://63.141.230.178:82/gslb/zbdq5.m3u8?id=gxgj
广西国际,http://192.151.150.154/live/gxgj.m3u8
广西国际,http://38.75.136.137:98/gslb/dsdqpub/gxgj.m3u8?auth=testpub
广西国际,http://107.150.60.122/live/gxgj.m3u8
南宁影视娱乐,http://hls.nntv.cn/nnlive/YSYL_244.m3u8
南宁影视娱乐,https://stream1.freetv.fun/nan-zhu-ying-shi-yu-le-1.m3u8
南宁影视娱乐,https://stream1.freetv.fun/nan-zhu-ying-shi-yu-le-3.m3u8
南宁影视娱乐,https://stream1.freetv.fun/nan-zhu-ying-shi-yu-le-4.m3u8
南宁影视娱乐,https://t.freetv.fun/live/nan-zhu-ying-shi-yu-le-3.m3u8
武清综合,https://tvpull.smartwq.cn/wqlive/convergencemedia/playlist.m3u8?ztianjd
乐山新闻综合,https://stream1.freetv.fun/le-shan-xin-wen-zong-he-1.m3u8
乐山新闻综合,https://stream1.freetv.fun/le-shan-xin-wen-zong-he-2.m3u8
乐至综合,http://175.155.106.72:89/live1/live1.m3u8
乐至综合,http://175.155.106.72:89/live1/live1.m3u8?zsicd;http://rmlive.lzxrmtzx.com/live1/live1.m3u8?zsicd
乐至综合,http://175.155.106.72:89/live1/live1.m3u8?zsicd
井研综合,http://tvfile.jyrmt.cn/nmip-media/channellive/channel104452/playlist.m3u8
剑阁综合,https://m3u8.channel.dzsm.com/nmip-media/channellive/channel105549/playlist.m3u8
叙州新闻综合,https://stream1.freetv.fun/xu-zhou-xin-wen-zong-he-6.m3u8
叙州新闻综合,https://stream1.freetv.fun/xu-zhou-xin-wen-zong-he-2.m3u8
叙州新闻综合,https://stream1.freetv.fun/xu-zhou-xin-wen-zong-he-7.m3u8
叙州新闻综合,https://stream1.freetv.fun/xu-zhou-xin-wen-zong-he-3.m3u8
叙州新闻综合,https://stream1.freetv.fun/xu-zhou-xin-wen-zong-he-1.m3u8
名山综合,https://m3u8channel-bx.yunxya.com/nmip-media/channellive/channel104666/playlist.m3u8
四川科教,https://stream1.freetv.fun/si-chuan-ke-jiao-3.ctv
四川科教,https://stream1.freetv.fun/si-chuan-ke-jiao-1.m3u8
四川科教,https://stream1.freetv.fun/si-chuan-ke-jiao-4.ctv
广元公共,https://m3u8.channel.dzsm.com/nmip-media/channellive/channel101257/playlist.m3u8
广元综合,https://stream1.freetv.fun/yan-yuan-zong-he-1.m3u8
广元综合,https://stream1.freetv.fun/yan-yuan-zong-he-2.ctv
广安公共,http://live1.gatv.com.cn:85/live/GGPD_ggpdzm.m3u8?zsicd
广安公共,http://live1.gatv.com.cn:85/live/GGPD.m3u8
广安公共,http://live1.gatv.com.cn:85/live/GGPD_ggpdzm.m3u8
康巴卫视,http://[2409:8087:8:21::18]:6610/otttv.bj.chinamobile.com/PLTV/88888888/224/3221227027/1.m3u8?GuardEncType=2&accountinfo=%7E%7EV2.0%7EkHMvBpWz4rccMxNvSRekpQ%7EtP4-l0lmSfjwLWEfK_el1vH_mv-s1zo4AQJwdedaVwG9xkuFTDg8J26cwOrNJzn20BErrHdLhuZ9EzLUCD3PMW-OMx4MGteHV2vLeW6BqoY%2CEND
德阳新闻综合,https://stream1.freetv.fun/de-yang-xin-wen-zong-he-2.m3u8
德阳新闻综合,https://stream1.freetv.fun/de-yang-xin-wen-zong-he-1.m3u8
德阳新闻综合,https://stream1.freetv.fun/de-yang-xin-wen-zong-he-3.m3u8
旺苍新闻综合,http://channel.wcrmt.cn:80/nmip-media/channellive/channel105268/playlist.m3u8
旺苍新闻综合,http://live.spccmc.com:90/live/spxwzh.m3u8?%E5%85%B3%E6%B3%A8%E5%BE%AE%E4%BF%A1%E5%85%AC%E4%BC%97%E5%8F%B7[%E6%99%B4%E5%9B%AD]
松潘新闻综合,http://live.spccmc.com:90/live/spxwzh.m3u8?%E5%85%B3%E6%B3%A8%E5%BE%AE%E4%BF%A1%E5%85%AC%E4%BC%97%E5%8F%B7[%E6%99%B4%E5%9B%AD]
松潘新闻综合,http://live.spccmc.com:90/live/spxwzh.m3u8?zsicd
松潘新闻综合,http://live.spccmc.com:90/live/spxwzh.m3u8
汉源综合,http://live.hyxrmt.com:85/live/xwpd.m3u8
汉源综合,http://live.hyxrmt.com:85/live/xwpd.m3u8?zsicd
汶川新闻综合,http://live.iwcmt.cn:90/live/zhxw.m3u8?zsicd
汶川新闻综合,rtmp://live.iwcmt.cn:1936/live/zhxw
汶川新闻综合,http://live.iwcmt.cn:90/live/zhxw.m3u8
汶川新闻综合,http://file.ysxtv.cn/cms/videos/nmip-media/channellive/channel4/playlist.m3u8?zsicd#rtmp://tv.mcrm.org.cn:1935/channellive/tv01
沐川综合,http://file.ysxtv.cn/cms/videos/nmip-media/channellive/channel4/playlist.m3u8?zsicd
泸县新闻综合,http://lxfile.lxxcb.cn/nmip-media/channellive/channel103799/playlist.m3u8
泸县新闻综合,http://lxfile.lxxcb.cn:80/nmip-media/channellive/channel103799/playlist.m3u8
泸县新闻综合,http://lxfile.lxxcb.cn/nmip-media/channellive/channel103799/playlist.m3u8?zsicd
泸县新闻综合,https://m3u8channel.ganzitv.com/nmip-media/channellive/channel1/playlist.m3u8
甘孜综合,https://m3u8channel.ganzitv.com/nmip-media/channellive/channel1/playlist.m3u8
石棉综合,http://live.hyxrmt.com:85/live/xwpd.m3u8
绵阳科技,https://stream1.freetv.fun/mian-yang-ke-ji-2.m3u8
荥经综合,https://m3u8channel-yj.yunxya.com/nmip-media/channellive/channel101140/playlist.m3u8
荥经综合,http://file.ysxtv.cn/cms/videos/nmip-media/channellive/channel4/playlist.m3u8
荥经综合,https://file.ysxtv.cn/nmip-media/channellive/channel101492/playlist.m3u8
营山电视台,http://file.ysxtv.cn/cms/videos/nmip-media/channellive/channel4/playlist.m3u8?zsicd#http://file.ysxtv.cn/cms/videos/nmip-media/channellive/channel4/playlist.m3u8
蓬安新闻综合,https://stream1.freetv.fun/peng-an-xin-wen-zong-he-2.m3u8
蓬安新闻综合,https://stream1.freetv.fun/peng-an-xin-wen-zong-he-1.m3u8
金川新闻综合,https://stream1.freetv.fun/jin-chuan-xin-wen-zong-he-3.m3u8
金川新闻综合,https://stream1.freetv.fun/jin-chuan-xin-wen-zong-he-4.m3u8
金川新闻综合,https://stream1.freetv.fun/jin-chuan-xin-wen-zong-he-2.m3u8
金川新闻综合,https://t.freetv.fun/live/jin-chuan-xin-wen-zong-he-4.m3u8
金川新闻综合,https://t.freetv.fun/live/jin-chuan-xin-wen-zong-he-1.m3u8
长宁综合,rtmp://cnpull.sccnfb.com/live/123456
雅安新闻综合,https://play.yunxya.com/channellive/xinwen.m3u8
青川综合,http://qcfile.qcrmt.com/nmip-media/channellive/channel100933/playlist.m3u8
陕西新闻资讯,https://mgtv.ottiptv.cc/migu/956909289.m3u8?migutoken=d4f3f5a8bf93821548ae70c6bd12860956574c27b3b1ef52c88c8e3d72259b1727a6dbf5d6a5de850afac4c7ffe2f2124bb3b558a89906cd32ccc8913f0f22dd74b7a84514b6015bff75903d9c
陕西新闻资讯,http://gslbmgsplive.miguvideo.com/migu/kailu/sxxwzx/51/20250804/index.m3u8?msisdn=20250919080136670d8cf97d464e1f874949e449ebd1ac&mdspid=&spid=600572&netType=0&sid=5910022187&pid=2028597139&timestamp=20250919080136&Channel_ID=0116_2600000900-99000-201600010010027&ProgramID=956909289&ParentNodeID=-99&assertID=5910022187&client_ip=106.13.250.88&SecurityKey=20250919080136&promotionId=&mvid=5900006710&mcid=500020&playurlVersion=WX-A1-8.9.1-RELEASE&userid=&jmhm=&videocodec=h264&bean=mgspad&tid=android&conFee=0&puData=01b1afdabd15fc39dd9264ccca9ac59f&ddCalcu=f091e5b1c16aa09fadcacbcd41652f9cd3d9
陕西新闻资讯,http://gslbmgsplive.miguvideo.com/migu/kailu/sxxwzx/51/20250804/index.m3u8?msisdn=202510230801447f8d4c3a1a3c4ca1bd0de217472d80f2&mdspid=&spid=600572&netType=0&sid=5910022187&pid=2028597139&timestamp=20251023080144&Channel_ID=0116_2600000900-99000-201600010010027&ProgramID=956909289&ParentNodeID=-99&assertID=5910022187&client_ip=106.13.250.83&SecurityKey=20251023080144&promotionId=&mvid=5900006710&mcid=500020&playurlVersion=WX-A1-8.9.2-RELEASE&userid=&jmhm=&videocodec=h264&bean=mgspad&tid=android&conFee=0&puData=6ed563603d847927c8983a33d5b70e32&ddCalcu=263eeed2056760b356d0333da834879982c7
陕西新闻资讯,http://gslbmgsplive.miguvideo.com/migu/kailu/sxxwzx/51/20250804/index.m3u8?msisdn=202510240800591ee112712ed2473aa0d84b8ea3046959&mdspid=&spid=600572&netType=0&sid=5910022187&pid=2028597139&timestamp=20251024080059&Channel_ID=0116_2600000900-99000-201600010010027&ProgramID=956909289&ParentNodeID=-99&assertID=5910022187&client_ip=106.13.250.88&SecurityKey=20251024080059&promotionId=&mvid=5900006710&mcid=500020&playurlVersion=WX-A1-8.9.2-RELEASE&userid=&jmhm=&videocodec=h264&bean=mgspad&tid=android&conFee=0&puData=5661fd15cfb5726d7c6a1eb652fdb094&ddCalcu=4596e062b16df0fd21556cbfeb15a762c67d
陕西都市青春,https://mgtv.ottiptv.cc/migu/956909358.m3u8?migutoken=c3931ea9d3d7ede24a9d13084dadcc55f7f21b114c6c584ca7defd6492ba46b7286dbd751d0f853f83e998e4b0349c62cf4bc570ac83667c4f6bd49a9411edc68e80c1d7f24da79a264d15912b
陕西都市青春,http://gslbmgsplive.miguvideo.com/migu/kailu/sxdsqc/51/20250804/index.m3u8?msisdn=20250919080136b45ee433a7cf4d688994f00b794d176d&mdspid=&spid=600572&netType=0&sid=5910022190&pid=2028597139&timestamp=20250919080136&Channel_ID=0116_2600000900-99000-201600010010027&ProgramID=956909358&ParentNodeID=-99&assertID=5910022190&client_ip=106.13.250.88&SecurityKey=20250919080136&promotionId=&mvid=5900006713&mcid=500020&playurlVersion=WX-A1-8.9.1-RELEASE&userid=&jmhm=&videocodec=h264&bean=mgspad&tid=android&conFee=0&puData=9db1317be8c80566b10f130aebe87c29&ddCalcu=992decb1716830e1b7ebae083c18f00516b6
陕西都市青春,http://gslbmgsplive.miguvideo.com/migu/kailu/sxdsqc/51/20250804/index.m3u8?msisdn=202510230801444202628b64cc49f4bfb9f6b1dfb1f491&mdspid=&spid=600572&netType=0&sid=5910022190&pid=2028597139&timestamp=20251023080144&Channel_ID=0116_2600000900-99000-201600010010027&ProgramID=956909358&ParentNodeID=-99&assertID=5910022190&client_ip=106.13.250.83&SecurityKey=20251023080144&promotionId=&mvid=5900006713&mcid=500020&playurlVersion=WX-A1-8.9.2-RELEASE&userid=&jmhm=&videocodec=h264&bean=mgspad&tid=android&conFee=0&puData=83284c876ebb25ecdf72f4eb4dd5a006&ddCalcu=6803e022a86540dcd847b6ee4bfb2275fedc
陕西都市青春,http://gslbmgsplive.miguvideo.com/migu/kailu/sxdsqc/51/20250804/index.m3u8?msisdn=2025102408005947806826798c44e4b89b7ed86b1ba04f&mdspid=&spid=600572&netType=0&sid=5910022190&pid=2028597139&timestamp=20251024080059&Channel_ID=0116_2600000900-99000-201600010010027&ProgramID=956909358&ParentNodeID=-99&assertID=5910022190&client_ip=106.13.250.88&SecurityKey=20251024080059&promotionId=&mvid=5900006713&mcid=500020&playurlVersion=WX-A1-8.9.2-RELEASE&userid=&jmhm=&videocodec=h264&bean=mgspad&tid=android&conFee=0&puData=52c95103cb01acfba0783bb6dba5f262&ddCalcu=2562e2c2f96550a1b0d36cbbb0318a7c0fab
陕西公共,http://ls.qingting.fm/live/1222.m3u8
陕西体育休闲,https://mgtv.ottiptv.cc/migu/956909356.m3u8?migutoken=2cd1b3120e6a6d3cec136ca61cb23c24512860d4956d391b8c7d8a1fce58c3fa549930217eede8887c05f73eb24ac9692be10bdd06557f58130ff6717e37e1b6ba38adfacf8e74298fe1d4f48c
陕西体育休闲,http://gslbmgsplive.miguvideo.com/migu/kailu/sxtyxx/51/20250804/index.m3u8?msisdn=20250921080053bb7e3ee981dc4bde95a765fbffef7b9e&mdspid=&spid=600572&netType=0&sid=5910022189&pid=2028597139&timestamp=20250921080053&Channel_ID=0116_2600000900-99000-201600010010027&ProgramID=956909356&ParentNodeID=-99&assertID=5910022189&client_ip=106.13.250.88&SecurityKey=20250921080053&promotionId=&mvid=5900006712&mcid=500020&playurlVersion=WX-A1-8.9.1-RELEASE&userid=&jmhm=&videocodec=h264&bean=mgspad&tid=android&conFee=0&puData=43ffb82e5f9372a440dd84479d27b2f6&ddCalcu=64f3e2f2bf67b028d29e754f4983d7d20a44
陕西体育休闲,http://gslbmgsplive.miguvideo.com/migu/kailu/sxtyxx/51/20250804/index.m3u8?msisdn=20251023080139c026415ca4654e0cb51f36f8105eb6a1&mdspid=&spid=600572&netType=0&sid=5910022189&pid=2028597139&timestamp=20251023080139&Channel_ID=0116_2600000900-99000-201600010010027&ProgramID=956909356&ParentNodeID=-99&assertID=5910022189&client_ip=106.13.250.83&SecurityKey=20251023080139&promotionId=&mvid=5900006712&mcid=500020&playurlVersion=WX-A1-8.9.2-RELEASE&userid=&jmhm=&videocodec=h264&bean=mgspad&tid=android&conFee=0&puData=101f9c0a14d24dc78aa97137482db06c&ddCalcu=c160e012bf6d902c804a71341d7294adac87
陕西体育休闲,http://gslbmgsplive.miguvideo.com/migu/kailu/sxtyxx/51/20250804/index.m3u8?msisdn=20251024080056953be86c14d64c758cd4dbf06a58c942&mdspid=&spid=600572&netType=0&sid=5910022189&pid=2028597139&timestamp=20251024080056&Channel_ID=0116_2600000900-99000-201600010010027&ProgramID=956909356&ParentNodeID=-99&assertID=5910022189&client_ip=106.13.250.88&SecurityKey=20251024080056&promotionId=&mvid=5900006712&mcid=500020&playurlVersion=WX-A1-8.9.2-RELEASE&userid=&jmhm=&videocodec=h264&bean=mgspad&tid=android&conFee=0&puData=d18ceaa4887dd90437843aedd252e8e7&ddCalcu=7de1e882ec62e05a2ad4d8e8a73d4d897034
陕西体育休闲,http://gslbmgsplive.miguvideo.com/migu/kailu/sxtyxx/51/20250804/index.m3u8?msisdn=2025102508005957060912be0d47f78a9e823b236e0022&mdspid=&spid=600572&netType=0&sid=5910022189&pid=2028597139&timestamp=20251025080059&Channel_ID=0116_2600000900-99000-201600010010027&ProgramID=956909356&ParentNodeID=-99&assertID=5910022189&client_ip=106.13.250.90&SecurityKey=20251025080059&promotionId=&mvid=5900006712&mcid=500020&playurlVersion=WX-A1-8.9.2-RELEASE&userid=&jmhm=&videocodec=h264&bean=mgspad&tid=android&conFee=0&puData=25d98077b85839680d0db7d4d6a823de&ddCalcu=e2d5e3d2296880a067d74bd875b8d309d608
三明新闻综合,http://ls.qingting.fm/live/4885.m3u8
三明新闻综合,https://ls.qingting.fm/live/5022100/64k.m3u8
云霄综合,http://live.zzyxxw.com:85/live/xwzh.m3u8?fujian
云霄综合,https://live.zzyxxw.com:2443/live/xwzh.m3u8
云霄综合,http://live.zzyxxw.com:85/live/xwzh.m3u8
云霄综合,http://live.zzyxxw.com:85/live/xwzh.m3u8?fujian,
厦门卫视,https://epg.pw/stream/aa65dd411565991ace44f9e5934bd018fdd52122e052d471a363b6ee839e1079.ctv
漳州新闻综合,https://stream1.freetv.fun/zhang-zhou-xin-wen-zong-he-2.m3u8
漳州新闻综合,https://stream1.freetv.fun/zhang-zhou-xin-wen-zong-he-1.m3u8
漳州新闻综合,https://stream1.freetv.fun/zhang-zhou-xin-wen-zong-he-3.m3u8
福州少儿,http://live.zohi.tv/video/s10001-fztv-4/index.m3u8
福州生活,http://live.zohi.tv:80/video/s10001-fztv-3/index.m3u8
福建新闻,https://stream1.freetv.fun/fu-jian-xin-wen-1.m3u8
福建新闻,https://stream1.freetv.fun/fu-jian-xin-wen-2.m3u8
福建新闻,https://stream1.freetv.fun/fu-jian-xin-wen-6.m3u8
福建新闻,https://stream1.freetv.fun/fu-jian-xin-wen-3.m3u8
福建新闻,https://stream1.freetv.fun/fu-jian-xin-wen-4.m3u8
福建电视剧,https://stream1.freetv.fun/fu-jian-dian-shi-ju-1.m3u8
福建电视剧,https://stream1.freetv.fun/fu-jian-dian-shi-ju-5.m3u8
福建电视剧,https://stream1.freetv.fun/fu-jian-dian-shi-ju-2.m3u8
福建电视剧,https://stream1.freetv.fun/fu-jian-dian-shi-ju-3.m3u8
福建电视剧,https://stream1.freetv.fun/fu-jian-dian-shi-ju-4.m3u8
福建经济,http://satellitepull.cnr.cn/live/wx32fjdnjjgb/playlist.m3u8
福建经济,https://stream1.freetv.fun/fu-jian-jing-ji-4.m3u8
福建经济,https://stream1.freetv.fun/fu-jian-jing-ji-1.m3u8
福建经济,https://stream1.freetv.fun/fu-jian-jing-ji-2.m3u8
福建经济,https://stream1.freetv.fun/fu-jian-jing-ji-5.m3u8
福建综合,https://stream1.freetv.fun/fu-jian-zong-he-6.m3u8
福建综合,https://stream1.freetv.fun/fu-jian-zong-he-5.m3u8
福建综合,https://stream1.freetv.fun/fu-jian-zong-he-4.m3u8
福建综合,https://stream1.freetv.fun/fu-jian-zong-he-1.m3u8
福建综合,https://stream1.freetv.fun/fu-jian-zong-he-3.m3u8
福建公共,https://live.264788.xyz/channel/fujianxiangcungonggong?streamid=1cf7fc3a8f6d160c33b43c2f9507a0cc&livekey=01WgOR41rriMmMkzNsd0UoaxJRwetZdxIvtVk
福建公共,https://stream1.freetv.fun/fu-jian-gong-gong-4.ctv
福建公共,https://t.freetv.fun/live/fu-jian-gong-gong-1.m3u8
福建公共,https://t.freetv.fun/live/fu-jian-gong-gong.m3u8
福建旅游,https://live.264788.xyz/channel/fujianlvyou?streamid=221239fcf3c7edb274f2f0760fe47f96&livekey=01WgOR41rriMmMkzNsd0UoaxJRwetZdxIvtVk
福建旅游,https://stream1.freetv.fun/fu-jian-lu-you-6.m3u8
福建旅游,https://t.freetv.fun/live/fu-jian-lu-you-1.m3u8
福建旅游,https://t.freetv.fun/live/fu-jian-lu-you.m3u8
福建经视,https://stream1.freetv.fun/fu-jian-jing-ji-4.m3u8
福建经视,https://stream1.freetv.fun/fu-jian-jing-ji-1.m3u8
福建经视,https://stream1.freetv.fun/fu-jian-jing-ji-2.m3u8
福建经视,https://stream1.freetv.fun/fu-jian-jing-ji-5.m3u8
福建经视,https://stream1.freetv.fun/fu-jian-jing-ji-6.m3u8
福建少儿,https://stream1.freetv.fun/fu-jian-shao-er-1.m3u8
福建少儿,https://stream1.freetv.fun/fu-jian-shao-er-6.m3u8
福建少儿,https://stream1.freetv.fun/fu-jian-shao-er-4.m3u8
福建少儿,https://stream1.freetv.fun/fu-jian-shao-er-7.m3u8
福建少儿,https://stream1.freetv.fun/fu-jian-shao-er-2.m3u8
海南新闻,https://migu.188766.xyz/?migutoken=410e218b52bfcc506bef1f814d8d3b5f&id=hn_xwpd&type=sz
海南新闻,http://ls.qingting.fm/live/1861.m3u8
海南新闻,https://stream1.freetv.fun/ipv6-hai-nan-xin-wen-6.m3u8
海南新闻,https://migu.188766.xyz/?migutoken=964b97d815e0f15de878a99d3908dd6e&id=hn_xwpd&type=sz
海南新闻,https://migu.188766.xyz/?migutoken=98fdcff69572bc92b5e7bcf3e90854a5&id=hn_xwpd&type=sz
海南自贸,https://migu.188766.xyz/?migutoken=2795391bf2380a7870585be391603d6a&id=hn_jjpd&type=sz
海南自贸,https://migu.188766.xyz/?migutoken=45ac9a110c797599551115731cf44df2&id=hn_jjpd&type=sz
海南自贸,https://migu.188766.xyz/?migutoken=660a5548e95409c119145c54d487e47e&id=hn_jjpd&type=sz
海南自贸,https://migu.188766.xyz/?migutoken=315ad4939096a91be5ce3462b2080323&id=hn_jjpd&type=sz
海南自贸,https://migu.188766.xyz/?migutoken=4d8834d7ea1adc0f097aa6a031305918&id=hn_jjpd&type=sz
海南文旅,https://migu.188766.xyz/?migutoken=c9c9f8b653c1e1e8219e116f7e481879&id=hn_wlpd&type=sz
海南文旅,https://stream1.freetv.fun/ipv6-hai-nan-wen-lu-7.m3u8
海南文旅,https://stream1.freetv.fun/ipv6-hai-nan-wen-lu-9.m3u8
海南文旅,https://migu.188766.xyz/?migutoken=dac1d4aae188058344c7dd4b136f975d&id=hn_wlpd&type=sz
海南文旅,https://migu.188766.xyz/?migutoken=a5b4cdf3f9c93a7335e55a109404af67&id=hn_wlpd&type=sz
海南少儿,https://migu.188766.xyz/?migutoken=6f0f1afceaa5258c040b50b1f89bfdc5&id=hn_sepd&type=sz
海南少儿,https://migu.188766.xyz/?migutoken=2d0b3796b93c0d0a9068434e65cbce37&id=hn_sepd&type=sz
海南少儿,https://migu.188766.xyz/?migutoken=9c9969bee01e9a37dca68dd16df63e65&id=hn_sepd&type=sz
海南少儿,https://migu.188766.xyz/?migutoken=0c9220e89aa5bb92fd25dbc47f73c650&id=hn_sepd&type=sz
海南少儿,https://migu.188766.xyz/?migutoken=7827d9fc7bedc235d7359a1ccc57a032&id=hn_sepd&type=sz
海南公共,https://migu.188766.xyz/?migutoken=9b74a05ac3e7b51beecb305c9c7c22b4&id=hn_ggpd&type=sz
海南公共,https://stream1.freetv.fun/ipv6-hai-nan-gong-gong-8.m3u8
海南公共,https://stream1.freetv.fun/ipv6-hai-nan-gong-gong-9.m3u8
海南公共,https://migu.188766.xyz/?migutoken=a7038ebf14621b3c5b7d47281fa0ab4c&id=hn_ggpd&type=sz
海南公共,https://migu.188766.xyz/?migutoken=3a138924186d190af58e01219616242b&id=hn_ggpd&type=sz
梨园,https://dxtx.hntv.tv/live/lypd.m3u8?txSecret=10c771842a0be59e8b575d765173ec96&txTime=7B923E0A&wsSecret=41543190cdf375f1c73207222bb96542&wsTime=1769313549
临颍综合,http://tvpull.dxhmt.cn:9081/tv/11122-1.m3u8?%E5%85%B3%E6%B3%A8%E5%BE%AE%E4%BF%A1%E5%85%AC%E4%BC%97%E5%8F%B7[%E6%99%B4%E5%9B%AD]
义马新闻综合,http://tvpull.dxhmt.cn:9081/tv/11281-1.m3u8?%E5%85%B3%E6%B3%A8%E5%BE%AE%E4%BF%A1%E5%85%AC%E4%BC%97%E5%8F%B7[%E6%99%B4%E5%9B%AD]
义马新闻综合,http://tvpull.dxhmt.cn:9081/tv/11281-1.m3u8
光山综合,http://tvpull.dxhmt.cn:9081/tv/11522-1.m3u8?%E5%85%B3%E6%B3%A8%E5%BE%AE%E4%BF%A1%E5%85%AC%E4%BC%97%E5%8F%B7[%E6%99%B4%E5%9B%AD]
光山综合,http://tvpull.dxhmt.cn:9081/tv/11522-1.m3u8
兰考新闻,http://tvpull.dxhmt.cn:9081/tv/10225-1.m3u8?%E5%85%B3%E6%B3%A8%E5%BE%AE%E4%BF%A1%E5%85%AC%E4%BC%97%E5%8F%B7[%E6%99%B4%E5%9B%AD]
兰考新闻,http://tvpull.dxhmt.cn:9081/tv/10225-1.m3u8
兰考新闻,http://tvpull.dxhmt.cn:9081/tv/10225-1.m3u8?
卫辉综合,http://tvpull.dxhmt.cn:9081/tv/10781-1.m3u8?%E5%85%B3%E6%B3%A8%E5%BE%AE%E4%BF%A1%E5%85%AC%E4%BC%97%E5%8F%B7[%E6%99%B4%E5%9B%AD]
卫辉综合,http://iptv.cdn.ha.chinamobile.com/PLTV/88888888/224/3221226538/index.m3u8
卫辉综合,http://tvpull.dxhmt.cn:9081/tv/10781-1.m3u8
卫辉综合,http://tvpull.dxhmt.cn:9081/tv/10781-1.m3u8?zhend
叶县,http://tvpull.dxhmt.cn:9081/tv/10422-1.m3u8
叶县,http://tvpull.dxhmt.cn:9081/tv/10422-1.m3u8#
唐河一套,http://tvpull.dxhmt.cn:9081/tv/11328-1.m3u8
唐河一套,http://tvpull.dxhmt.cn:9081/tv/11328-1.m3u8?zhend
唐河一套,http://tvpull.dxhmt.cn:9081/tv/11328-1.m3u8?zhend#http://tvpull.dxhmt.cn:9081/tv/11328-1.m3u8
固始综合,http://tvpull.dxhmt.cn:9081/tv/11525-1.m3u8?%E5%85%B3%E6%B3%A8%E5%BE%AE%E4%BF%A1%E5%85%AC%E4%BC%97%E5%8F%B7[%E6%99%B4%E5%9B%AD]
固始综合,http://tvpull.dxhmt.cn:9081/tv/11525-1.m3u8
宝丰综合,http://tvpull.dxhmt.cn:9081/tv/10421-1.m3u8?%E5%85%B3%E6%B3%A8%E5%BE%AE%E4%BF%A1%E5%85%AC%E4%BC%97%E5%8F%B7[%E6%99%B4%E5%9B%AD]
宝丰综合,http://tvpull.dxhmt.cn:9081/tv/10421-1.m3u8
宝丰综合,http://tvpull.dxhmt.cn:9081/tv/10421-1.m3u8?zhend
巩义新闻综合,http://tvpull.dxhmt.cn:9081/tv/10181-1.m3u8?zhend
巩义新闻综合,http://tvpull.dxhmt.cn:9081/tv/10181-1.m3u8?zhend?
巩义新闻综合,http://tvpull.dxhmt.cn:9081/tv/10181-1.m3u8
扶沟综合,http://tvpull.dxhmt.cn:9081/tv/11621-1.m3u8?%E5%85%B3%E6%B3%A8%E5%BE%AE%E4%BF%A1%E5%85%AC%E4%BC%97%E5%8F%B7[%E6%99%B4%E5%9B%AD]
扶沟综合,http://tvpull.dxhmt.cn:9081/tv/11621-1.m3u8?zhend
扶沟综合,http://tvpull.dxhmt.cn:9081/tv/11621-1.m3u8
新乡县电视台,http://tvpull.dxhmt.cn:9081/tv/10721-1.m3u8?%E5%85%B3%E6%B3%A8%E5%BE%AE%E4%BF%A1%E5%85%AC%E4%BC%97%E5%8F%B7[%E6%99%B4%E5%9B%AD]
新县综合,http://tvpull.dxhmt.cn:9081/tv/11523-1.m3u8?%E5%85%B3%E6%B3%A8%E5%BE%AE%E4%BF%A1%E5%85%AC%E4%BC%97%E5%8F%B7[%E6%99%B4%E5%9B%AD]
新县综合,http://tvpull.dxhmt.cn:9081/tv/11523-1.m3u8
新蔡综合,http://tvpull.dxhmt.cn:9081/tv/11729-1.m3u8?%E5%85%B3%E6%B3%A8%E5%BE%AE%E4%BF%A1%E5%85%AC%E4%BC%97%E5%8F%B7[%E6%99%B4%E5%9B%AD]
新蔡综合,http://tvpull.dxhmt.cn:9081/tv/11729-1.m3u8
新蔡综合,http://tvpull.dxhmt.cn:9081/tv/11729-1.m3u8?zhend
桐柏新闻综合,http://tvpull.dxhmt.cn:9081/tv/11330-1.m3u8
泌阳新闻综合,http://tvpull.dxhmt.cn:9081/tv/11726-1.m3u8?%E5%85%B3%E6%B3%A8%E5%BE%AE%E4%BF%A1%E5%85%AC%E4%BC%97%E5%8F%B7[%E6%99%B4%E5%9B%AD]
泌阳新闻综合,https://stream1.freetv.fun/mi-yang-xin-wen-zong-he-2.m3u8
泌阳新闻综合,http://tvpull.dxhmt.cn:9081/tv/11726-1.m3u8
淅川电视,http://iptv.cdn.ha.chinamobile.com/PLTV/88888888/224/3221226631/index.m3u8
渑池新闻综合,http://tvpull.dxhmt.cn:9081/tv/11221-1.m3u8?%E5%85%B3%E6%B3%A8%E5%BE%AE%E4%BF%A1%E5%85%AC%E4%BC%97%E5%8F%B7[%E6%99%B4%E5%9B%AD]
渑池新闻综合,http://tvpull.dxhmt.cn:9081/tv/11221-1.m3u8
温县综合,http://tvpull.dxhmt.cn:9081/tv/10825-1.m3u8?zhend
温县综合,http://tvpull.dxhmt.cn:9081/tv/10825-1.m3u8?zhend?
温县综合,http://tvpull.dxhmt.cn:9081/tv/10825-1.m3u8
潢川综合,http://tvpull.dxhmt.cn:9081/tv/11526-1.m3u8?%E5%85%B3%E6%B3%A8%E5%BE%AE%E4%BF%A1%E5%85%AC%E4%BC%97%E5%8F%B7[%E6%99%B4%E5%9B%AD]
潢川综合,http://tvpull.dxhmt.cn:9081/tv/11526-1.m3u8
焦作综合,http://iptv.cdn.ha.chinamobile.com/PLTV/88888888/224/3221226604/index.m3u8
登封综合,http://tvpull.dxhmt.cn:9081/tv/10185-1.m3u8?%E5%85%B3%E6%B3%A8%E5%BE%AE%E4%BF%A1%E5%85%AC%E4%BC%97%E5%8F%B7[%E6%99%B4%E5%9B%AD]
登封综合,http://iptv.cdn.ha.chinamobile.com/PLTV/88888888/224/3221226661/index.m3u8
登封综合,http://tvpull.dxhmt.cn:9081/tv/10185-1.m3u8
禹州综合,http://tvpull.dxhmt.cn:9081/tv/11081-1.m3u8?%E5%85%B3%E6%B3%A8%E5%BE%AE%E4%BF%A1%E5%85%AC%E4%BC%97%E5%8F%B7[%E6%99%B4%E5%9B%AD]
西华综合,http://tvpull.dxhmt.cn:9081/tv/11622-1.m3u8?%E5%85%B3%E6%B3%A8%E5%BE%AE%E4%BF%A1%E5%85%AC%E4%BC%97%E5%8F%B7[%E6%99%B4%E5%9B%AD]
西华综合,http://tvpull.dxhmt.cn:9081/tv/11622-1.m3u8
西华综合,http://tvpull.dxhmt.cn:9081/tv/11622-1.m3u8?zhend
郏县综合,http://tvpull.dxhmt.cn:9081/tv/10425-1.m3u8?%E5%85%B3%E6%B3%A8%E5%BE%AE%E4%BF%A1%E5%85%AC%E4%BC%97%E5%8F%B7[%E6%99%B4%E5%9B%AD]
郏县综合,http://tvpull.dxhmt.cn:9081/tv/10425-1.m3u8?zhend
郏县综合,http://tvpull.dxhmt.cn:9081/tv/10425-1.m3u8
郸城新闻综合,http://tvpull.dxhmt.cn:9081/tv/11625-1.m3u8?wsSecret=df15530a0abec41b14bca00fc96270d1&wsTime=1654956569
郸城新闻综合,https://stream1.freetv.fun/dan-cheng-xin-wen-zong-he-1.m3u8
郸城新闻综合,http://tvpull.dxhmt.cn:9081/tv/11625-1.m3u8
郸城新闻综合,https://stream1.freetv.fun/dan-cheng-xin-wen-zong-he-4.m3u8
郸城新闻综合,https://t.freetv.fun/live/dan-cheng-xin-wen-zong-he.m3u8
鄢陵综合,http://tvpull.dxhmt.cn:9081/tv/11024-1.m3u8?%E5%85%B3%E6%B3%A8%E5%BE%AE%E4%BF%A1%E5%85%AC%E4%BC%97%E5%8F%B7[%E6%99%B4%E5%9B%AD]
鄢陵综合,http://tvpull.dxhmt.cn:9081/tv/11024-1.m3u8
项城新闻,http://tvpull.dxhmt.cn:9081/tv/11681-1.m3u8
项城新闻,http://tvpull.dxhmt.cn:9081/tv/11681-1.m3u8#@http://live.dxhmt.cn:9081/tv/11681-1.m3u8#@http://p2.weizan.cn/978354/131995006225520039/live.m3u8
鹤壁综合,http://iptv.cdn.ha.chinamobile.com/PLTV/88888888/224/3221226563/index.m3u8
邓州新闻,http://tvpull.dxhmt.cn:9081/tv/11381-1.m3u8?%E5%85%B3%E6%B3%A8%E5%BE%AE%E4%BF%A1%E5%85%AC%E4%BC%97%E5%8F%B7[%E6%99%B4%E5%9B%AD]
许昌公共,http://iptv.cdn.ha.chinamobile.com/PLTV/88888888/224/3221226695/index.m3u8
荥阳综合,http://tvpull.dxhmt.cn:9081/tv/10182-1.m3u8
荥阳综合,http://tvpull.dxhmt.cn:9081/tv/10182-1.m3u8?wsSecret=df15530a0abec41b14bca00fc96270d1&wsTime=1654956569
荥阳综合,http://tvpull.dxhmt.cn:9081/tv/10182-1.m3u8?zhend
焦作教育,http://iptv.cdn.ha.chinamobile.com/PLTV/88888888/224/3221226648/index.m3u8
焦作公共,http://iptv.cdn.ha.chinamobile.com/PLTV/88888888/224/3221226616/index.m3u8
灵宝新闻综合,http://tvpull.dxhmt.cn:9081/tv/11282-1.m3u8?zhend
濮阳公共,http://iptv.cdn.ha.chinamobile.com/PLTV/88888888/224/3221226664/index.m3u8
滑县新闻,http://tvpull.dxhmt.cn:9081/tv/10526-1.m3u8?%E5%85%B3%E6%B3%A8%E5%BE%AE%E4%BF%A1%E5%85%AC%E4%BC%97%E5%8F%B7[%E6%99%B4%E5%9B%AD]
济源电视一套,http://tvpull.dxhmt.cn:9081/tv/19001-1.m3u8
济源电视一套,http://tvpull.dxhmt.cn:9081/tv/19001-1.m3u8?zhend
洛阳综合,https://wshlslive.migucloud.com/live/6AL7GTQX_C0/playlist.m3u8
洛阳综合,http://iptv.cdn.ha.chinamobile.com/PLTV/88888888/224/3221226542/index.m3u8
洛阳科教,https://wshlslive.migucloud.com/live/RJ0EYBCZ_C0/playlist.m3u8
洛阳科教,http://iptv.cdn.ha.chinamobile.com/PLTV/88888888/224/3221226554/index.m3u8
洛阳科教,http://devlivepull.migucloud.com/live/A2HVH5BQ_C0.flv
洛阳文旅,https://wshlslive.migucloud.com/live/CVN934JS_C0/playlist.m3u8
洛阳文旅,http://devlivepull.migucloud.com/live/Q081CD54_C0.flv
河南都市,http://1.94.31.214/php/hntv.php?id=hnds
河南都市,http://www.lwfz.fun:8800/rtp/239.16.20.164:11640
河南都市,https://migu.188766.xyz/?migutoken=7d40a68b796018a8497749ac92fa61c8&id=%E9%83%BD%E5%B8%82%E9%A2%91%E9%81%93&type=yy
河南都市,https://migu.188766.xyz/?migutoken=ad57238ba9da2d53644f17e9044a8395&id=%E9%83%BD%E5%B8%82%E9%A2%91%E9%81%93&type=yy
河南都市,https://migu.188766.xyz/?migutoken=cedd42b2cf40eadf91c730b6cd932c28&id=%E9%83%BD%E5%B8%82%E9%A2%91%E9%81%93&type=yy
河南民生,https://migu.188766.xyz/?migutoken=599bb7fdd4f9cab36d202bb38a0da046&id=%E6%B0%91%E7%94%9F%E9%A2%91%E9%81%93&type=yy
河南民生,https://migu.188766.xyz/?migutoken=8b7305a8d46cfe98635e66d0e757c394&id=%E6%B0%91%E7%94%9F%E9%A2%91%E9%81%93&type=yy
河南民生,https://migu.188766.xyz/?migutoken=97b2be6f258ae481d8bc142a1fac8bef&id=%E6%B0%91%E7%94%9F%E9%A2%91%E9%81%93&type=yy
河南民生,https://migu.188766.xyz/?migutoken=999fa1172c8b97bce4c61b4728d49542&id=%E6%B0%91%E7%94%9F%E9%A2%91%E9%81%93&type=yy
河南民生,https://migu.188766.xyz/?migutoken=0ec1f5f231bfb2cd0cce9a7edcf8947b&id=%E6%B0%91%E7%94%9F%E9%A2%91%E9%81%93&type=yy
沁阳新闻综合,https://stream1.freetv.fun/qin-yang-xin-wen-zong-he-1.m3u8
沁阳新闻综合,http://tvpull.dxhmt.cn:9081/tv/10882-1.m3u8
永城综合,http://tvpull.dxhmt.cn:9081/tv/11481-1.m3u8
方城一套,http://tvpull.dxhmt.cn:9081/tv/11322-1.m3u8
方城一套,http://tvpull.dxhmt.cn:9081/tv/11322-1.m3u8?zhend
新野综合,http://tvpull.dxhmt.cn:9081/tv/11329-1.m3u8?zhend
新野综合,http://tvpull.dxhmt.cn:9081/tv/11329-1.m3u8?zhend?
新野综合,http://tvpull.dxhmt.cn:9081/tv/11329-1.m3u8
新安新闻综合,http://tvpull.dxhmt.cn:9081/tv/10323-1.m3u8
新安新闻综合,http://tvpull.dxhmt.cn:9081/tv/10323-1.m3u8?%E5%85%B3%E6%B3%A8%E5%BE%AE%E4%BF%A1%E5%85%AC%E4%BC%97%E5%8F%B7[%E6%99%B4%E5%9B%AD]
新安新闻综合,http://tvpull.dxhmt.cn:9081/tv/10323-1.m3u8?zhend
开封新闻综合,https://stream1.freetv.fun/kai-feng-xin-wen-zong-he-2.m3u8
开封新闻综合,http://tvpull.dxhmt.cn:9081/tv/10200-2.m3u8?zhend
开封文化旅游,http://tvpull.dxhmt.cn:9081/tv/10200-3.m3u8?zhend
开封文化旅游,http://tvpull.dxhmt.cn:9081/tv/10200-3.m3u8
开封文化旅游,http://tvpull.dxhmt.cn:9081/tv/10200-3.m3u8?zhend,
嵩县综合新闻,http://tvpull.dxhmt.cn:9081/tv/10325-1.m3u8?zhendhttp://wshls.live.migucloud.com/live/MZCYG799_C0/playlist.m3u8?zhend
宜阳综合,http://tvpull.dxhmt.cn:9081/tv/10327-1.m3u8?wsSecret=df15530a0abec41b14bca00fc96270d1&wsTime=1654956569
宜阳综合,http://tvpull.dxhmt.cn:9081/tv/10327-1.m3u8
宜阳综合,http://iptv.cdn.ha.chinamobile.com/PLTV/88888888/224/3221227059/index.m3u8
宜阳综合,http://tvpull.dxhmt.cn:9081/tv/10327-1.m3u8?zhend
周口新闻综合,https://stream1.freetv.fun/zhou-kou-xin-wen-zong-he-1.m3u8
周口新闻综合,https://stream1.freetv.fun/zhou-kou-xin-wen-zong-he-2.m3u8
内黄综合,http://tvpull.dxhmt.cn:9081/tv/10527-1.m3u8?wsSecret=df15530a0abec41b14bca00fc96270d1&wsTime=1654956569
内黄综合,http://tvpull.dxhmt.cn:9081/tv/10527-1.m3u8?zhend
内黄综合,http://tvpull.dxhmt.cn:9081/tv/10527-1.m3u8
内乡综合,http://tvpull.dxhmt.cn:9081/tv/11325-1.m3u8?%E5%85%B3%E6%B3%A8%E5%BE%AE%E4%BF%A1%E5%85%AC%E4%BC%97%E5%8F%B7[%E6%99%B4%E5%9B%AD]
偃师新闻,http://tvpull.dxhmt.cn:9081/tv/10381-1.m3u8?wsSecret=df15530a0abec41b14bca00fc96270d1&wsTime=1654956569
偃师新闻,http://tvpull.dxhmt.cn:9081/tv/10381-1.m3u8
鹿泉一套,https://jwcdnqx.hebyun.com.cn/live/luquanyi/1500k/tzwj_video.m3u8
邯郸科技教育,https://jwcdnqx.hebyun.com.cn/live/hdkj/1500k/tzwj_video.m3u8
邯郸公共,https://jwcdnqx.hebyun.com.cn/live/hdgg/1500k/tzwj_video.m3u8
邯郸公共,https://jwliveqxzb.hebyun.com.cn/hdgg/hdgg.m3u8
邯郸新闻,https://jwcdnqx.hebyun.com.cn/live/hdxwzh/1500k/tzwj_video.m3u8
邯郸新闻,https://jwliveqxzb.hebyun.com.cn/hdxwzh/hdxwzh.m3u8
邯郸科教,https://jwcdnqx.hebyun.com.cn/live/hdkj/1500k/tzwj_video.m3u8
邯郸科教,https://jwliveqxzb.hebyun.com.cn/hdkj/hdkj.m3u8
邢台综合,http://jwplay.hebyun.com.cn/live/xtsrmtzs/1500k/tzwj_video.m3u8
邢台综合,https://jwplay.hebyun.com.cn/live/xttv/1500k/tzwj_video.m3u8
邢台综合,https://jwplay.hebyun.com.cn/live/xttv/1500k/tzwj_video.m3u8?zhebd
邢台综合,https://jwplay.hebyun.com.cn:443/live/xtsrmtzs/1500k/tzwj_video.m3u8
邢台综合,https://stream1.freetv.fun/xing-tai-zong-he-2.m3u8
衡水公共,http://ls.qingting.fm/live/2810.m3u8
石家庄都市,https://stream1.freetv.fun/shi-jia-zhuang-du-shi-5.ctv
石家庄都市,https://stream1.freetv.fun/shi-jia-zhuang-du-shi-4.ctv
石家庄都市,https://stream1.freetv.fun/shi-jia-zhuang-du-shi-6.ctv
石家庄都市,https://stream1.freetv.fun/shi-jia-zhuang-du-shi-1.ctv
石家庄生活,https://stream1.freetv.fun/shi-jia-zhuang-sheng-huo-2.ctv
石家庄生活,https://stream1.freetv.fun/shi-jia-zhuang-sheng-huo-5.ctv
石家庄生活,https://stream1.freetv.fun/shi-jia-zhuang-sheng-huo-7.ctv
石家庄生活,https://stream1.freetv.fun/shi-jia-zhuang-sheng-huo-1.ctv
石家庄新闻综合,https://stream1.freetv.fun/shi-jia-zhuang-xin-wen-zong-he-5.ctv
石家庄新闻综合,https://stream1.freetv.fun/shi-jia-zhuang-xin-wen-zong-he-6.ctv
石家庄新闻综合,https://stream1.freetv.fun/shi-jia-zhuang-xin-wen-zong-he-7.ctv
石家庄新闻综合,https://stream1.freetv.fun/shi-jia-zhuang-xin-wen-zong-he-8.ctv
石家庄新闻综合,https://stream1.freetv.fun/shi-jia-zhuang-xin-wen-zong-he-2.ctv
石家庄娱乐,https://stream1.freetv.fun/shi-jia-zhuang-yu-le-7.ctv
石家庄娱乐,https://stream1.freetv.fun/shi-jia-zhuang-yu-le-9.ctv
石家庄娱乐,https://stream1.freetv.fun/shi-jia-zhuang-yu-le-6.ctv
石家庄娱乐,https://stream1.freetv.fun/shi-jia-zhuang-yu-le-4.ctv
石家庄娱乐,https://stream1.freetv.fun/shi-jia-zhuang-yu-le-1.ctv
滦平新闻,http://jwplay.hebyun.com.cn/live/LPTV001/1500k/tzwj_video.m3u8
河北都市,https://stream1.freetv.fun/he-bei-du-shi-13.ctv
河北农民,https://ls.qingting.fm/live/1650/64k.m3u8
河北农民,http://ls.qingting.fm/live/1650.m3u8
河北农民,https://jwcdnqx.hebyun.com.cn/live/clzhpd/1500k/tzwj_video.m3u8?zhebd
河北农民,https://t.freetv.fun/live/he-bei-nong-min-1.m3u8
河北农民,https://t.freetv.fun/live/he-bei-nong-min.m3u8
昌黎综合,https://jwcdnqx.hebyun.com.cn/live/clzhpd/1500k/tzwj_video.m3u8
昌黎综合,https://jwcdnqx.hebyun.com.cn/zb/clzhpd/1500k/tzwj_video.m3u8
任丘文娱,https://jwcdnqx.hebyun.com.cn/live/rqtv2/1500k/tzwj_video.m3u8
任丘文娱,https://jwcdnqx.hebyun.com.cn/zb/rqtv2/1500k/tzwj_video.m3u8
任丘综合,https://jwcdnqx.hebyun.com.cn/live/rqtv1/1500k/tzwj_video.m3u8
任丘综合,https://jwcdnqx.hebyun.com.cn/zb/rqtv1/1500k/tzwj_video.m3u8
兴隆综合,https://jwcdnqx.hebyun.com.cn/live/xlzh/1500k/tzwj_video.m3u8
兴隆综合,https://jwcdnqx.hebyun.com.cn/zb/xlzh/1500k/tzwj_video.m3u8
平泉影视,https://jwcdnqx.hebyun.com.cn/zb/pqys/1500k/tzwj_video.m3u8
平泉综合,https://jwcdnqx.hebyun.com.cn/live/pqzh/1500k/tzwj_video.m3u8
清河新闻综合,https://jwcdnqx.hebyun.com.cn/live/qinghe/1500k/tzwj_video.m3u8
清河新闻综合,https://jwcdnqx.hebyun.com.cn/zb/qinghe/1500k/tzwj_video.m3u8
清河经济综艺,https://jwcdnqx.hebyun.com.cn/live/qinghe1/1500k/tzwj_video.m3u8
清河经济综艺,https://jwcdnqx.hebyun.com.cn/zb/qinghe1/1500k/tzwj_video.m3u8
安顺新闻,http://hplayer1.juyun.tv/camera/154379194.m3u8
安顺新闻,https://ls.qingting.fm/live/5022203/64k.m3u8
甘肃经济,https://satellitepull.cnr.cn/live/wxgshhzs/playlist.m3u8
甘肃经济,https://hls.gstv.com.cn/49048r/10iv1j.m3u8
甘肃都市,https://satellitepull.cnr.cn/live/wxgsdstb/playlist.m3u8
甘肃都市,https://hls.gstv.com.cn/49048r/l54391.m3u8
嘉峪关综合,http://play.kankanlive.com/live/1720583434627241.m3u8
天祝综合,https://play.kankanlive.com/live/1656487214793905.m3u8
张掖新闻综合,https://play.kankanlive.com/live/1720583434627241.m3u8
永昌综合,https://play.kankanlive.com/live/1652755738635915.m3u8
渭源新闻,http://play.kankanlive.com/live/1720408280309109.m3u8
甘肃少儿,https://hls.gstv.com.cn/49048r/922k96.m3u8
白银综合,http://play.kankanlive.com/live/1720408089419110.m3u8
秦安综合,https://play.kankanlive.com/live/1659926941626981.m3u8
西峰综合,https://play.kankanlive.com/live/1683944827526991.m3u8
酒泉综合,https://3ee63cd9178a070a2db29f77915c49d4.livehwc3.cn/play.kankanlive.com/live/1702033926169975.m3u8
哈密二套,https://tvpull.hmgbtv.com/hmtv/channel108259412c6a6711/playlist.m3u8
哈密三套,https://tvpull.hmgbtv.com/hmtv/channelfb0e5c505477aa44/playlist.m3u8
伊犁维吾尔,http://110.153.180.106:55555/out_2/index.m3u8
伊犁哈萨克,http://110.153.180.106:55555/out_3/index.m3u8?zxinjd
伊犁经济法制,http://110.153.180.106:55555/out_4/index.m3u8?zxinjd
伊犁经济法制,http://110.153.180.106:55555/out_4/index.m3u8
巴音郭楞州,rtmp://tv.loulannews.cn/channellive/ch1
山东少儿,https://stream1.freetv.fun/shan-dong-shao-er-7.m3u8
山东少儿,https://stream1.freetv.fun/shan-dong-shao-er-4.m3u8
山东少儿,https://stream1.freetv.fun/shan-dong-shao-er-5.m3u8
山东少儿,https://stream1.freetv.fun/shan-dong-shao-er-9.m3u8
山东少儿,https://stream1.freetv.fun/shan-dong-shao-er-2.m3u8
山东新闻,http://ls.qingting.fm/live/60180.m3u8
山东新闻,https://stream1.freetv.fun/shan-dong-xin-wen-4.m3u8
山东新闻,https://stream1.freetv.fun/shan-dong-xin-wen-6.m3u8
山东新闻,https://stream1.freetv.fun/shan-dong-xin-wen-1.m3u8
山东新闻,https://stream1.freetv.fun/shan-dong-xin-wen-2.m3u8
山东教育,https://test1.live.sdetv.com.cn/live/dianshizhibo/playlist.m3u8
山东教育,http://iptv.huuc.edu.cn/hls/sdetv.m3u8
山东教育,https://migu.188766.xyz/?migutoken=1134813ab83db9f651ce86515f06b7c5&id=%E5%B1%B1%E4%B8%9C%E6%95%99%E8%82%B2&type=yy
山东教育,http://gslbmgsplive.miguvideo.com/migu/kailu/sdjyws/51/20250915/index.m3u8?msisdn=20250927080126244a72fa1b554182ae03568fff35bca7&mdspid=&spid=600697&netType=0&sid=5910022199&pid=2028597139&timestamp=20250927080126&Channel_ID=0116_2600000900-99000-201600010010027&ProgramID=609154353&ParentNodeID=-99&assertID=5910022199&client_ip=106.13.250.83&SecurityKey=20250927080126&promotionId=&mvid=2200208305&mcid=500020&playurlVersion=WX-A1-8.9.2-RELEASE&userid=&jmhm=&videocodec=h264&bean=mgspad&tid=android&conFee=0&puData=41ee1554c91427e91ee78ce8b64f7a33&ddCalcu=3431eae27e9f104565b48ce9c18472e7ee19
山东教育,http://gslbmgsplive.miguvideo.com/migu/kailu/sdjyws/51/20250915/index.m3u8?msisdn=20251023080146a623a1a467704de1bb9f78bcfbe3cb85&mdspid=&spid=600697&netType=0&sid=5910022199&pid=2028597139&timestamp=20251023080146&Channel_ID=0116_2600000900-99000-201600010010027&ProgramID=609154353&ParentNodeID=-99&assertID=5910022199&client_ip=106.13.250.83&SecurityKey=20251023080146&promotionId=&mvid=2200208305&mcid=500020&playurlVersion=WX-A1-8.9.2-RELEASE&userid=&jmhm=&videocodec=h264&bean=mgspad&tid=android&conFee=0&puData=dac6a2cd92e52b24f75ac42655739371&ddCalcu=1d7ae3c29693a0725c5d69224ec5a25b72f4
山东生活,http://ls.qingting.fm/live/60260.m3u8
山东体育,https://stream1.freetv.fun/shan-dong-ti-yu-8.m3u8
山东体育,https://stream1.freetv.fun/shan-dong-ti-yu-19.m3u8
山东体育,https://stream1.freetv.fun/shan-dong-ti-yu-4.m3u8
山东体育,http://livealone302.iqilu.com/iqilu/typd.m3u8
山东体育,https://stream1.freetv.fun/shan-dong-ti-yu-7.m3u8
济南综合,https://stream1.freetv.fun/ji-nan-zong-he-1.m3u8
济南综合,https://stream1.freetv.fun/ji-nan-zong-he-2.m3u8
济南新闻综合,https://stream1.freetv.fun/ji-nan-zong-he-2.m3u8
济南新闻综合,https://stream1.freetv.fun/ji-nan-xin-wen-zong-he-7.m3u8
济南教育,https://stream1.freetv.fun/ji-nan-jiao-yu-1.m3u8
潍坊新闻综合,https://stream1.freetv.fun/ipv6-wei-fang-xin-wen-zong-he-2.m3u8
潍坊新闻综合,https://stream1.freetv.fun/ipv6-wei-fang-xin-wen-zong-he-1.m3u8
太谷新闻综合,https://p2.vzan.com/slowlive/596867413819827251/live.m3u8?zbid=1725814272&tpid=1516989100&type=0
定襄综合,http://lbyzztfe.live.sxmty.com/live/hls/645ff4c60e0a49f0a203abbd73dd8be9/0720e665f10f48e98c9639f4f492fb4a-1.m3u8?zshanxd
武乡新闻综合,http://uzoiczhh.live.sxmty.com/live/hls/0d41f1480c4042d49927858f01fde707/53130407737b417b9a6259b57246bae3.m3u8?zshanxd
武乡新闻综合,https://stream1.freetv.fun/wu-xiang-xin-wen-zong-he-2.m3u8
武乡新闻综合,https://stream1.freetv.fun/wu-xiang-xin-wen-zong-he-5.m3u8
武乡新闻综合,https://stream1.freetv.fun/wu-xiang-xin-wen-zong-he-1.m3u8
武乡新闻综合,https://stream1.freetv.fun/wu-xiang-xin-wen-zong-he-4.m3u8
汾西综合,https://qmmqvzoz.live.sxmty.com/live/hls/f24f8a390c084386a564074c9260100c/be3fdf07606145739ab2c4b80fe0136a.m3u8?zshanxd
运城科技教育,https://stream1.freetv.fun/yun-cheng-ke-ji-jiao-yu-2.m3u8
运城科技教育,https://stream1.freetv.fun/yun-cheng-ke-ji-jiao-yu-1.m3u8
黎城综合,http://111.53.96.67:8081/live/1/index.m3u8?%E5%85%B3%E6%B3%A8%E5%BE%AE%E4%BF%A1%E5%85%AC%E4%BC%97%E5%8F%B7[%E6%99%B4%E5%9B%AD]
安徽国际,https://stream1.freetv.fun/an-hui-guo-ji-16.m3u8
安徽国际,https://www.ahtv.cn/folder9000/folder20193?channelIndex=6
安徽影视,https://stream1.freetv.fun/an-hui-ying-shi-14.m3u8
安徽影视,https://stream1.freetv.fun/an-hui-ying-shi-15.m3u8
安徽影视,https://www.ahtv.cn/folder9000/folder20193?channelIndex=3
安徽影视,https://t.freetv.fun/live/an-hui-ying-shi.m3u8
安徽影视,https://t.freetv.fun/live/an-hui-ying-shi-2.m3u8
安徽经济生活,https://stream1.freetv.fun/an-hui-jing-ji-sheng-huo-4.ctv
安徽综艺体育,https://live.lalifeier.eu.org/ahtv/ahzyty.m3u8?t=1745774515&key=27009aec794adc785b22478c5aa2ae16
安徽综艺体育,https://live.lalifeier.eu.org/ahtv/ahzyty.m3u8?t=1746292937&key=940b0f98a121c28884c74971efaac4de
安徽综艺体育,https://live.lalifeier.eu.org/ahtv/ahzyty.m3u8?t=1746307365&key=6b104d1fc66c5b34b63d0e19c627e0f9
安徽综艺体育,https://stream1.freetv.fun/an-hui-zong-yi-ti-yu-4.ctv
安徽综艺体育,https://stream1.freetv.fun/an-hui-zong-yi-ti-yu-8.m3u8
安徽导视,https://livehls1.appcoo.com/liveshopping/949E0A98C9D0C311/6D925141BC1F8C28/index.m3u8
固镇新闻,http://www.guzhenm.com:7001/hls/hd-live.m3u8
黄山新闻综合,http://hslive.hsnewsnet.com/lsdream/hve9Wjs/1000/live.m3u8
黄山新闻综合,http://hslive.hsnewsnet.com/lsdream/hve9Wjs/1000/live.m3u8?zanhd
黄山公共生活,http://hslive.hsnewsnet.com/lsdream/iY92ady/1000/live.m3u8?zanhd
铜陵新闻综合,https://ls.qingting.fm/live/21303/64k.m3u8
祁门综合,http://zbbf2.ahbztv.com/live/416.m3u8?zanhd
滁州科教,http://live.cztv.cc:85/live/sjpd.m3u8
滁州科教,http://live.cztv.cc:85/live/sjpd.m3u8?zanhd
滁州科教,http://live.cztv.cc:85/live/sjpd.m3u8?%E5%85%B3%E6%B3%A8%E5%BE%AE%E4%BF%A1%E5%85%AC%E4%BC%97%E5%8F%B7[%E6%99%B4%E5%9B%AD]
滁州新闻综合,http://live.cztv.cc:85/live/xwpd.m3u8?zanhd
滁州市广播电视台 新闻综合,http://live.cztv.cc:85/live/xwpd.m3u8
滁州市广播电视台 公共,http://live.cztv.cc:85/live/ggpd.m3u8
滁州公共,http://live.cztv.cc:85/live/ggpd.m3u8?zanhd
广德生活,https://live.gdtv.ah.cn/live/newsTV.m3u8
宿州新闻综合,http://live.ahsz.tv/video/s10001-szzh/index.m3u8
宿州新闻综合,https://stream1.freetv.fun/su-zhou-xin-wen-zong-he-1.m3u8
宿州新闻综合,https://stream1.freetv.fun/su-zhou-xin-wen-zong-he-2.m3u8
宿州新闻综合,https://stream1.freetv.fun/su-zhou-xin-wen-zong-he-3.m3u8
六安新闻综合,http://ls.qingting.fm/live/267.m3u8
六安公共,http://ls.qingting.fm/live/1794199.m3u8
亳州新闻,http://zbbf2.ahbztv.com/live/416.m3u8?zanhd
亳州农村,http://zbbf2.ahbztv.com/live/418.m3u8
亳州农村,http://zbbf2.ahbztv.com/live/418.m3u8?zanhd
宁夏经济,https://ls.qingting.fm/live/1841/64k.m3u8
延边卫视,https://srs.iyb983.cn/video/CYS/index.m3u8
延边卫视,https://srs.iyb983.cn:443/video/CYS/index.m3u8
延边卫视,http://[2409:8087:8:21::18]:6610/otttv.bj.chinamobile.com/PLTV/88888888/224/3221227045/1.m3u8?GuardEncType=2&accountinfo=%7E%7EV2.0%7Eq0D3NdTUN7FuRzr8eJsbQA%7EtP4-l0lmSfjwLWEfK_el1vH_mv-s1zo4AQJwdedaVwG9xkuFTDg8J26cwOrNJzn20BErrHdLhuZ9EzLUCD3PMW-OMx4MGteHV2vLeW6BqoY%2CEND
延边卫视,https://stream1.freetv.fun/yan-bian-wei-shi-16.m3u8
延边卫视,https://stream1.freetv.fun/yan-bian-wei-shi-15.m3u8
吉林乡村,https://satellitepull.cnr.cn/live/wxjlxcgb/playlist.m3u8
长白朝语,http://hplayer1.juyun.tv:80/camera/11344136.m3u8
珲春新闻综合,https://stream1.freetv.fun/hun-chun-xin-wen-zong-he-3.m3u8
内蒙经济,https://ls.qingting.fm/live/1885/64k.m3u8
内蒙农牧,http://play1-qk.nmtv.cn:80/live/1686561299036179.m3u8
内蒙古经济生活,https://ls.qingting.fm/live/1885/64k.m3u8
内蒙古少儿,http://play1-qk.nmtv.cn/live/1686560464515368.m3u8
内蒙古文体娱乐,http://play1-qk.nmtv.cn/live/1686561195713372.m3u8
内蒙古蒙语文化,http://play1-qk.nmtv.cn/live/1686561065304370.m3u8
文山州公共,http://m3u8.channel.wsrtv.com.cn/cms/videos/nmip-media/channellive/channel8/playlist.m3u8
文山州公共,http://m3u8.channel.wsrtv.com.cn/cms/videos/nmip-media/channellive/channel8/playlist.m3u8?zyund
文山州新闻综合,http://m3u8.channel.wsrtv.com.cn/cms/videos/nmip-media/channellive/channel7/playlist.m3u8?zyund
易门综合,https://zb-live.ynurl.com/yimen/3b75a2f9-7941-46b7-992d-a9796fbca5fe.m3u8
通海电视台,https://zb-live.ynurl.com/tonghai/3bfe3a9e-48e6-4c1e-8770-1df66447cc6c.m3u8
陇川综合,https://zb-live.ynurl.com/longchuan/58f88df3-605e-4c57-865c-8e8f85241ca1.m3u8
云南都市,https://hwapi.yntv.net/62hdvf/rjwt14.m3u8
云南娱乐,https://hwapi.yntv.net/62hdvf/q9vs1b.m3u8
安多卫视,https://liveout.xntv.tv/a65jur/90p2i1.m3u8?zqing
安多卫视,https://stream1.freetv.fun/52d0df257c5c3cec42f2ae19268dbbc261256ff391b27bd83553bea941d0c186.m3u8
安多卫视,https://liveout.xntv.tv/a65jur/96iln2.m3u8
安多卫视,https://liveout.xntv.tv/a65jur/90p2i1.m3u8?zqinghd
西宁新闻综合,https://liveout.xntv.tv/a65jur/96iln2.m3u8
西宁新闻综合,rtmp://liveout.xntv.tv/a65jur/96iln2
西宁新闻综合,https://liveout.xntv.tv/a65jur/90p2i1.m3u8?zqinghd
西宁新闻综合,https://liveout.xntv.tv/a65jur/90p2i1.m3u8
西宁新闻综合,https://liveout.xntv.tv/a65jur/96iln2.m3u8?zqinghd
西宁生活服务,https://stream1.freetv.fun/xi-zhu-sheng-huo-fu-wu-1.m3u8
西宁生活服务,https://stream1.freetv.fun/xi-zhu-sheng-huo-fu-wu-2.m3u8
西宁生活服务,https://stream1.freetv.fun/xi-zhu-sheng-huo-fu-wu-3.m3u8
西宁生活服务,https://liveout.xntv.tv/a65jur/90p2i1.m3u8?zqinghd
西宁生活服务,https://t.freetv.fun/live/xi-zhu-sheng-huo-fu-wu-1.flv
青海都市,http://[2409:8087:1e01:20::3]/PLTV/11/224/3221225749/index.m3u8
青海都市,http://[2409:8087:1e01:20::3]:80/PLTV/11/224/3221225749/index.m3u8
黑龙江文体,http://[2409:8087:1a01:df::7005]/ottrrs.hl.chinamobile.com/PLTV/88888888/224/3221226239/index.m3u8
黑龙江文体,http://[2409:8087:1a01:df::4025]:80/TVOD/88888888/224/3221225965/main.m3u8
黑龙江文体,https://stream1.freetv.fun/hei-long-jiang-wen-ti-7.m3u8
黑龙江文体,https://stream1.freetv.fun/hei-long-jiang-wen-ti-1.m3u8
黑龙江文体,https://stream1.freetv.fun/hei-long-jiang-wen-ti-9.m3u8
黑龙江新闻法治,http://[2409:8087:1a01:df::7005]/ottrrs.hl.chinamobile.com/PLTV/88888888/224/3221226330/index.m3u8
黑龙江新闻法治,https://stream1.freetv.fun/hei-long-jiang-xin-wen-fa-zhi-6.m3u8
黑龙江新闻法治,https://stream1.freetv.fun/hei-long-jiang-xin-wen-fa-zhi-4.m3u8
黑龙江新闻法治,https://stream1.freetv.fun/hei-long-jiang-xin-wen-fa-zhi-7.m3u8
黑龙江新闻法治,https://stream1.freetv.fun/hei-long-jiang-xin-wen-fa-zhi-5.m3u8
黑龙江影视,http://[2409:8087:1a01:df::7005]/ottrrs.hl.chinamobile.com/PLTV/88888888/224/3221226298/index.m3u8
黑龙江影视,https://stream1.freetv.fun/hei-long-jiang-ying-shi-1.m3u8
黑龙江影视,https://stream1.freetv.fun/hei-long-jiang-ying-shi-7.m3u8
黑龙江影视,https://stream1.freetv.fun/hei-long-jiang-ying-shi-8.m3u8
黑龙江都市,http://[2409:8087:1a01:df::7005]/ottrrs.hl.chinamobile.com/PLTV/88888888/224/3221226301/index.m3u8
黑龙江都市,http://[2409:8087:1a01:df::4025]:80/ottrrs.hl.chinamobile.com/PLTV/88888888/224/3221226301/1.m3u8
黑龙江都市,http://[2409:8087:1a01:df::4055]:80/TVOD/88888888/224/3221225969/main.m3u8
黑龙江都市,http://[2409:8087:1a01:df::4077]:80/ottrrs.hl.chinamobile.com/PLTV/88888888/224/3221226301/1.m3u8
黑龙江都市,https://stream1.freetv.fun/hei-long-jiang-du-shi-7.m3u8
黑龙江少儿,http://[2409:8087:1a01:df::7005]/ottrrs.hl.chinamobile.com/PLTV/88888888/224/3221226304/index.m3u8
黑龙江少儿,https://ls.qingting.fm/live/4972/64k.m3u8
黑龙江少儿,https://stream1.freetv.fun/hei-long-jiang-shao-er-8.m3u8
黑龙江少儿,https://stream1.freetv.fun/hei-long-jiang-shao-er-2.m3u8
黑龙江新闻,https://ls.qingting.fm/live/4974/64k.m3u8
黑龙江新闻,https://fenghuang.tv12.xyz/66.m3u8
黑龙江新闻,https://stream1.freetv.fun/hei-long-jiang-xin-wen-9.m3u8
哈尔滨新闻综合,https://stream1.freetv.fun/ha-er-bin-xin-wen-zong-he-4.m3u8
大庆新闻综合,https://stream1.freetv.fun/da-qing-xin-wen-zong-he-1.m3u8
鹤岗新闻综合,http://[2409:8087:1a01:df::4059]:80/TVOD/88888888/224/3221226073/main.m3u8
鹤岗新闻综合,http://[2409:8087:1a01:df::4060]:80/ottrrs.hl.chinamobile.com/PLTV/88888888/224/3221226534/index.m3u8
鹤岗新闻综合,http://[2409:8087:1a01:df::4060]/ottrrs.hl.chinamobile.com/PLTV/88888888/224/3221226534/index.m3u8
七台河新闻综合,http://live.qthnews.org.cn:1935/live/live1/800k/tzwj_video.m3u8
齐齐哈尔新闻综合,http://php.jdshipin.com/TVOD/hljyd.php?id=3221226437
齐齐哈尔新闻综合,http://[2409:8087:1a15:10d1::31]/ottrrs.hl.chinamobile.com/PLTV/88888888/224/3221226437/index.m3u8
齐齐哈尔新闻综合,https://stream1.freetv.fun/ipv6-qi-qi-ha-er-xin-wen-zong-he-3.m3u8
双鸭山综合,http://live.qthnews.org.cn:1935/live/live2/800k/tzwj_video.m3u8
七台河民生社教,http://yp.qqqtv.top/1/api.php?id=%E4%B8%83%E5%8F%B0%E6%B2%B3%E6%B0%91%E7%94%9F%E7%A4%BE%E6%95%99&auth=666858
翡翠台,http://r.jdshipin.com/qClQf
翡翠台,http://r.jdshipin.com/qrfbg
翡翠台,http://r.jdshipin.com/62WM7
翡翠台,http://r.jdshipin.com/n90gt
翡翠台,http://r.jdshipin.com/GeWKr
明珠台,http://r.jdshipin.com/ZQ4kN
明珠台,http://r.jdshipin.com/jUx8K
明珠台,http://api.kkitv.itv888.vip:8080/streams/qi0oiujn7hh/index.m3u8
明珠台,http://cdn9.163189.xyz/smt1.1.php?id=pearl_twn
明珠台,http://php.jdshipin.com/TVOD/iptv.php?id=mzt2
凤凰中文,http://r.jdshipin.com/cCCzW
凤凰中文,http://cdn6.163189.xyz/163189/fhzw
凤凰中文,https://mgev.188766.xyz/?migutoken=d2cb1d3b27ceb7f566c0b20cbf3dbca7&id=fhzw&pp=1
凤凰中文,https://mgev.188766.xyz/?migutoken=488cc8d5142343a18afcd003da4d11bc&id=hk_fhzw&type=dy
凤凰中文,http://php.jdshipin.com/TVOD/iptv.php?id=fhzw
凤凰资讯,http://221.7.175.154:8445/tsfile/live/1021_1.m3u8?key=txiptv&playlive=1&authid=0
凤凰资讯,http://r.jdshipin.com/0Rp07
凤凰资讯,http://api.kkitv.itv888.vip:8080/streams/wzt3qbit80m/index.m3u8
凤凰资讯,https://mgev.188766.xyz/?migutoken=1f2a8c13256a5c1d8538242a512ad64f&id=fhzx&pp=1
凤凰资讯,https://mgev.188766.xyz/?migutoken=24cd07d564a889ac2b4b11883e0c3710&id=hk_fhzx&type=dy
凤凰香港,http://r.jdshipin.com/yDoTN
凤凰香港,http://r.jdshipin.com/NfC0f
凤凰香港,http://api.kkitv.itv888.vip:8080/streams/mty4v56ud39/index.m3u8
凤凰香港,http://cdn6.163189.xyz/163189/fhhk
凤凰香港,http://php.jdshipin.com/TVOD/iptv.php?id=fhhk
凤凰卫视,http://221.7.175.154:8445/tsfile/live/1020_1.m3u8
凤凰卫视,http://php.jdshipin.com:8880/smt.php?id=phoenixtv_hd
凤凰卫视,http://api.kkitv.itv888.vip:8080/streams/vny1wblsnch/index.m3u8
凤凰卫视,http://php.jdshipin.com/TVOD/iptv.php?id=fhzw
TVBS亚洲,http://38.64.72.148/hls/modn/list/4005/chunklist0.m3u8
TVBS亚洲,http://d2e1asnsl7br7b.cloudfront.net/7782e205e72f43aeb4a48ec97f66ebbe/index_5.m3u8?zshijd
纬来体育,https://smart.pendy.dpdns.org/Smart.php?id=videolandsport
纬来体育,https://epg.pw/stream/8855a9936e37e608a0ec8a014cce1673dee9c5d68d560da376cc92e5edef2b25.m3u8
纬来体育,https://epg.pw/stream/ab6df63b64d0cc44a1f4f029ed847a26fa54a7aebd455578fb05a63f02c22f4b.m3u8
纬来体育,https://epg.pw/stream/4f18dfe0593db5c686eb64ae8edaf2a9202d4d46bdc9bbde2cee27708e12ea01.m3u8
纬来体育,https://hls-gateway.vpstv.net/streams/477026.m3u8
纬来育乐,https://hls-gateway.vpstv.net/streams/477081.m3u8
纬来育乐,https://smart.pendy.dpdns.org/Smart.php?id=videolandyule
纬来育乐,https://live.catvod.com/live.php?id=videolandyule
纬来育乐,https://live.catvod.com/live.php?id=videolandmax
J2,http://api.kkitv.itv888.vip:8080/streams/48uxa7dlbga/index.m3u8
Viutv,http://php.jdshipin.com:8880/PLTV/iptv.php?id=viutv
三立台湾,https://stream1.freetv.fun/san-li-tai-wan-1.ctv
无线新闻,http://r.jdshipin.com/CkuBd
无线新闻,http://cdn9.163189.xyz/smt1.1.php?id=inews_twn
无线新闻,http://php.jdshipin.com:8880/smt.php?id=inews_twn
无线新闻,http://php.jdshipin.com/TVOD/iptv.php?id=wxxw
无线新闻,https://hls-gateway.vpstv.net/streams/476926.m3u8
三立新闻,https://stream1.freetv.fun/san-li-xin-wen-4.m3u8
三立新闻,https://hls-gateway.vpstv.net/streams/492922.m3u8
三立新闻,https://stream1.freetv.fun/san-li-xin-wen-3.m3u8
三立新闻,https://stream1.freetv.fun/san-li-xin-wen-5.ctv
三立新闻,https://raw.githubusercontent.com/ChiSheng9/iptv/master/TV32.m3u8
东森综合,https://hls-gateway.vpstv.net/streams/476987.m3u8
东森超视,http://38.64.72.148:80/hls/modn/list/2013/chunklist1.m3u8
东森超视,https://stream1.freetv.fun/dong-sen-chao-shi-4.m3u8
东森超视,https://smart.pendy.dpdns.org/Smart.php?id=ettvsuper
东森超视,https://stream1.freetv.fun/dong-sen-chao-shi-2.m3u8
东森超视,https://stream1.freetv.fun/dong-sen-chao-shi-7.ctv
东森电影,https://hls-gateway.vpstv.net/streams/476995.m3u8
东森电影,https://stream1.freetv.fun/dong-sen-dian-ying-8.ctv
靖天资讯,https://hls-gateway.vpstv.net/streams/476258.m3u8
靖天资讯,https://stream1.freetv.fun/jing-tian-zi-xun-2.ctv
靖天资讯,http://breezy-audrie-zspace-7524863c.koyeb.app/vipsir?token=leifeng&id=4gtv-4gtv065
靖天资讯,https://mao.ffmking888.dpdns.org/?id=6Z2W5aSp6LOH6KiK5Yaw&auth=30234cedf871581989d3c91a3daec1e9f50e024aafcfa2247e7d44d91bb8d02fbc3f571b2d67f9d82642cc1d0f133d89
靖天资讯,https://tmxk.pp.ua/litv.php?token=tmxk&id=4gtv-4gtv065
CHC家庭影院,http://63.141.230.178:82/gslb/zbdq5.m3u8?id=chcjt
CHC家庭影院,http://107.150.60.122/live/chcjt.m3u8
CHC家庭影院,http://192.151.150.154/live/chcjt.m3u8
CHC家庭影院,http://38.75.136.137:98/gslb/dsdqpub/chcjt.m3u8?auth=testpub
CHC家庭影院,http://198.204.228.26/live/chcjt.m3u8
CHC动作电影,http://38.75.136.137:98/gslb/dsdqpub/chcdz.m3u8?auth=testpub
CHC动作电影,http://107.150.60.122/live/chcdz.m3u8
CHC动作电影,http://198.204.228.26/live/chcdz.m3u8
CHC动作电影,http://z.b.bkpcp.top/m.php?id=dzdy
CHC动作电影,http://[2409:8087:1a01:df::4021]:80/TVOD/88888888/224/3221225555/main.m3u8
淘剧场,http://[2409:8087:1:20:20::26]/otttv.bj.chinamobile.com/PLTV/88888888/224/3221226553/1.m3u8?GuardEncType=2&accountinfo=%7E%7EV2.0%7EQaJ92NID2SpQlY6_VJVogg%7E_eNUbgU9sJGUcVVduOMKhafLvQUgE_zlz_7pvDimJNOuQYJeiYEeFWTkFfE86Vq-%2CEND
淘剧场,http://zjzcf.synology.me:35455/bptv/10000100000000050000000003887497.m3u8
淘剧场,http://iptv.666230.xyz/iptv/bjyd.php/6553
淘娱乐,http://[2409:8087:1:20:20::2c]/otttv.bj.chinamobile.com/PLTV/88888888/224/3221226551/1.m3u8?GuardEncType=2&accountinfo=%7E%7EV2.0%7Ex0efg9fpenP8E8lWJUb5Lg%7E_eNUbgU9sJGUcVVduOMKhafLvQUgE_zlz_7pvDimJNNg3bzRax0E9tLmO9xgXVx8%2CEND
淘娱乐,http://zjzcf.synology.me:35455/bptv/10000100000000050000000003887499.m3u8
淘娱乐,http://iptv.666230.xyz/iptv/bjyd.php/6551
淘电影,http://[2409:8087:1:20:20::26]/otttv.bj.chinamobile.com/PLTV/88888888/224/3221226552/1.m3u8?GuardEncType=2&accountinfo=%7E%7EV2.0%7EXOsrWMA-UCdUl1hQSR9EKw%7E_eNUbgU9sJGUcVVduOMKhafLvQUgE_zlz_7pvDimJNNg3bzRax0E9tLmO9xgXVx8%2CEND
淘电影,https://stream1.freetv.fun/tao-dian-ying-8.ctv
淘电影,https://stream1.freetv.fun/tao-dian-ying-7.ctv
淘电影,https://stream1.freetv.fun/tao-dian-ying-3.ctv
淘电影,https://stream1.freetv.fun/tao-dian-ying-6.ctv
NewTV惊悚悬疑,http://[2409:8087:5e00:24::2d]:6610/000000001000/1/1000000004000024282/index.m3u8?channel-id=ystenlive&Contentid=1000000004000024282&livemode=1&stbId=YanG-1989
NewTV惊悚悬疑,http://php.jdshipin.com/TVOD/hnyd.php?id=200000001898/460000089800010077
NewTV惊悚悬疑,http://[2409:8087:1a0b:df::4002]:80/ottrrs.hl.chinamobile.com/TVOD/88888888/224/3221225665/index.m3u8
NewTV惊悚悬疑,http://ottrrs.hl.chinamobile.com/PLTV/88888888/224/3221225665/index.m3u8
NewTV惊悚悬疑,http://[2409:8087:2001:20:2800:0:df6e:eb18]/wh7f454c46tw2482771376_951312812/ott.mobaibox.com/PLTV/3/224/3221227536/index.m3u8
NewTV动作电影,http://php.jdshipin.com/TVOD/hnyd.php?id=200000001898/460000089800010003
NewTV动作电影,http://ott.mobaibox.com/PLTV/3/224/3221227606/index.m3u8
NewTV动作电影,https://iptv.catvod.com/live.php?id=NewTV%E5%8A%A8%E4%BD%9C%E7%94%B5%E5%BD%B1
黑莓电影,https://epg.pw/stream/ffcb6572863f0745a7369fbd9d901f1dfd0ab8fab8bad8bebb4e01c90b303c47.m3u8
纬来电影,https://stream1.freetv.fun/wei-lai-dian-ying-1.m3u8
纬来电影,https://hls-gateway.vpstv.net/streams/477063.m3u8
纬来电影,https://smart.pendy.dpdns.org/Smart.php?id=videolandmovie
纬来电影,https://smt.iktv.ddns-ip.net/Smart.php?id=videolandmovie
纬来电影,https://stream1.freetv.fun/wei-lai-dian-ying-3.m3u8
靖天映画,https://hls-gateway.vpstv.net/streams/476302.m3u8
靖天映画,http://breezy-audrie-zspace-7524863c.koyeb.app/vipsir?token=leifeng&id=4gtv-4gtv055
靖天映画,https://4gtv.dxjc.pp.ua/li-4gtv-4gtv055/index.m3u8
靖天映画,https://4gtv.dxjc.pp.ua/4gtv-4gtv055/index.m3u8
靖天映画,https://mao.ffmking888.dpdns.org/?id=6Z2W5aSp5pig55Wr&auth=30234cedf871581989d3c91a3daec1e9f50e024aafcfa2247e7d44d91bb8d02fbc3f571b2d67f9d82642cc1d0f133d89
靖天戏剧,http://serv00.bkpcp.top/litv3.php?id=4gtv-4gtv058
靖天戏剧,https://stream1.freetv.fun/jing-tian-xi-ju-4.ctv
靖天戏剧,http://breezy-audrie-zspace-7524863c.koyeb.app/vipsir?token=leifeng&id=4gtv-4gtv058
靖天戏剧,https://mao.ffmking888.dpdns.org/?id=6Z2W5aSp5oiy5YqH5Yaw&auth=30234cedf871581989d3c91a3daec1e9f50e024aafcfa2247e7d44d91bb8d02fbc3f571b2d67f9d82642cc1d0f133d89
靖天戏剧,https://tmxk.pp.ua/litv.php?token=tmxk&id=4gtv-4gtv058
经典电影,https://yylunbo.ottiptv.cc/yy/1414812324
经典电影,https://tv.iill.top/4gtv/201
经典电影,https://stream1.freetv.fun/jing-dian-dian-ying-9.ctv
经典电影,https://stream1.freetv.fun/jing-dian-dian-ying-8.ctv
经典电影,https://stream1.freetv.fun/jing-dian-dian-ying-15.ctv
IPTV经典电影,http://43.138.0.72:35455/yy/1382754187
天映经典,http://php.jdshipin.com:8880/smt.php?id=Celestial2
天映经典,https://stream1.freetv.fun/tian-ying-jing-dian-5.m3u8
天映经典,https://migu.188766.xyz/?migutoken=3637f4ae3861b554c9b368728cc8b391&id=Celestial2&type=dy
天映经典,http://php.jdshipin.com/smt.php?id=Celestial2
天映经典,https://hls-gateway.vpstv.net/streams/709488.m3u8
无线星河,http://v2h.jdshipin.com/xinghe_1/xinghe_1.stream/chunklist_w106.m3u8
无线星河,http://php.jdshipin.com:8880/TVOD/iptv.php?id=xinghe
无线星河,https://cdn6.101.qzz.io/163189/tvbxh
无线星河,http://php.jdshipin.com/smt.php?id=Xinhe
星空卫视,https://stream1.freetv.fun/xing-kong-wei-shi-12.m3u8
星空卫视,https://stream1.freetv.fun/xing-kong-wei-shi-4.ctv
星空卫视,https://stream1.freetv.fun/xing-kong-wei-shi-10.m3u8
星空卫视,https://stream1.freetv.fun/xing-kong-wei-shi-11.m3u8
星空卫视,http://wouu.net:9977/rtp/239.93.1.10:2193
东森电影,https://hls-gateway.vpstv.net/streams/476995.m3u8
东森电影,https://stream1.freetv.fun/dong-sen-dian-ying-8.ctv
龙祥电影,https://smt.858.qzz.io/Smart.php?id=lungxiangtime_twn
龙祥电影,https://smt.go-iptv.ggff.net/smart.php?id=lungxiangtime_twn&token=Goiptv
东森洋片,https://stream1.freetv.fun/dong-sen-yang-pian-3.m3u8
东森洋片,https://hls-gateway.vpstv.net/streams/476997.m3u8
东森洋片,https://smt.858.qzz.io/Smart.php?id=ettvwestern
东森洋片,http://php.666230.xyz/smt.php?id=ettvwestern
东森洋片,https://live.catvod.com/live.php?id=ettvwestern
东森超视,https://stream1.freetv.fun/dong-sen-chao-shi-4.m3u8
东森超视,https://smart.pendy.dpdns.org/Smart.php?id=ettvsuper
东森超视,https://stream1.freetv.fun/dong-sen-chao-shi-2.m3u8
东森超视,https://stream1.freetv.fun/dong-sen-chao-shi-7.ctv
东森超视,https://stream1.freetv.fun/dong-sen-chao-shi-8.m3u8
纬来体育,https://smart.pendy.dpdns.org/Smart.php?id=videolandsport
纬来体育,https://epg.pw/stream/8855a9936e37e608a0ec8a014cce1673dee9c5d68d560da376cc92e5edef2b25.m3u8
纬来体育,https://epg.pw/stream/ab6df63b64d0cc44a1f4f029ed847a26fa54a7aebd455578fb05a63f02c22f4b.m3u8
纬来体育,https://epg.pw/stream/4f18dfe0593db5c686eb64ae8edaf2a9202d4d46bdc9bbde2cee27708e12ea01.m3u8
纬来体育,https://hls-gateway.vpstv.net/streams/477026.m3u8
五星体育,https://zby.130519.xyz/PLTV/11/224/3221225732/index.m3u8
五星体育,https://migu.188766.xyz/?migutoken=ed5a02a3b87f3dcc808d4b733daf5cf9&id=%E4%BA%94%E6%98%9F%E4%BD%93%E8%82%B2&pp=1
五星体育,https://other.ottiptv.cc/wxty.m3u8
五星体育,https://hls-gateway.vpstv.net/streams/636980.m3u8
五星体育,https://stream1.freetv.fun/wu-xing-ti-yu-9.m3u8
劲爆体育,https://www.freetv.top/migu/796071336.m3u8?migutoken=1cc947d86cb584c31c31c88c005d55965238dbfff7ed75fca8451aed0b564786fde7e4b327e93b92dc96ef57e64e3bb56e8a9e921338080cdae817cb6125d8450b687659ecfee06be9c5d53ac6
劲爆体育,https://www.freetv.top/migu/796071336.m3u8?migutoken=05144ee4526abc2f6a8d44a41f9e078ef10c1a9f8930d51d7f453315d3577b613eac76898b1e0965789f7010cd3f8a1bca3167ef6e625cb77fc2c575eec35c8d07aaff61dc4b79f75fc67ef667
爱体育,http://php.jdshipin.com:8880/itv6s.php?cid=wasusyt&id=6000000006000290630
爱体育,http://[2409:8087:5e08:24::11]:6610/000000001000/2000000004000000060/index.m3u8
爱体育,http://[2409:8087:5e08:24::17]:6610/000000001000/2000000004000000060/index.m3u8
爱体育,http://[2409:8087:5e08:24::12]:6610/000000001000/2000000004000000000/index.m3u8
爱体育,http://hwltc.tv.cdn.zj.chinamobile.com/PLTV/88888888/224/3221230103/index.m3u8
超级体育,http://[2409:8087:1a01:df::7005]:80/ottrrs.hl.chinamobile.com/TVOD/88888888/224/3221225715/index.m3u8
精品体育,https://epg.pw/stream/866a097a0907c9832440f8df38272dd555abf05200dfbafcc137e214c9b30ca7.m3u8
精品体育,https://epg.pw/stream/f7556eccd4ae06b0c2991fdc7a4f8388496559f728cc82459a8e50346040e226.m3u8
精品体育,https://epg.pw/stream/94ed0232b61ce8d89883160a4cdfbfc8f3225cae70ef8e17d93eec249a3c8ad6.m3u8
山东体育,https://stream1.freetv.fun/shan-dong-ti-yu-8.m3u8
山东体育,https://stream1.freetv.fun/shan-dong-ti-yu-19.m3u8
山东体育,https://stream1.freetv.fun/shan-dong-ti-yu-4.m3u8
山东体育,http://livealone302.iqilu.com/iqilu/typd.m3u8
山东体育,https://stream1.freetv.fun/shan-dong-ti-yu-7.m3u8
天津体育,http://63.141.230.178:82/gslb/zbdq5.m3u8?id=tjtv5
江苏体育,https://migu.188766.xyz/?migutoken=90d4e3f3f8a5288cc5aac4a92021e341&id=%E4%BD%93%E8%82%B2%E4%BC%91%E9%97%B2%E9%A2%91%E9%81%93&type=yy
江苏体育,https://migu.188766.xyz/?migutoken=af50fdc5b09032a97cf990bd6f36aef2&id=%E4%BD%93%E8%82%B2%E4%BC%91%E9%97%B2%E9%A2%91%E9%81%93&type=yy
江苏体育,https://migu.188766.xyz/?migutoken=25d75081796a390b82f0299988e556ac&id=%E4%BD%93%E8%82%B2%E4%BC%91%E9%97%B2%E9%A2%91%E9%81%93&type=yy
江苏体育,https://migu.188766.xyz/?migutoken=721cd3a9b6d2cd1a0e378a6a68ae2702&id=%E4%BD%93%E8%82%B2%E4%BC%91%E9%97%B2%E9%A2%91%E9%81%93&type=yy
江苏体育,https://migu.188766.xyz/?migutoken=e37f9d8dbdb18b5cdfd250b672323263&id=%E4%BD%93%E8%82%B2%E4%BC%91%E9%97%B2%E9%A2%91%E9%81%93&type=yy
安徽综艺体育,https://live.lalifeier.eu.org/ahtv/ahzyty.m3u8?t=1745774515&key=27009aec794adc785b22478c5aa2ae16
安徽综艺体育,https://live.lalifeier.eu.org/ahtv/ahzyty.m3u8?t=1746292937&key=940b0f98a121c28884c74971efaac4de
安徽综艺体育,https://live.lalifeier.eu.org/ahtv/ahzyty.m3u8?t=1746307365&key=6b104d1fc66c5b34b63d0e19c627e0f9
安徽综艺体育,https://stream1.freetv.fun/an-hui-zong-yi-ti-yu-4.ctv
安徽综艺体育,https://stream1.freetv.fun/an-hui-zong-yi-ti-yu-8.m3u8
睛彩篮球,https://zby.130519.xyz/PLTV/11/224/3221226118/index.m3u8
睛彩篮球,http://[2409:8087:1a01:df::4055]:80/TVOD/88888888/224/3221225901/main.m3u8
睛彩广场舞,http://47.100.209.208:8100/TVOD/3000000020000011523.m3u8?token=8520
睛彩广场舞,http://13937899.xyz:35455/itv/3000000020000011523.m3u8?cdn=FifastbLive
睛彩广场舞,http://zjzcf.synology.me:35455/itv/3000000020000011523.m3u8?cdn=FifastbLive
睛彩广场舞,http://[2409:8087:1a01:df::7005]:80/ottrrs.hl.chinamobile.com/TVOD/88888888/224/3221226472/index.m3u8
睛彩广场舞,http://[2409:8087:1a15:10d1::37]/ottrrs.hl.chinamobile.com/PLTV/88888888/224/3221226472/index.m3u8
风云足球,https://epg.pw/stream/ac8062ec9484078061d3bef507c15a423ac57ae4144e3fcc4b0a198dd420f911.m3u8
风云足球,http://[2409:8087:7001:20:2::3]/dbiptv.sn.chinamobile.com/PLTV/88888893/224/3221226984/index.m3u8
风云足球,https://live.goodiptv.club/api/yqgd.php?id=fyzq
风云足球,https://hls-gateway.vpstv.net/streams/708859.m3u8
风云足球,http://www.qfly9236.cn:8888/rtp/239.253.92.110:8061
魅力足球,https://hls-gateway.vpstv.net/streams/708839.m3u8
魅力足球,https://stream1.freetv.fun/ipv6-mei-li-zu-qiu-4.m3u8
魅力足球,https://stream1.freetv.fun/mei-li-zu-qiu-1.m3u8
魅力足球,https://www.freetv.top/migu/796070308.m3u8?migutoken=0a72668399c6f96d928c0bf0adbe330bbae95b55cfc10f2da9e830e2e06051b89a0e1db847eaa61f6b897e3efcb05ecc6160c2ce3c8073fb2d90c8ed191845e1ca16f6bcd3aaa13f6538d2074d
魅力足球,https://www.freetv.top/migu/796070308.m3u8?migutoken=f4f71100ed3cd756f336e1f3b6d522c1338ee1ffd14316eea89e461d4e31e29395a265a9f1ec26b947fb0e7dc16296db47ae3bfea73caaee6901d17bfede63775878c0ab44c872939ba5b53baf
天元围棋,http://204.12.221.218:8181/3m1080p/gztywq.m3u8
天元围棋,http://wouu.net:9977/udp/239.93.42.55:5140
快乐垂钓,https://migu.188766.xyz/?migutoken=103d22404add9b90cd72174eb1a0108b&id=%E5%BF%AB%E4%B9%90%E5%9E%82%E9%92%93&type=yy
快乐垂钓,https://hls-gateway.vpstv.net/streams/708835.m3u8
快乐垂钓,https://migu.188766.xyz/?migutoken=c6b17aba558cf29b13242b5ae063e5ed&id=%E5%BF%AB%E4%B9%90%E5%9E%82%E9%92%93&type=yy
快乐垂钓,https://migu.188766.xyz/?migutoken=f4d62cd1f8775b1b837f4232f1051f36&id=%E5%BF%AB%E4%B9%90%E5%9E%82%E9%92%93&type=yy
快乐垂钓,https://migu.188766.xyz/?migutoken=396182b2a9b61dca2daded3fc6f62311&id=%E5%BF%AB%E4%B9%90%E5%9E%82%E9%92%93&type=yy
JJ斗地主,https://live.iill.top/douyin/685317364746
卡酷动画,https://zby.130519.xyz/PLTV/11/224/3221226019/index.m3u8
卡酷动画,http://[2409:8087:1a15:10d1::33]/ottrrs.hl.chinamobile.com/PLTV/88888888/224/3221225654/index.m3u8
卡酷动画,http://[2409:8087:5e08:25::16]:6610/200000001898/460000089800010081/1.m3u8
卡酷动画,https://migu.188766.xyz/?migutoken=1023983db6b5249e61d4950c1654cd84&id=%E5%8C%97%E4%BA%AC%E5%8D%A1%E9%85%B7%E5%B0%91%E5%84%BF&type=yy
卡酷动画,https://migu.188766.xyz/?migutoken=2c51384549aec8a85219fdc0c475e40b&id=%E5%8C%97%E4%BA%AC%E5%8D%A1%E9%85%B7%E5%B0%91%E5%84%BF&type=yy
动漫秀场,https://zby.130519.xyz/PLTV/11/224/3221225764/index.m3u8
动漫秀场,http://php.jdshipin.com/itv6.php?cid=bestzb&id=5000000011000031113
动漫秀场,https://stream1.freetv.fun/dong-man-xiu-chang-11.m3u8
动漫秀场,https://stream1.freetv.fun/ipv6-dong-man-xiu-chang-11.m3u8
动漫秀场,https://stream1.freetv.fun/dong-man-xiu-chang-9.ctv
新动漫,https://migu.188766.xyz/?migutoken=953cca31b8499ca7dd1dd66c04b00377&id=%E6%96%B0%E5%8A%A8%E6%BC%AB&type=yy
新动漫,https://tv.iill.top/migu/xdm&token=2276b9830bd9e6d7f4858f72fe6095ad7d4eeb9d25164399bb076f31d3ce364b
新动漫,https://migu.188766.xyz/?migutoken=fa7fab5af3b2b0fca5c12c94accfd524&id=%E6%96%B0%E5%8A%A8%E6%BC%AB&type=yy
新动漫,https://migu.188766.xyz/?migutoken=b6723923245d1a7b8f0a16fa0e1850e7&id=%E6%96%B0%E5%8A%A8%E6%BC%AB&type=yy
新动漫,https://tv.iill.top/migu/xdm&token=886bce813f2cd4e37742d034db073fb39288ecfa7b0e43b20307dd9a2b2d0bdc
爱动漫,http://php.jdshipin.com:8880/itv6s.php?cid=wasusyt&id=6000000006000280630
爱动漫,http://[2409:8087:5e08:24::17]:6610/000000001000/2000000004000000059/index.m3u8
爱动漫,http://[2409:8087:5e08:24::11]:6610/000000001000/2000000004000000059/index.m3u8
爱动漫,http://hwltc.tv.cdn.zj.chinamobile.com/PLTV/88888888/224/3221235628/1/index.m3u8?fmt=ts2hls
CN卡通,https://hls-gateway.vpstv.net/streams/476247.m3u8
CN卡通,https://stream1.freetv.fun/cnqia-tong-3.ctv
优漫卡通,https://stream1.freetv.fun/you-man-qia-tong-11.m3u8
优漫卡通,https://www.freetv.top/migu/626064703.m3u8?migutoken=7f7c4b909389a0cd5172701768041a0f3887534c4534a68bf1dc85550389e9ab156655484be16e89604513fde9da2f036ebae28d31515b0be32eb12462f5de9d9cab8f00c44671241d5c6e1356
优漫卡通,https://www.freetv.top/migu/626064703.m3u8?migutoken=deac6c5275081b54ad412a195e499b7c0cb8f04446b6c80aaa9d3eb1063d620261c68202d59aea05060007b58a62d5d208f16379d861d6f1627c10c9dd894f0bf7e3ca97b04696255e193e871c
金鹰卡通,https://zby.130519.xyz/PLTV/11/224/3221226094/index.m3u8
金鹰卡通,https://stream1.freetv.fun/jin-ying-qia-tong-22.m3u8
金鹰卡通,https://stream1.freetv.fun/jin-ying-qia-tong-34.m3u8
金鹰卡通,https://stream1.freetv.fun/jin-ying-qia-tong-13.m3u8
金鹰卡通,https://stream1.freetv.fun/jin-ying-qia-tong-19.m3u8
炫动卡通,https://zby.130519.xyz/PLTV/11/224/3221226161/index.m3u8
炫动卡通,http://php.jdshipin.com/TVOD/hnyd.php?id=200000001898/460000089800010117
炫动卡通,http://[2409:8087:8:21::18]:6610/otttv.bj.chinamobile.com/PLTV/88888888/224/3221226931/1.m3u8
炫动卡通,https://stream1.freetv.fun/ha-ha-xuan-dong-29.m3u8
炫动卡通,https://stream1.freetv.fun/ha-ha-xuan-dong-8.m3u8
浙江少儿,https://stream1.freetv.fun/zhe-jiang-shao-er-4.m3u8
浙江少儿,https://stream1.freetv.fun/zhe-jiang-shao-er-4.ctv
浙江少儿,https://stream1.freetv.fun/zhe-jiang-shao-er-6.ctv
浙江少儿,https://stream1.freetv.fun/zhe-jiang-shao-er-9.ctv
河北少儿科教,https://stream1.freetv.fun/he-bei-shao-er-ke-jiao-7.ctv
河北少儿科教,https://stream1.freetv.fun/he-bei-shao-er-ke-jiao-10.ctv
河北少儿科教,https://stream1.freetv.fun/he-bei-shao-er-ke-jiao-15.ctv
河北少儿科教,https://stream1.freetv.fun/he-bei-shao-er-ke-jiao-12.m3u8
河北少儿科教,https://stream1.freetv.fun/he-bei-shao-er-ke-jiao-2.m3u8
七龙珠,https://live.ottiptv.cc/huya/11601966
七龙珠,https://live.metshop.top/huya/11601966
七龙珠,http://cdn.jdshipin.com:8880/huya.php?id=11601966
火影忍者,http://cdn.jdshipin.com:8880/huya.php?id=29465866
海绵宝宝,https://live.metshop.top/douyu/3949681
中华小当家,https://live.metshop.top/huya/11342413
中华小当家,https://live.iill.top/huya/11342413
中华小当家,http://cdn.jdshipin.com:8880/huya.php?id=11342413
中华小当家,https://live.ottiptv.cc/huya/11342413
猫和老鼠,https://live.iill.top/huya/11352879
猫和老鼠,http://live.iill.top/huya.php?id=11352879
猫和老鼠,https://live.metshop.top/huya/11352879
猫和老鼠,http://cdn.jdshipin.com:8880/huya.php?id=11352879
猫和老鼠,https://live.ottiptv.cc/huya/11352879
蜡笔小新,https://live.ottiptv.cc/bilibili/30837590
漫画解说,https://www.goodiptv.club/douyu/5907076
漫画解说,https://yylunbo.ottiptv.cc/yy/1382735568
游戏风云,https://zby.130519.xyz/PLTV/11/224/3221226117/index.m3u8
游戏风云,https://www.freetv.top/migu/790188417.m3u8?migutoken=0276ef43726b0a3df46f95059cfba0dc88fb58e0682005aef78c7fcce5c7101a4d1199cd5aa05c58eaed75bf3a107385ce216cf787ceb58c1839c276b121b05b72a1ec8d7c6f23c240511643c0
游戏风云,https://www.freetv.top/migu/790188417.m3u8?migutoken=4bb23a171d4d63d4362dfba9a795c0f4ae95e2190f17a502e900947df23bda8e7a18b21aa9e6b578071ed4ced654a44a80d0fb8970ac8330432d19255fb721f3c1ee552fa186e2c9427e18e082
游戏风云,https://zby.130519.xyz/PLTV/11/224/3221226140/index.m3u8
爱电竞,http://php.jdshipin.com:8880/itv6s.php?cid=wasusyt&id=6000000006000230630
风云音乐,https://hls-gateway.vpstv.net/streams/708858.m3u8
风云音乐,http://iptv.666230.xyz/iptv/jsyd.php/G_FENGYUNYY-CQ
风云音乐,http://www.qfly9236.cn:8888/rtp/239.253.92.111:8060
音乐现场,https://satellitepull.cnr.cn/live/wx32nmgyygb/playlist.m3u8
音乐广播,https://tv.iill.top/fm/552&token=7c908a370d95d78e90a9d2ba4007e5185038b0ceac7435ba90e72c77cc035ff6
音乐广播,https://tv.iill.top/fm/552&token=074c3dfc2f95090e006ab15f0d86b1aaef70b389a934b096ad5e6674b5724d0d
音乐广播,https://tv.iill.top/fm/552&token=9214268143febfaf9cbc3e9b7f092a03c3274273c99133a780217564b2ab7896
音乐广播,https://tv.iill.top/fm/552&token=0ba82b0a75c65ff5f1a8198b9de48d0532f0cf804be54dac2eacd7d0dbd56b0a
音乐广播,https://tv.iill.top/fm/552&token=bde1753ec6759720c20ecedff6ec428eed4e2dd71d1433181fa7f50b8724a5bf
笑傲江湖,https://live.iill.top/huya/23865142
笑傲江湖,https://live.metshop.top/huya/26355790
笑傲江湖,https://live.metshop.top/huya/23865142
笑傲江湖,http://cdn.jdshipin.com:8880/huya.php?id=26355790
笑傲江湖,http://cdn.jdshipin.com:8880/huya.php?id=23865142
天龙八部,http://jiaojirentv.top/2020/yy.php?id=1382881708
天龙八部,https://live.metshop.top/huya/20985816
天龙八部,http://cdn.jdshipin.com:8880/huya.php?id=20985816
天龙八部,https://live.ottiptv.cc/huya/20985816
天龙八部,https://live.ottiptv.cc/yy/1351814644
鹿鼎记,https://live.ottiptv.cc/yy/28265277
仙剑奇侠传,https://live.ottiptv.cc/yy/1382749903
西游记,https://live.iill.top/huya/26355861
西游记,http://cdn.jdshipin.com:8880/huya.php?id=30080242
西游记,https://live.ottiptv.cc/huya/26355861
西游记,https://live.metshop.top/huya/26355861
西游记,http://cdn.jdshipin.com:8880/huya.php?id=26355861
三国演义,https://live.iill.top/huya/11602081
三国演义,https://live.metshop.top/huya/11602081
三国演义,http://cdn.jdshipin.com:8880/huya.php?id=11602081
三国演义,https://live.ottiptv.cc/huya/11602081
水浒传,http://www.clmy.cc:35455/yy/1353873252
水浒传,http://live.ottiptv.cc/huya/26355860
水浒传,https://live.ottiptv.cc/yy/1353873252
新白娘子传奇,https://live.ottiptv.cc/yy/1354490667
封神榜,https://live.metshop.top/huya/29465849
封神榜,http://cdn.jdshipin.com:8880/huya.php?id=29465849
封神榜,https://live.ottiptv.cc/huya/29465849
闯关东,http://43.251.226.89:8080/play/1731.m3u8
射雕英雄传,https://live.metshop.top/huya/23824164
射雕英雄传,http://cdn.jdshipin.com:8880/huya.php?id=23824164
射雕英雄传,https://live.ottiptv.cc/huya/23824164
Ando TV (1080p),http://play.kankanlive.com/live/1711956137852982.m3u8
Anshun Comprehensive News Channel,https://hplayer1.juyun.tv/camera/154379194.m3u8
Beijing Traffic Radio TV [Geo-blocked],http://123.56.24.28:1935/live/fm1039/96K/tzwj_video.m3u8
Beijing Youth Radio [Geo-blocked],http://audiolive.rbc.cn:1935/live/am927/96K/tzwj_video.m3u8
Bread TV面包台 (720p),https://video.bread-tv.com:8091/hls-live24/online/index.m3u8
BRTV Kaku Childrens Channel,http://223.111.191.105/downflv.brtvcloud.com/kkkkasd/winfr.m3u8
BRTV 北京卫视 (1080p),http://go.bkpcp.top/mg/bjws
BRTV 北京卫视 [Not 24/7],http://ivi.bupt.edu.cn/hls/btv1.m3u8
BRTV 北京卫视,http://118.81.195.79:9003/hls/20/index.m3u8
CCTV-4K (1080p),http://198.204.240.250:82/live/cctv4k.m3u8
CCTV-8K (1080p),http://192.151.150.154/live/cctv8k.m3u8
CCTV-8K (1080p),http://198.204.240.250:82/live/cctv8k.m3u8
CGTN (1080p),https://amg00405-rakutentv-cgtn-rakuten-i9tar.amagi.tv/master.m3u8
CGTN (1080p),https://english-livebkali.cgtn.com/live/encgtn.m3u8
CGTN (720p),http://217.20.112.199:8080/cgtn/index.m3u8
CGTN (720p),https://0472.org/hls/cgtn.m3u8
CGTN Documentary (1080p),https://amg00405-rakutentv-cgtndocumentary-rakuten-0ql8j.amagi.tv/master.m3u8
CGTN Spanish (720p),http://45.165.82.19/test/index.m3u8
Chifeng Comprehensive News Chanel,http://play1-qk.nmtv.cn/live/1735546697341033.m3u8
CND Film Middle School Channel,http://live2.rxip.sc96655.com/live/zxs_4000.m3u8?A=&E=&K=&P=&S=&U=
CND Film Middle School Channel,http://live-play.zxstv.com.cn/zhongxuesheng/zhongxuesheng.m3u8
Foshan News TV,http://dslive.grtn.cn/fszh/sd/live.m3u8
Golden Eagle Cartoon,http://1.24.190.98:10080/hls/51/index.m3u8
Guangzhou TV,https://tencentplaybusiness.gztv.com/live/zonghes.m3u8
Harbin Comprehensive News Channel,https://stream.hrbtv.net/xwzh/playlist.m3u8?_upt=ef41dd531755913594
Harbin Movie Channel,https://stream.hrbtv.net/yspd/playlist.m3u8
Hebei TV (2160p),https://event.pull.hebtv.com/live/live101.m3u8
Hunan TV (2160p),http://hlsal-ldvt.qing.mgtv.com/nn_live/nn_x64/dWlwPTEyNy4wLjAuMSZ1aWQ9cWluZy1jbXMmbm5fdGltZXpvbmU9OCZjZG5leF9pZD1hbF9obHNfbGR2dCZ1dWlkPTliODY4NmU5ZTM2YzYwMmMmZT02OTE0NjA0JnY9MSZpZD1ITldTWkdTVCZzPTcwN2RiYTc2YzJjNmJmMTQ4MmUyZGYzOWU2NWM3YWFi/HNWSZGST.m3u8
Jiangxi Children's Channel,https://play-live-hls.jxtvcn.com.cn/live-city/tv_jxtv6.m3u8
Jiangxi City Channel,https://play-live-hls.jxtvcn.com.cn/live-city/tv_jxtv2.m3u8
Jiangxi Economy & Life Channel,https://play-live-hls.jxtvcn.com.cn/live-city/tv_jxtv3.m3u8
Jiangxi Movie Channel,https://play-live-hls.jxtvcn.com.cn/live-city/tv_jxtv4.m3u8
Jiangxi Public & Agriculture Channel,https://play-live-hls.jxtvcn.com.cn/live-city/tv_jxtv5.m3u8
Jilin City Channel,https://lsfb.avap.jilintv.cn/zqvk7vpj/channel/7e8474e6daea44ccaa5aa2300191439e/index.m3u8
Jilin Lifestyle Channel,https://lsfb.avap.jilintv.cn/zqvk7vpj/channel/0a76740c72b74fabae611845aa21e06a/index.m3u8
Jilin Movie Channel,https://lsfb.avap.jilintv.cn/zqvk7vpj/channel/906341e6f19b4c4bacdc89941eb85d12/index.m3u8
Jilin Rural Channel,https://lsfb.avap.jilintv.cn/zqvk7vpj/channel/3ffc4824dce54b92be185555923ce382/index.m3u8
Liangshan TV [Not 24/7],http://118.122.2.29:9999/hls/47/index.m3u8
Nanchang News & Generalist Channel,https://play-live-hls.jxtvcn.com.cn/live-city/tv_nanchang.m3u8
Nei Monggol TV (1080i) [Not 24/7],http://play1-qk.nmtv.cn/live/1769652018126032.m3u8
Nei Monggol TV,http://1.24.190.98:10080/hls/39/index.m3u8
Nei Monggol TV,http://110.19.156.172:9901/tsfile/live/1003_1.m3u8
Nei Monggol TV 2 Mongolian Culture Channel,http://1.24.190.98:10080/hls/40/index.m3u8
QTV-1,http://video10.qtv.com.cn/drm/qtv1at/manifest.m3u8
QTV-2,http://video10.qtv.com.cn/drm/qtv2at/manifest.m3u8
QTV-3,http://video10.qtv.com.cn/drm/qtv3at/manifest.m3u8
QTV-4,http://video10.qtv.com.cn/drm/qtv4at/manifest.m3u8
QTV-5,http://video10.qtv.com.cn/drm/qtv5at/manifest.m3u8
QTV-6,http://video10.qtv.com.cn/drm/qtv6at/manifest.m3u8
Shaanxi Satelital TV,http://stream.snrtv.com/sxbc-star-cdxWY0.m3u8
Shanghai Education Television Station,http://223.166.234.114:7777/tsfile/live/1033_1.m3u8
Shenzhen Satellite TV (2160p),https://livepull-tcms.sztv.com.cn/live/sz4Kpgm.m3u8
Siping TV,http://stream2.jlntv.cn/sptv/sd/live.m3u8?_upt=f27750421743154598
STV City,http://61.173.144.157:9901/tsfile/live/1001_1.m3u8?authid=0&key=txiptv&playlive=1
STV News and General,http://61.173.144.157:9901/tsfile/live/1000_1.m3u8?authid=0&key=txiptv&playlive=1
Tonghua TV (1080p),http://lsfb.avap.jilintv.cn/zqvk7vpj/channel/43ea5771aa44421591f9dfd2b71f1b9b/index.m3u8
Tonghua TV (1080p),https://lsfb.avap.jilintv.cn/zqvk7vpj/channel/43ea5771aa44421591f9dfd2b71f1b9b/index.m3u8
VOA美国之音 (1080p),https://voa-ingest.akamaized.net/hls/live/2033878/tvmc08/playlist.m3u8
Xinjiang TV 1,https://klmysjtzb.rcsxzx.com/hls/klmy2.m3u8
Xinjiang TV 2,http://110.153.180.106:55555/out_3/index.m3u8
Xinjiang TV 2,http://222.80.13.33:4022/udp/238.125.3.175:5140
Xinjiang TV 3,http://110.153.180.106:55555/out_2/index.m3u8
Xinjiang TV 3,http://120.70.60.179:9901/tsfile/live/1006_1.m3u8?authid=0&key=txiptv&playlive=1
Xinjiang TV 3,http://218.84.35.38:3000/m3u8/live/tctv-2/index.m3u8
Xinjiang TV 3,https://st-video.xjmty.com/fs/livedit/e55abfa37af26e19/8ce9971c2177b3dd.m3u8
Xinjiang TV 8,http://120.70.60.179:9901/tsfile/live/1002_1.m3u8?authid=0&key=txiptv&playlive=1
Xizang TV Tibetan (720p) [Not 24/7],http://php.jdshipin.com:8880/xztv.php?id=zy
Zhejiang Satellite TV,https://play-qukan.cztv.com/live/1758879019692345.m3u8
Zhejiang TV International,https://ali-m-l.cztv.com/channels/lantian/channel10/1080p.m3u8
万州三峡移民 (576p) [Not 24/7],http://123.146.162.24:8013/tslslive/PU2vzMI/hls/live_sd.m3u8
万州影视 (576p) [Not 24/7],http://123.146.162.24:8013/tslslive/vWlnEzU/hls/live_sd.m3u8
万州综合 (576p) [Not 24/7],http://123.146.162.24:8013/tslslive/noEX9SG/hls/live_sd.m3u8
上虞1新闻综合 (720p) [Not 24/7],https://l.cztvcloud.com/channels/lantian/SXshangyu1/720p.m3u8
上虞3新商都 (720p) [Not 24/7],https://l.cztvcloud.com/channels/lantian/SXshangyu3/720p.m3u8
上虞經濟文化 (720p) [Not 24/7],https://l.cztvcloud.com/channels/lantian/SXshangyu2/720p.m3u8
东南卫视 (Southeast Television fka Fujian Television) (2160p),http://118.81.195.79:9003/hls/24/index.m3u8
东方卫视 (2160p),http://118.81.195.79:9003/hls/23/index.m3u8
中国气象 (576p) [Not 24/7],http://hls.weathertv.cn/tslslive/qCFIfHB/hls/live_sd.m3u8
之江纪录,https://ali-m-l.cztv.com/channels/lantian/channel012/1080p.m3u8
乐清新闻 [Geo-blocked],http://33809.hlsplay.aodianyun.com/guangdianyun_33809/tv_channel_170.m3u8
乐清生活 [Geo-blocked],http://33809.hlsplay.aodianyun.com/guangdianyun_33809/tv_channel_171.m3u8
云南 Ⅰ 文山公共台 (1080p),http://tvdrs.wsrtv.com.cn:8100/channellive/ch2.flv
云南 Ⅰ 文山综合台 (1080p) [Not 24/7],http://tvdrs.wsrtv.com.cn:8100/channellive/ch1.flv
云南卫视 (1080p),https://hwapi.yunshicloud.com/8xughf/e0bx15.m3u8
云南卫视 (576p) [Not 24/7],http://183.207.248.71/cntv/live1/yunnanstv/yunnanstv
云南卫视 (576p),http://39.134.115.163:8080/PLTV/88888910/224/3221225664/index.m3u8
云南卫视 (576p),http://183.207.248.71/gitv/live1/G_YUNNAN/G_YUNNAN
云南卫视 (576p),http://223.110.245.157/ott.js.chinamobile.com/PLTV/3/224/3221225591/index.m3u8
云南卫视 (576p),http://223.110.245.159/ott.js.chinamobile.com/PLTV/3/224/3221225838/index.m3u8
云南卫视 (576p),http://223.110.245.173/PLTV/4/224/3221225838/index.m3u8
云南卫视 (540p),http://112.25.48.68/live/program/live/ynws/1300000/mnf.m3u8
五星体育 (720p),http://223.110.245.147/ott.js.chinamobile.com/PLTV/3/224/3221226799/index.m3u8
亚太台 (480p),http://174.127.67.246/live330/playlist.m3u8
交城電視台 (576p),http://sxjc.chinashadt.com:2036/live/stream:jctv.stream/playlist.m3u8
京视剧场 (576p),http://223.110.245.143/ott.js.chinamobile.com/PLTV/3/224/3221227040/index.m3u8
亳州农村 (360p),http://220.180.110.101:8083/videos/live/39/13/o4ncrHkSp7q09/o4ncrHkSp7q09.m3u8
亳州新聞頻道 (360p),http://220.180.110.101:8083/videos/live/33/59/NC7XQdEveyncq/NC7XQdEveyncq.m3u8
仙桃新聞綜合 (576p),http://221.233.242.239:280/live/71/playlist.m3u8
仙桃生活文體 (576p),http://221.233.242.239:280/live/72/playlist.m3u8
ABN China (720p),https://mediaserver.abnvideos.com/streams/abnchina.m3u8
Ando TV (1080p),http://play.kankanlive.com/live/1711956137852982.m3u8
Angel TV Chinese (720p),https://janya-digimix.akamaized.net/vglive-sk-999451/chinese/ngrp:angelchinese_all/playlist.m3u8
Anshun Comprehensive News Channel,https://hplayer1.juyun.tv/camera/154379194.m3u8
Bread TV面包台 (720p),https://video.bread-tv.com:8091/hls-live24/online/index.m3u8
BRTV Kaku Childrens Channel,http://223.111.191.105/downflv.brtvcloud.com/kkkkasd/winfr.m3u8
BRTV 北京卫视 (1080p),http://go.bkpcp.top/mg/bjws
CCTV+ 1 (600p) [Not 24/7],https://cd-live-stream.news.cctvplus.com/live/smil:CHANNEL1.smil/playlist.m3u8
CCTV+ 2 (600p) [Not 24/7],https://cd-live-stream.news.cctvplus.com/live/smil:CHANNEL2.smil/playlist.m3u8
CCTV-4K (1080p),http://198.204.240.250:82/live/cctv4k.m3u8
CCTV-8K (1080p),http://192.151.150.154/live/cctv8k.m3u8
CCTV-Billiards (1080p),http://38.75.136.137:98/gslb/dsdqpub/ystq.m3u8?auth=testpub
CCTV-Culture of Quality (1080p),http://38.75.136.137:98/gslb/dsdqpub/ysjp.m3u8?auth=testpub
CCTV-Golf & Tennis (1080p),http://38.75.136.137:98/gslb/dsdqpub/gefwq.m3u8?auth=testpub
CCTV-Health (1080p),http://38.75.136.137:98/gslb/dsdqpub/wsjk.m3u8?auth=testpub
CCTV-Nostalgia Theater (1080p),http://38.75.136.137:98/gslb/dsdqpub/hjjc.m3u8?auth=testpub
CCTV-Storm Football (1080p),http://38.75.136.137:98/gslb/dsdqpub/fyzq.m3u8?auth=testpub
CCTV-Storm Music (1080p),http://38.75.136.137:98/gslb/dsdqpub/fyyy.m3u8?auth=testpub
CCTV-Storm Theater (1080p),http://38.75.136.137:98/gslb/dsdqpub/fyjc.m3u8?auth=testpub
优漫卡通 (576p),http://183.207.249.15/PLTV/4/224/3221225933/index.m3u8
优漫卡通 (576p),http://223.110.243.171/PLTV/3/224/3221226982/index.m3u8
余姚姚江文化 (576p),https://l.cztvcloud.com/channels/lantian/SXyuyao3/720p.m3u8
余姚新闻综合 (576p),https://l.cztvcloud.com/channels/lantian/SXyuyao1/720p.m3u8
兴隆综合,https://jwcdnqx.hebyun.com.cn/live/xlzh/1500k/tzwj_video.m3u8
兵团卫视 (540p) [Not 24/7],http://112.25.48.68/live/program/live/btws/1300000/mnf.m3u8
内江公共 (720p),http://njzb.scnj.tv:90/live/gggy_gggy800.m3u8
内江科教 (720p),http://njzb.scnj.tv:90/live/kjpd_kjpd800.m3u8
内蒙古 (576p),http://223.110.245.161/ott.js.chinamobile.com/PLTV/3/224/3221225836/index.m3u8
内蒙古卫视 (576p),http://39.134.115.163:8080/PLTV/88888910/224/3221225667/index.m3u8
内蒙古卫视 (576p),http://117.169.120.140:8080/live/neimenggustv/.m3u8
内蒙古卫视 (576p),http://183.207.248.71/gitv/live1/G_NEIMENGGU/G_NEIMENGGU
内蒙古卫视 (576p),http://223.110.245.173/PLTV/4/224/3221225836/index.m3u8
农安新闻综合 [Geo-blocked],https://stream2.jlntv.cn/naxw/sd/live.m3u8
凤凰中文 (720p),http://223.110.245.139/ott.js.chinamobile.com/PLTV/3/224/3221226922/index.m3u8
凤凰中文 (720p),http://223.110.245.139/PLTV/3/224/3221226922/index.m3u8
凤凰中文 (720p),http://223.110.245.167/ott.js.chinamobile.com/PLTV/3/224/3221226922/index.m3u8
凤凰中文 (576p),http://125.210.152.18:9090/live/FHZW_1200.m3u8
凤凰资讯 (720p),http://223.110.245.167/ott.js.chinamobile.com/PLTV/3/224/3221226923/index.m3u8
凤凰资讯 (576p),http://125.210.152.18:9090/live/FHZX_1200.m3u8
CCTV-The First Theater (1080p),http://38.75.136.137:98/gslb/dsdqpub/dyjc.m3u8?auth=testpub
CCTV-Weapon & Technology (1080p),http://38.75.136.137:98/gslb/dsdqpub/gfjs.m3u8?auth=testpub
CCTV-Women's Fashion (1080p),http://38.75.136.137:98/gslb/dsdqpub/nxss.m3u8?auth=testpub
CCTV-World Geography (1080p),http://38.75.136.137:98/gslb/dsdqpub/sjdl.m3u8?auth=testpub
Chifeng Comprehensive News Chanel,http://play1-qk.nmtv.cn/live/1735546697341033.m3u8
CND Film Middle School Channel,http://live2.rxip.sc96655.com/live/zxs_4000.m3u8?A=&E=&K=&P=&S=&U=
Dragon TV International (480p) [Geo-blocked],https://op-group1-swiftservesd-1.dens.tv/s/s29/index.m3u8
Guangzhou TV,https://tencentplaybusiness.gztv.com/live/zonghes.m3u8
Harbin Comprehensive News Channel,https://stream.hrbtv.net/xwzh/playlist.m3u8?_upt=ef41dd531755913594
Harbin Movie Channel,https://stream.hrbtv.net/yspd/playlist.m3u8
Hebei TV (2160p),https://event.pull.hebtv.com/live/live101.m3u8
Home Plus,https://homeplushls.wns.live/hls/stream.m3u8
Hunan TV (2160p),http://hlsal-ldvt.qing.mgtv.com/nn_live/nn_x64/dWlwPTEyNy4wLjAuMSZ1aWQ9cWluZy1jbXMmbm5fdGltZXpvbmU9OCZjZG5leF9pZD1hbF9obHNfbGR2dCZ1dWlkPTliODY4NmU5ZTM2YzYwMmMmZT02OTE0NjA0JnY9MSZpZD1ITldTWkdTVCZzPTcwN2RiYTc2YzJjNmJmMTQ4MmUyZGYzOWU2NWM3YWFi/HNWSZGST.m3u8
Jiangxi Children's Channel,https://play-live-hls.jxtvcn.com.cn/live-city/tv_jxtv6.m3u8
Jiangxi City Channel,https://play-live-hls.jxtvcn.com.cn/live-city/tv_jxtv2.m3u8
Jiangxi Economy & Life Channel,https://play-live-hls.jxtvcn.com.cn/live-city/tv_jxtv3.m3u8
Jiangxi Movie Channel,https://play-live-hls.jxtvcn.com.cn/live-city/tv_jxtv4.m3u8
Jiangxi Public & Agriculture Channel,https://play-live-hls.jxtvcn.com.cn/live-city/tv_jxtv5.m3u8
Jilin City Channel,https://lsfb.avap.jilintv.cn/zqvk7vpj/channel/7e8474e6daea44ccaa5aa2300191439e/index.m3u8
Jilin Lifestyle Channel,https://lsfb.avap.jilintv.cn/zqvk7vpj/channel/0a76740c72b74fabae611845aa21e06a/index.m3u8
Jilin Movie Channel,https://lsfb.avap.jilintv.cn/zqvk7vpj/channel/906341e6f19b4c4bacdc89941eb85d12/index.m3u8
Jilin Rural Channel,https://lsfb.avap.jilintv.cn/zqvk7vpj/channel/3ffc4824dce54b92be185555923ce382/index.m3u8
Lanzhou Comprehensive News Channel,https://liveplus.lzr.com.cn/xwzh/HD/live.m3u8
Lanzhou Culture & Tourism Channel,https://liveplus.lzr.com.cn/wlpd/HD/live.m3u8
Liangshan TV [Not 24/7],http://118.122.2.29:9999/hls/47/index.m3u8
Nanchang News & Generalist Channel,https://play-live-hls.jxtvcn.com.cn/live-city/tv_nanchang.m3u8
Nei Monggol TV (1080i) [Not 24/7],http://play1-qk.nmtv.cn/live/1769652018126032.m3u8
Nei Monggol TV 2 Mongolian Culture Channel (1080i) [Not 24/7],http://play1-qk.nmtv.cn/live/1769652109096027.m3u8
凤凰香港 (720p),http://223.110.245.136/PLTV/3/224/3221226975/index.m3u8
利川公共 (576p) [Geo-blocked],http://lichuan.live.tempsource.cjyun.org/videotmp/s10093-lcgg.m3u8
利川公共 (180p) [Not 24/7],http://uni6rtmp.tulix.tv:1935/vbstv/vbsabr.smil/chunklist_w1847269952_b204800.m3u8
利川新闻综合 (480p) [Not 24/7],http://uni6rtmp.tulix.tv:1935/vbstv/vbsabr.smil/chunklist_w439903609_b1228800.m3u8
前郭综合 [Geo-blocked],https://stream2.jlntv.cn/qg/sd/live.m3u8
动作电影 (1080p),http://39.134.19.68/dbiptv.sn.chinamobile.com/PLTV/88888888/224/3221226465/index.m3u8
动画王国 (1080p),http://183.207.248.71/cntv/live1/donghuawg/donghuawg
北京紀實 (1080p),http://39.134.115.163:8080/PLTV/88888910/224/3221225675/index.m3u8
北京紀實 (1080p),http://39.134.115.163:8080/PLTV/88888910/224/3221225676/index.m3u8
北京财经 [Not 24/7],http://ivi.bupt.edu.cn/hls/btv5.m3u8
北京青年 [Not 24/7],http://ivi.bupt.edu.cn/hls/btv8.m3u8
北碚综合 (576p) [Not 24/7],http://222.178.181.121:12034/beibei01.m3u8
华亭电视台 (1080p),http://117.156.28.119/270000001111/1110000148/index.m3u8
华数 (720p) [Not 24/7],http://hls-ott-zhibo.wasu.tv/live/442/index.m3u8
南京十八 (576p),http://183.207.248.71/gitv/live1/G_NJSB/G_NJSB
南京少儿 (720p) [Not 24/7],https://live.nbs.cn/channels/njtv/sepd/m3u8:500k/live.m3u8
南京教科 (720p) [Not 24/7],https://live.nbs.cn/channels/njtv/jkpd/m3u8:500k/live.m3u8
南京教科 (576p),http://183.207.248.71/gitv/live1/G_NJJK/G_NJJK
南京教科 (576p),http://223.110.245.155/ott.js.chinamobile.com/PLTV/3/224/3221227194/index.m3u8
南川新闻综合 (360p),http://221.5.213.4:30000/1111.m3u8
QTV-1,http://video10.qtv.com.cn/drm/qtv1at/manifest.m3u8
QTV-2,http://video10.qtv.com.cn/drm/qtv2at/manifest.m3u8
QTV-3,http://video10.qtv.com.cn/drm/qtv3at/manifest.m3u8
QTV-4,http://video10.qtv.com.cn/drm/qtv4at/manifest.m3u8
QTV-5,http://video10.qtv.com.cn/drm/qtv5at/manifest.m3u8
QTV-6,http://video10.qtv.com.cn/drm/qtv6at/manifest.m3u8
Shaanxi Satelital TV,http://stream.snrtv.com/sxbc-star-cdxWY0.m3u8
Shanghai Education Television Station,http://223.166.234.114:7777/tsfile/live/1033_1.m3u8
Shenzhen Satellite TV (2160p),https://livepull-tcms.sztv.com.cn/live/sz4Kpgm.m3u8
Siping TV,http://stream2.jlntv.cn/sptv/sd/live.m3u8?_upt=f27750421743154598
STV City,http://61.173.144.157:9901/tsfile/live/1001_1.m3u8?authid=0&key=txiptv&playlive=1
STV News and General,http://61.173.144.157:9901/tsfile/live/1000_1.m3u8?authid=0&key=txiptv&playlive=1
Tonghua TV (1080p),http://lsfb.avap.jilintv.cn/zqvk7vpj/channel/43ea5771aa44421591f9dfd2b71f1b9b/index.m3u8
TV BRICS Chinese (1080p),https://chibrics.mediacdn.ru/cdn/brics/chinese/playlist.m3u8
VOA美国之音 (1080p),https://voa-ingest.akamaized.net/hls/live/2033878/tvmc08/playlist.m3u8
Xinjiang TV 1,https://klmysjtzb.rcsxzx.com/hls/klmy2.m3u8
Xinjiang TV 2,http://110.153.180.106:55555/out_3/index.m3u8
Xinjiang TV 3,http://110.153.180.106:55555/out_2/index.m3u8
Xinjiang TV 8,http://120.70.60.179:9901/tsfile/live/1002_1.m3u8?authid=0&key=txiptv&playlive=1
Xizang TV Tibetan (720p) [Not 24/7],http://php.jdshipin.com:8880/xztv.php?id=zy
Zhejiang TV International,https://ali-m-l.cztv.com/channels/lantian/channel10/1080p.m3u8
东方卫视 (2160p),http://118.81.195.79:9003/hls/23/index.m3u8
中国气象 (576p) [Not 24/7],http://hls.weathertv.cn/tslslive/qCFIfHB/hls/live_sd.m3u8
云南卫视 (1080p),https://hwapi.yunshicloud.com/8xughf/e0bx15.m3u8
优漫卡通 (576p),http://183.207.249.15/PLTV/4/224/3221225933/index.m3u8
兵团卫视 (540p) [Not 24/7],http://112.25.48.68/live/program/live/btws/1300000/mnf.m3u8
动作电影 (1080p),http://39.134.19.68/dbiptv.sn.chinamobile.com/PLTV/88888888/224/3221226465/index.m3u8
发现之旅 (576p),http://125.210.152.18:9090/live/FXZL_750.m3u8
吉林卫视 (2160p),http://118.81.195.79:9003/hls/34/index.m3u8
和政电视台,http://117.156.28.119/270000001111/1110000149/index.m3u8
四川妇女儿童 (720p) [Not 24/7],http://scgctvshow.sctv.com/hdlive/sctv7/index.m3u8
南川旅游经济 (360p),http://221.5.213.4:30000/2222.m3u8
南阳新闻 (1080p) [Not 24/7],http://30539.hlsplay.aodianyun.com/lms_30539/tv_channel_142.m3u8
南陽公共頻道 (1080p) [Not 24/7],http://30539.hlsplay.aodianyun.com/lms_30539/tv_channel_295.m3u8
南陽科教頻道 (1080p) [Not 24/7],http://30539.hlsplay.aodianyun.com/lms_30539/tv_channel_296.m3u8
厦门卫视 (576p),http://223.110.245.159/ott.js.chinamobile.com/PLTV/3/224/3221226996/index.m3u8
厦门卫视 (540p) [Not 24/7],http://112.25.48.68/live/program/live/xmws/1300000/mnf.m3u8
发现之旅 (576p),http://125.210.152.18:9090/live/FXZL_750.m3u8
吉州新聞綜合 (1080p),http://218.204.153.158/10.m3u8
吉林卫视 (2160p),http://118.81.195.79:9003/hls/34/index.m3u8
吉林市新闻综合 [Geo-blocked],https://stream2.jlntv.cn/jilin1/sd/live.m3u8
吴江新闻综合 (720p) [Not 24/7],http://30515.hlsplay.aodianyun.com/lms_30515/tv_channel_239.m3u8
和政电视台,http://117.156.28.119/270000001111/1110000149/index.m3u8
嘉佳卡通 (576p),http://223.110.245.139/PLTV/4/224/3221227009/index.m3u8
嘉佳卡通 (广东) (540p) [Not 24/7],http://112.25.48.68/live/program/live/jjkt/1300000/mnf.m3u8
四川 Ⅰ 四川影视台 (720p) [Not 24/7],http://scgctvshow.sctv.com/hdlive/sctv5/index.m3u8
四川 Ⅰ 四川新闻台 (720p) [Not 24/7],http://scgctvshow.sctv.com/hdlive/sctv4/index.m3u8
天津卫视 (1080p),http://39.134.115.163:8080/PLTV/88888910/224/3221225698/index.m3u8
宁夏卫视 (576p),http://39.134.115.163:8080/PLTV/88888910/224/3221225726/index.m3u8
家庭影院 (1080p),http://39.134.19.153/dbiptv.sn.chinamobile.com/PLTV/88888888/224/3221226462/index.m3u8
山东体育 (1080p) [Geo-blocked],http://livealone302.iqilu.com/iqilu/typd.m3u8
山东农科 (406p) [Geo-blocked],http://livealone302.iqilu.com/iqilu/nkpd.m3u8
山东卫视 (720p),http://125.210.152.18:9090/live/SDWSHD_H265.m3u8
山东卫视 (1080p),http://39.134.115.163:8080/PLTV/88888910/224/3221225697/index.m3u8
山东少儿 (406p) [Geo-blocked],http://livealone302.iqilu.com/iqilu/sepd.m3u8
山东生活 (1080p) [Geo-blocked],http://livealone302.iqilu.com/iqilu/shpd.m3u8
山东综艺 (406p) [Geo-blocked],http://livealone302.iqilu.com/iqilu/zypd.m3u8
山东齐鲁 (1080p) [Geo-blocked],http://livealone302.iqilu.com/iqilu/qlpd.m3u8
山西卫视 (2160p),http://118.81.195.79:9003/hls/19/index.m3u8
广东卫视 (2160p),http://118.81.195.79:9003/hls/26/index.m3u8
广西卫视 (576p),http://118.81.195.79:9003/hls/27/index.m3u8
四川 Ⅰ 巴中综合台 (1080p) [Not 24/7],http://30814.hlsplay.aodianyun.com/lms_30814/tv_channel_246.flv
四川 Ⅰ 星空购物台 (720p) [Not 24/7],http://scgctvshow.sctv.com/hdlive/sctv6/index.m3u8
四川 Ⅰ 达州公共台 (720p) [Not 24/7],http://m3u8.channellive.dzxw.net/cms/videos/nmip-media/channellive/channel36/playlist.m3u8
四川 Ⅰ 达州综合台 (720p) [Not 24/7],http://m3u8.channellive.dzxw.net/cms/videos/nmip-media/channellive/channel35/playlist.m3u8
四川公共 (720p),http://scgctvshow.sctv.com/hdlive/sctv9/index.m3u8
四川妇女儿童 (720p) [Not 24/7],http://scgctvshow.sctv.com/hdlive/sctv7/index.m3u8
四平新闻综合 [Geo-blocked],https://stream2.jlntv.cn/sptv/sd/live.m3u8
大冶一套 [Geo-blocked],http://dayeyun.live.tempsource.cjyun.org/videotmp/s10102-TC1T.m3u8
大冶二套 [Geo-blocked],http://dayeyun.live.tempsource.cjyun.org/videotmp/s10102-TC2T.m3u8
大悟综合 [Geo-blocked],http://yunshangdawu.live.tempsource.cjyun.org/videotmp/s10129-dwzhpd.m3u8
大爱海外 (720p),https://pulltv3.wanfudaluye.com/live/tv3.m3u8
天津卫视 (1080p),http://39.134.115.163:8080/PLTV/88888910/224/3221225698/index.m3u8
天津卫视 (1080p),http://39.134.115.163:8080/PLTV/88888910/224/3221225739/index.m3u8
天津卫视 (1080p),http://112.25.48.68/live/program/live/tjwshd/4000000/mnf.m3u8
天津卫视 (1080p),http://117.169.120.140:8080/live/hdtianjinstv/.m3u8
天津卫视 (1080p),http://183.207.248.71/cntv/live1/HD-2500k-1080P-tianjinstv/HD-2500k-1080P-tianjinstv
天津卫视 (1080p),http://223.110.243.170/PLTV/3/224/3221227212/index.m3u8
天津卫视 (1080p),http://223.110.245.155/ott.js.chinamobile.com/PLTV/3/224/3221227382/index.m3u8
康巴卫视 (720p) [Not 24/7],http://scgctvshow.sctv.com/hdlive/kangba/1.m3u8
徐州經濟生活 (1080p),http://223.110.245.167/ott.js.chinamobile.com/PLTV/3/224/3221225947/index.m3u8
房山电视台 (576p),https://live.funhillrm.com/2/playlist.m3u8
敦煌电视台 (1080p),http://117.156.28.119/270000001111/1110000028/index.m3u8
江苏体育 (576p),http://183.207.248.71/gitv/live1/G_JSTY/G_JSTY
江苏公共 (576p),http://183.207.248.71/gitv/live1/G_JSGG/G_JSGG
江苏卫视 (1080p),http://39.134.24.166/dbiptv.sn.chinamobile.com/PLTV/88888890/224/3221226200/index.m3u8
江苏城市 (576p),http://183.207.248.71/gitv/live1/G_JSCS/G_JSCS
江苏影视 (576p),http://223.110.243.134/PLTV/4/224/3221225937/index.m3u8
江苏教育 (576p),http://223.110.245.151/ott.js.chinamobile.com/PLTV/3/224/3221225923/index.m3u8
江苏综艺 (576p) [Not 24/7],http://183.207.248.71/gitv/live1/G_JSZY/G_JSZY
江西卫视 (1080p),http://39.134.115.163:8080/PLTV/88888910/224/3221225705/index.m3u8
河南卫视 (2160p),http://118.81.195.79:9003/hls/30/index.m3u8
浙江卫视 (1080p),http://39.134.115.163:8080/PLTV/88888910/224/3221225703/index.m3u8
海南卫视 (576p),http://118.81.195.79:9003/hls/28/index.m3u8
湖北卫视 (1080p),http://118.81.195.79:9003/hls/32/index.m3u8
天津卫视 (1080p),http://223.110.245.165/ott.js.chinamobile.com/PLTV/3/224/3221227407/index.m3u8
天津卫视 (1080p),http://223.110.245.170/PLTV/3/224/3221227212/index.m3u8
天津卫视 (576p),http://183.207.249.12/PLTV/4/224/3221225808/index.m3u8
天津卫视 (576p),http://223.110.245.151/ott.js.chinamobile.com/PLTV/3/224/3221225808/index.m3u8
女性时尚 (576p),http://223.110.245.169/PLTV/4/224/3221227026/index.m3u8
孟州电视台 (1080p) [Not 24/7],http://live.dxhmt.cn:9081/tv/10883-1.m3u8
宁夏卫视 (576p) [Not 24/7],http://183.207.248.71/gitv/live1/G_NINGXIA/G_NINGXIA
宁夏卫视 (576p),http://39.134.115.163:8080/PLTV/88888910/224/3221225726/index.m3u8
宁夏卫视 (576p),http://117.169.120.140:8080/live/ningxiastv/.m3u8
宁夏卫视 (576p),http://183.207.248.11/PLTV/4/224/3221225842/index.m3u8
宁夏卫视 (576p),http://223.110.245.151/ott.js.chinamobile.com/PLTV/3/224/3221225842/index.m3u8
宁夏卫视 (540p),http://112.25.48.68/live/program/live/nxws/1300000/mnf.m3u8
安徽 Ⅰ 郎溪综合台 (1080p),http://117.70.93.210:1935/live/xinwen/playlist.m3u8
安徽 Ⅰ 铜陵公共 (720p),http://dstpush1.retalltech.com/app/stream2.m3u8
安徽 Ⅰ 铜陵综合 (720p),http://dstpush1.retalltech.com/app/stream1.m3u8
完美游戏 (1080p) [Not 24/7],http://183.207.248.71/cntv/live1/wmyx/wmyx
家庭影院 (1080p),http://39.134.19.153/dbiptv.sn.chinamobile.com/PLTV/88888888/224/3221226462/index.m3u8
家庭理财 (576p),http://223.110.245.139/PLTV/4/224/3221227011/index.m3u8
家有购物 (720p) [Not 24/7],http://183.207.248.71/cntv/live1/SD-1500k-576P-jiayougw/SD-1500k-576P-jiayougw
宿州公共 (1080p) [Not 24/7],http://live.ahsz.tv/video/s10001-ggpd/index.m3u8
宿州新闻综合 (1080p) [Not 24/7],http://live.ahsz.tv/video/s10001-szzh/index.m3u8
宿州科教 (1080p) [Not 24/7],http://live.ahsz.tv/video/s10001-kxjy/index.m3u8
宿迁公共 (480p),http://223.110.245.153/ott.js.chinamobile.com/PLTV/3/224/3221226939/index.m3u8
少儿科教,http://121.19.134.246:808/hls/23/index.m3u8
山东体育 (1080p) [Geo-blocked],http://livealone302.iqilu.com/iqilu/typd.m3u8
山东农科 (406p) [Geo-blocked],http://livealone302.iqilu.com/iqilu/nkpd.m3u8
山东卫视 (1080p),http://39.134.115.163:8080/PLTV/88888910/224/3221225697/index.m3u8
山东卫视 (1080p),http://39.134.115.163:8080/PLTV/88888910/224/3221225738/index.m3u8
山东卫视 (1080p),http://117.169.120.140:8080/live/hdshandongstv/.m3u8
山东卫视 (1080p),http://183.207.248.71/cntv/live1/HD-2500k-1080P-shandongstv/HD-2500k-1080P-shandongstv
山东卫视 (1080p),http://223.110.243.171/PLTV/3/224/3221227258/index.m3u8
山东卫视 (1080p),http://223.110.245.139/PLTV/4/224/3221227448/index.m3u8
山东卫视 (1080p),http://223.110.254.207:6610/cntv/live1/HD-2500k-1080P-shandongstv/HD-2500k-1080P-shandongstv/1.m3u8
山东卫视 (720p),http://125.210.152.18:9090/live/SDWSHD_H265.m3u8
山东卫视 (576p),http://183.207.248.71/gitv/live1/SDWS/SDWS
滁州市广播电视台 公共频道 (400p),http://live.cztv.cc:85/live/ggpd.m3u8
滁州市广播电视台 新闻综合频道 (1080p),http://live.cztv.cc:85/live/xwpd.m3u8
滁州科教 (450p),http://183.167.193.45:1935/live/cztvkj/playlist.m3u8
甘肃卫视 (576p),http://118.81.195.79:9003/hls/25/index.m3u8
白城新闻综合 [Geo-blocked],https://stream2.jlntv.cn/baicheng1/sd/live.m3u8
纪实人文 (1080p),http://39.135.138.59:18890/PLTV/88888910/224/3221225655/index.m3u8
萍鄉新聞綜合 (576p) [Not 24/7],http://www.pxitv.com:8099/hls-live/livepkgr/_definst_/pxitvevent/pxtv1stream.m3u8
西安丝路 (404p) [Not 24/7],http://stream2.xiancity.cn/xatv5/playlist.m3u8
西安商务资讯 (180p) [Not 24/7],http://stream2.xiancity.cn/xatv3/playlist.m3u8
贵州卫视 (576p),http://183.207.248.71/gitv/live1/G_GUIZHOU/G_GUIZHOU
辽宁卫视 (1080p),http://39.134.39.37/PLTV/88888888/224/3221226209/index.m3u8
酒泉新闻综合 (576p),http://117.156.28.119/270000001111/1110000001/index.m3u8
重庆卫视 (1080p),http://118.81.195.79:9003/hls/22/index.m3u8
金鹰卡通 (576p),http://223.110.245.145/ott.js.chinamobile.com/PLTV/3/224/3221226303/index.m3u8
长沙女性 [Geo-blocked],http://35848.hlsplay.aodianyun.com/guangdianyun_35848/tv_channel_349.m3u8
山东卫视 (576p),http://223.110.245.149/ott.js.chinamobile.com/PLTV/3/224/3221225804/index.m3u8
山东少儿 (406p) [Geo-blocked],http://livealone302.iqilu.com/iqilu/sepd.m3u8
山东居家购物 (360p) [Geo-blocked],http://livealone302.iqilu.com/iqilu/gwpd.m3u8
山东影视 (406p) [Geo-blocked],http://livealone302.iqilu.com/iqilu/yspd.m3u8
山东新闻 (1080p) [Geo-blocked],http://livealone302.iqilu.com/iqilu/ggpd.m3u8
山东生活 (1080p) [Geo-blocked],http://livealone302.iqilu.com/iqilu/shpd.m3u8
山东综艺 (406p) [Geo-blocked],http://livealone302.iqilu.com/iqilu/zypd.m3u8
山东齐鲁 (1080p) [Geo-blocked],http://livealone302.iqilu.com/iqilu/qlpd.m3u8
山西卫视 (2160p),http://118.81.195.79:9003/hls/19/index.m3u8
山西影视,http://220.194.178.58:8888/newlive/live/hls/53/live.m3u8
山西文体,http://220.194.178.58:8888/newlive/live/hls/55/live.m3u8
山西法治,http://220.194.178.58:8888/newlive/live/hls/54/live.m3u8
山西经济,http://220.194.178.58:8888/newlive/live/hls/52/live.m3u8
岳阳公共 (576p),http://live.hnxttv.com:9601/live/dspd/800K/tzwj_video.m3u8?BVUUID=C236454D-5355-2F5F-FA96-1887C72E55CE&auth=654837809071524@615@2E9A5FD0B225B012E3178551CF3754A8
岷县电视台 (1080p),http://117.156.28.119/270000001111/1110000130/index.m3u8
嵊州综合 (720p) [Not 24/7],https://l.cztvcloud.com/channels/lantian/SXshengzhou1/720p.m3u8
广东 Ⅰ 韶关公共台 (720p) [Not 24/7],https://www.sgmsw.cn/videos/tv/201805/1308/9P424TC5M000AFO13CXK6GN6BOA889D2/hls/live.m3u8
广东 Ⅰ 韶关综合台 (720p) [Not 24/7],https://www.sgmsw.cn/videos/tv/201805/1308/SB05RIYZOU8JR418AUQOF62CAJQ08D0E/hls/live.m3u8
广东卫视 (2160p),http://118.81.195.79:9003/hls/26/index.m3u8
广水新闻综合 [Geo-blocked],http://guangshui.live.tempsource.cjyun.org/videotmp/s10146-GSXW.m3u8
广西卫视 (576p),http://118.81.195.79:9003/hls/27/index.m3u8
康巴卫视 (720p) [Not 24/7],http://scgctvshow.sctv.com/hdlive/kangba/1.m3u8
康巴卫视 (576p),http://223.110.245.139/PLTV/4/224/3221227008/index.m3u8
长沙政法 [Geo-blocked],http://35848.hlsplay.aodianyun.com/guangdianyun_35848/tv_channel_348.m3u8
长沙新闻 [Geo-blocked],http://35848.hlsplay.aodianyun.com/guangdianyun_35848/tv_channel_346.m3u8
青海卫视 (1080p),http://live.geermurmt.com/qhws/sd/live.m3u8
风尚购物 (1080p),http://183.207.248.71/cntv/live1/fengshanggw/fengshanggw
高台电视台 (1080p),http://117.156.28.119/270000001111/1110000146/index.m3u8
鹤壁新闻综合 (480p) [Not 24/7],http://pili-live-hls.hebitv.com/hebi/hebi.m3u8
黑龙江卫视 (2160p),http://118.81.195.79:9003/hls/31/index.m3u8
延边卫视 (576p),http://223.110.245.139/PLTV/4/224/3221227002/index.m3u8
延边卫视 (576p),http://223.110.245.161/ott.js.chinamobile.com/PLTV/3/224/3221227002/index.m3u8
延边新闻综合 [Geo-blocked],https://stream2.jlntv.cn/jlyb/sd/live.m3u8
建安电视台 (1080p) [Not 24/7],http://live.dxhmt.cn:9081/tv/11003-1.m3u8
弈坛春秋 (576p),http://223.110.245.139/PLTV/4/224/3221227031/index.m3u8
张家界1 (240p) [Not 24/7],http://stream.zjjrtv.com/zjjtv1/hd/live.m3u8
张家界2台 (240p) [Not 24/7],http://stream.zjjrtv.com/zjjtv2/hd/live.m3u8
徐州-1 (1080p),http://183.207.249.15/PLTV/3/224/3221225945/index.m3u8
徐州-3 (1080p),http://183.207.249.7/PLTV/3/224/3221225949/index.m3u8
徐州-3 (1080p),http://223.110.245.151/ott.js.chinamobile.com/PLTV/3/224/3221225949/index.m3u8
徐州-4 (1080p),http://183.207.249.15/PLTV/3/224/3221225951/index.m3u8
徐州公共頻道 (1080p),http://183.207.248.11/PLTV/3/224/3221225951/index.m3u8
徐州新聞綜合 (1080p),http://223.110.245.165/ott.js.chinamobile.com/PLTV/3/224/3221225945/index.m3u8
徐州經濟生活 (1080p),http://223.110.245.167/ott.js.chinamobile.com/PLTV/3/224/3221225947/index.m3u8
徐州贾汪旅游 (576p),http://223.110.245.147/ott.js.chinamobile.com/PLTV/3/224/3221227389/index.m3u8
房山电视台 (576p),https://live.funhillrm.com/2/playlist.m3u8
抚州公共 (270p),http://111.75.179.195:30767/video/live_vide2.m3u8
撫州綜合頻道 (270p) [Not 24/7],http://111.75.179.195:30767/video/live_vide.m3u8
敦煌电视台 (1080p),http://117.156.28.119/270000001111/1110000028/index.m3u8
文山综合 (1080p) [Not 24/7],http://m3u8.channel.wsrtv.com.cn/cms/videos/nmip-media/channellive/channel7/playlist.m3u8
新昌休闲影视 (1080p) [Not 24/7],https://l.cztvcloud.com/channels/lantian/SXxinchang2/720p.m3u8
新昌新聞綜合 (1080p) [Not 24/7],https://l.cztvcloud.com/channels/lantian/SXxinchang1/720p.m3u8
新泰乡村党建 (480p) [Not 24/7],http://live.xtgdw.cn:1935/live/xtxc/playlist.m3u8
新泰影視頻道 (480p) [Not 24/7],http://111.17.214.4:1935/live/xtys/playlist.m3u8
新泰影視頻道 (480p) [Not 24/7],http://live.xtgdw.cn:1935/live/xtys/playlist.m3u8
新泰生活 (480p) [Not 24/7],http://111.17.214.4:1935/live/xtsh/playlist.m3u8
新泰生活 (480p) [Not 24/7],http://live.xtgdw.cn:1935/live/xtsh/playlist.m3u8
新泰综合 (480p) [Not 24/7],http://111.17.214.4:1935/live/xtzh/playlist.m3u8
新泰综合 (480p) [Not 24/7],http://live.xtgdw.cn:1935/live/xtzh/playlist.m3u8
新泰鄉村黨建 (480p) [Not 24/7],http://111.17.214.4:1935/live/xtxc/playlist.m3u8
新疆卫视 (576p),http://39.134.115.163:8080/PLTV/88888910/224/3221225725/index.m3u8
新疆卫视 (576p),http://183.207.248.71/cntv/live1/xinjiangstv/xinjiangstv
新疆卫视 (576p),http://183.207.248.71/gitv/live1/G_XINJIANG/G_XINJIANG
新疆卫视 (576p),http://183.207.249.15/PLTV/3/224/3221225523/index.m3u8
新疆卫视 (576p),http://223.110.243.136/PLTV/3/224/3221225523/index.m3u8
新疆卫视 (540p),http://112.25.48.68/live/program/live/xjws/1300000/mnf.m3u8
新郑综合 (1080p) [Not 24/7],http://live.dxhmt.cn:9081/tv/10184-1.m3u8
星空衛視 (576p),http://218.202.220.2:5000/nn_live.ts?id=STARTV
晋中公共 (1080p) [Not 24/7],http://jzlive.jztvnews.com:90/live/jzgg.m3u8
晋中综合 (1080p),http://jzlive.jztvnews.com:90/live/jzzh.m3u8
景县电视一套 (576p) [Not 24/7],http://hbjx.chinashadt.com:1935/live/jx1.stream/playlist.m3u8
景县电视一套 (360p) [Not 24/7],http://hbjx.chinashadt.com:1935/live/stream:jx1.stream_360p/playlist.m3u8
智慧教育 (576p),http://111.63.117.13:6060/030000001000/G_CETV-4/G_CETV-4.m3u8
松原新闻综合 [Geo-blocked],https://stream2.jlntv.cn/sytv/sd/live.m3u8
武进新闻 (576p) [Not 24/7],https://live.wjyanghu.com/live/CH1.m3u8
武进生活 (576p) [Not 24/7],https://live.wjyanghu.com/live/CH2.m3u8
江津新闻综合 (480p),http://222.179.155.21:1935/ch1.m3u8
江津经济生活 (480p),http://222.179.155.21:1935/ch0.m3u8
江苏 Ⅰ 连云港公共 (480p) [Not 24/7],https://live.lyg1.com/ggpd/sd/live.m3u8
江苏 Ⅰ 连云港综合 (480p) [Not 24/7],https://live.lyg1.com/zhpd/sd/live.m3u8
江苏体育 (576p),http://183.207.248.71/gitv/live1/G_JSTY/G_JSTY
江苏体育 (576p),http://183.207.249.12/PLTV/4/224/3221225935/index.m3u8
江苏体育 (576p),http://223.110.245.157/ott.js.chinamobile.com/PLTV/3/224/3221225935/index.m3u8
江苏公共 (576p),http://183.207.248.71/gitv/live1/G_JSGG/G_JSGG
江苏卫视 (1080p) [Not 24/7],http://183.207.248.71/cntv/live1/HD-2500k-1080P-jiangsustv/HD-2500k-1080P-jiangsustv
江苏卫视 (1080p),http://39.134.24.166/dbiptv.sn.chinamobile.com/PLTV/88888890/224/3221226200/index.m3u8
江苏卫视 (1080p),http://39.134.115.163:8080/PLTV/88888910/224/3221225702/index.m3u8
江苏卫视 (1080p),http://39.134.115.163:8080/PLTV/88888910/224/3221225743/index.m3u8
江苏卫视 (1080p),http://112.25.48.68/live/program/live/jswshd/4000000/mnf.m3u8
江苏卫视 (1080p),http://117.169.120.140:8080/live/hdjiangsustv/.m3u8
江苏卫视 (1080p),http://183.207.248.71/cntv/live1/jiangsustv/jiangsustv
江苏卫视 (1080p),http://183.207.249.34/PLTV/4/224/3221227402/index.m3u8
江苏卫视 (1080p),http://223.110.245.157/ott.js.chinamobile.com/PLTV/3/224/3221227439/index.m3u8
江苏卫视 (1080p),http://223.110.245.170/PLTV/3/224/3221227255/index.m3u8
江苏卫视 (576p),http://183.207.248.71/gitv/live1/JSWS-HD/JSWS-HD
江苏城市 (576p),http://183.207.248.71/gitv/live1/G_JSCS/G_JSCS
江苏城市 (576p),http://223.110.245.143/ott.js.chinamobile.com/PLTV/3/224/3221225929/index.m3u8
江苏影视 (576p) [Not 24/7],http://183.207.248.71/gitv/live1/G_JSYS/G_JSYS
江苏影视 (576p),http://223.110.243.134/PLTV/4/224/3221225937/index.m3u8
江苏教育 (576p) [Not 24/7],http://183.207.248.71/gitv/live1/G_JSJY/G_JSJY
江苏教育 (576p),http://223.110.245.151/ott.js.chinamobile.com/PLTV/3/224/3221225923/index.m3u8
江苏综艺 (576p) [Not 24/7],http://183.207.248.71/gitv/live1/G_JSZY/G_JSZY
江西卫视 (1080p),http://39.134.115.163:8080/PLTV/88888910/224/3221225705/index.m3u8
江西卫视 (1080p),http://39.134.115.163:8080/PLTV/88888910/224/3221225746/index.m3u8
江西卫视 (1080p),http://112.25.48.68/live/program/live/jxwshd/4000000/mnf.m3u8
江西卫视 (1080p),http://183.207.248.71/cntv/live1/jiangxistv/jiangxistv
江西卫视 (1080p),http://183.207.249.11/PLTV/3/224/3221225536/index.m3u8
江西卫视 (1080p),http://223.110.245.170/PLTV/3/224/3221225536/index.m3u8
江西卫视 (1080p),http://223.110.254.199:6610/cntv/live1/jiangxistv/jiangxistv/1.m3u8
江西卫视 (720p),http://117.169.120.140:8080/live/jiangxistv/.m3u8
江西卫视 (576p),http://183.207.248.71/gitv/live1/JXWS/JXWS
江西卫视 (576p),http://183.207.249.15/PLTV/4/224/3221225798/index.m3u8
江西卫视 (360p),http://125.210.152.18:9090/live/JXWSHD_H265.m3u8
河北公共,http://121.19.134.246:808/hls/24/index.m3u8
河北农民,http://121.19.134.246:808/hls/25/index.m3u8
河北卫视 (2160p),http://118.81.195.79:9003/hls/29/index.m3u8
河北影视,http://121.19.134.246:808/hls/22/index.m3u8
河北经济,http://121.19.134.246:808/hls/20/index.m3u8
河北都市,http://121.19.134.246:808/hls/21/index.m3u8
河南卫视 (2160p),http://118.81.195.79:9003/hls/30/index.m3u8
河源综合 (540p),https://tmpstream.hyrtv.cn/xwzh/sd/live.m3u8
洪雅新闻综合 (1080p),http://117.172.215.250:8083/videos/live/35/39/GQVbrgob5CGJM/GQVbrgob5CGJM.m3u8
浙江 Ⅰ 绍兴影视 (720p),http://live.shaoxing.com.cn/video/s10001-sxtv3/index.m3u8
浙江 Ⅰ 绍兴综合 (576p),http://live.shaoxing.com.cn/video/s10001-sxtv1/index.m3u8
浙江公共 (1080p) [Not 24/7],https://ct-m-l.cztv.com/channels/lantian/channel007/1080p.m3u8
浙江公共 (1080p) [Not 24/7],https://qiniup-m-l.cztv.com/channels/lantian/channel007/1080p.m3u8
浙江卫视 (1080p),http://39.134.115.163:8080/PLTV/88888910/224/3221225703/index.m3u8
浙江卫视 (1080p),http://39.134.115.163:8080/PLTV/88888910/224/3221225744/index.m3u8
浙江卫视 (1080p),http://112.25.48.68/live/program/live/zjwshd/4000000/mnf.m3u8
浙江卫视 (1080p),http://183.207.248.71/cntv/live1/HD-2500k-1080P-zhejiangstv/HD-2500k-1080P-zhejiangstv
浙江卫视 (1080p),http://183.207.248.71/cntv/live1/zhejiangstv/zhejiangstv
浙江卫视 (1080p),http://183.207.249.34/PLTV/4/224/3221227393/index.m3u8
浙江卫视 (1080p),http://223.110.243.173/PLTV/3/224/3221227215/index.m3u8
浙江卫视 (1080p),http://223.110.245.143/ott.js.chinamobile.com/PLTV/3/224/3221227483/index.m3u8
浙江卫视 (1080p),http://223.110.245.159/ott.js.chinamobile.com/PLTV/3/224/3221227393/index.m3u8
浙江卫视 (1080p),http://223.110.254.210:6610/cntv/live1/zhejiangstv/zhejiangstv/1.m3u8
浙江卫视 (576p),http://183.207.248.71/gitv/live1/G_ZHEJIANG/G_ZHEJIANG
浙江国际,https://ali-m-l.cztv.com/channels/lantian/channel010/1080p.m3u8
浙江教科,https://ali-m-l.cztv.com/channels/lantian/channel004/1080p.m3u8
浙江新闻,https://ali-m-l.cztv.com/channels/lantian/channel007/1080p.m3u8
浙江民生,https://ali-m-l.cztv.com/channels/lantian/channel006/1080p.m3u8
浙江经济,https://ali-m-l.cztv.com/channels/lantian/channel003/1080p.m3u8
浙江钱江,https://ali-m-l.cztv.com/channels/lantian/channel002/1080p.m3u8
海南卫视 (576p),http://118.81.195.79:9003/hls/28/index.m3u8
海西州综合 (576p),http://stream.haixitv.cn/1/sd/live.m3u8
涡阳新闻综合 (360p),http://220.180.110.101:8083/videos/live/36/57/hwEHU4UVQ1Iv5/hwEHU4UVQ1Iv5.m3u8
深圳卫视 (1080p) [Not 24/7],http://183.207.248.71/cntv/live1/HD-2500k-1080P-shenzhenstv/HD-2500k-1080P-shenzhenstv
深圳卫视 (1080p),http://39.134.24.166/dbiptv.sn.chinamobile.com/PLTV/88888890/224/3221226205/index.m3u8
深圳卫视 (1080p),http://39.134.39.39/PLTV/88888888/224/3221226199/index.m3u8
深圳卫视 (1080p),http://39.134.115.163:8080/PLTV/88888910/224/3221225700/index.m3u8
深圳卫视 (1080p),http://39.134.115.163:8080/PLTV/88888910/224/3221225741/index.m3u8
深圳卫视 (1080p),http://39.135.138.59:18890/PLTV/88888910/224/3221225741/index.m3u8
深圳卫视 (1080p),http://112.25.48.68/live/program/live/szwshd/4000000/mnf.m3u8
深圳卫视 (1080p),http://117.169.120.140:8080/live/hdshenzhenstv/.m3u8
深圳卫视 (1080p),http://183.207.249.37/PLTV/4/224/3221227307/index.m3u8
深圳卫视 (1080p),http://223.110.243.171/PLTV/3/224/3221227217/index.m3u8
深圳卫视 (1080p),http://223.110.245.139/PLTV/4/224/3221227307/index.m3u8
湖北卫视 (1080p),http://118.81.195.79:9003/hls/32/index.m3u8
湘潭公共 (576p),http://live.hnxttv.com:9601/live/dspd/800K/tzwj_video.m3u8
湘潭新闻综合 (720p),http://live.hnxttv.com:9601/live/xwzh/800K/tzwj_video.m3u8
滁州公共 (450p),http://183.167.193.45:1935/live/cztvgg/playlist.m3u8
滁州市广播电视台 公共频道 (400p),http://live.cztv.cc:85/live/ggpd.m3u8
滁州市广播电视台 新闻综合频道 (1080p),http://live.cztv.cc:85/live/xwpd.m3u8
滁州市广播电视台 科教频道 (400p),http://live.cztv.cc:85/live/sjpd.m3u8
滁州新闻综合 (450p),http://183.167.193.45:1935/live/cztvzh/playlist.m3u8
滁州科教 (450p),http://183.167.193.45:1935/live/cztvkj/playlist.m3u8
滨州公共电视剧 (576p),http://stream.bzcm.net/1/sd/live.m3u8
滨州新闻综合 (576p),http://stream.bzcm.net/2/sd/live.m3u8
滨州测试 (576p),http://stream.bzcm.net/4/sd/live.m3u8
滨海新闻 (1080p),http://60.30.52.41/live/bhtv1/playlist.m3u8
滨海都市 (1080p),http://60.30.52.41/live/bhtv2/playlist.m3u8
漳州新闻综合 (720p) [Not 24/7],https://31182.hlsplay.aodianyun.com/lms_31182/tv_channel_175.m3u8
灵台新闻综合 (1080p),http://117.156.28.119/270000001111/1110000145/index.m3u8
炫动卡通 (576p),http://223.110.245.139/PLTV/4/224/3221226388/index.m3u8
甘肃公共 (540p) [Not 24/7],https://hls.gstv.com.cn/49048r/3t5xyc.m3u8
甘肃卫视 (576p),http://118.81.195.79:9003/hls/25/index.m3u8
甘肃移动 (540p) [Not 24/7],https://hls.gstv.com.cn/49048r/y72q36.m3u8
生活 (576p),http://223.110.245.153/ott.js.chinamobile.com/PLTV/3/224/3221227311/index.m3u8
电白视窗 (576p) [Not 24/7],http://gddb.chinashadt.com:1935/live/video2.stream/playlist.m3u8
电白视窗 (360p) [Not 24/7],http://gddb.chinashadt.com:1935/live/video2.stream_360p/playlist.m3u8
电白综合 (576p) [Not 24/7],http://gddb.chinashadt.com:1935/live/video1.stream/playlist.m3u8
电白综合 (360p) [Not 24/7],http://gddb.chinashadt.com:1935/live/video1.stream_360p/playlist.m3u8
白城新闻综合 [Geo-blocked],https://stream2.jlntv.cn/baicheng1/sd/live.m3u8
白山新闻综合 [Geo-blocked],https://stream2.jlntv.cn/baishan1/sd/live.m3u8
百事通体育1 (1080p) [Not 24/7],http://112.25.48.68/live/program/live/hdnba1/4000000/mnf.m3u8
百事通体育2 (1080p) [Not 24/7],http://112.25.48.68/live/program/live/hdnba2/4000000/mnf.m3u8
百事通体育3 (1080p) [Not 24/7],http://112.25.48.68/live/program/live/hdnba3/4000000/mnf.m3u8
百事通体育5 (1080p),http://112.25.48.68/live/program/live/hdnba5/4000000/mnf.m3u8
百事通体育7 (1080p) [Not 24/7],http://112.25.48.68/live/program/live/hdnba7/4000000/mnf.m3u8
石景山电视台 (1080p) [Not 24/7],https://live.sjsrm.com/bjsjs/sd/live.m3u8
福山生活 (576p) [Not 24/7],http://live.jiaodong.net:82/tvfushan/hls/tv_shenghuo.m3u8
福州广播电视台新闻综合频道 (FZTV-1) (1080p),http://live.zohi.tv/video/s10001-fztv-1/index.m3u8
福州广播电视台都市生活频道 (FZTV-3) (1080p),http://live.zohi.tv/video/s10001-fztv-3/index.m3u8
福州电视台少儿频道 (FZTV-少儿) (1080p),http://live.zohi.tv/video/s10001-fztv-4/index.m3u8
萬州三峽移民 (576p),http://123.146.162.24:8017/c2F0hmi/1000/live.m3u8
萬州三峽移民 (576p),http://wanzhoulive.cbg.cn:8017/c2F0hmi/1000/live.m3u8
萬州影視文藝 (576p) [Not 24/7],http://123.146.162.24:8017/d4ceB1a/1000/live.m3u8
萬州影視文藝 (576p),http://wanzhoulive.cbg.cn:8017/d4ceB1a/1000/live.m3u8
萬州科教頻道 (576p),http://123.146.162.24:8017/Cz7WPb8/800/live.m3u8
萬州科教頻道 (576p),http://wanzhoulive.cbg.cn:8017/Cz7WPb8/800/live.m3u8
萬州綜合頻道 (576p),http://123.146.162.24:8017/iTXwrGs/800/live.m3u8
萬州綜合頻道 (576p),http://wanzhoulive.cbg.cn:8017/iTXwrGs/800/live.m3u8
积石山电视台 (1080p),http://117.156.28.119/270000001111/1110000152/index.m3u8
篮球资讯 (576p),http://223.110.245.139/PLTV/4/224/3221227023/index.m3u8
娄底综合 (720p),http://119.39.242.52:1935/live/zonghe/playlist.m3u8
精品电影 (1080p),http://183.207.248.71/cntv/live1/jdianying/jdianying
纪实人文 (1080p),http://39.135.138.59:18890/PLTV/88888910/224/3221225655/index.m3u8
纯享4K (2160p),http://39.134.115.163:8080/PLTV/88888910/224/3221225786/index.m3u8
继续教育 (576p),http://111.63.117.13:6060/030000001000/G_CETV-2/G_CETV-2.m3u8
罗山电视台 (1080p) [Not 24/7],http://live.dxhmt.cn:9081/tv/11521-1.m3u8
置业 (576p),http://223.110.245.161/ott.js.chinamobile.com/PLTV/3/224/3221227037/index.m3u8
耀才财经 (288p),http://202.69.67.66:443/webcast/bshdlive-mobile/playlist.m3u8
肃州电视台 (1080p),http://117.156.28.119/270000001111/1110000123/index.m3u8
芜湖公共 (576p),http://live1.wuhubtv.com/channel3/sd/live.m3u8
芜湖新闻综合 (576p),http://live1.wuhubtv.com/channel1/sd/live.m3u8
芜湖生活 (576p),http://live1.wuhubtv.com/channel2/sd/live.m3u8
荣昌综合 (404p) [Not 24/7],http://183.64.181.25:40023/rongchang01.m3u8
莒縣圖文頻道 (720p),http://61.162.225.122:8181/live/test3.m3u8
莒縣電視一套 (576p),http://61.162.225.122:8181/live/test1.m3u8
莒縣電視二套 (576p) [Not 24/7],http://61.162.225.122:8181/live/test2.m3u8
萍鄉公共頻道 (1080p) [Not 24/7],http://www.pxitv.com:8099/hls-live/livepkgr/_definst_/pxitvevent/pxtv3stream.m3u8
萍鄉教育頻道 (480p),http://www.pxitv.com:8099/hls-live/livepkgr/_definst_/pxitvevent/pxtv2stream.m3u8
萍鄉新聞綜合 (576p) [Not 24/7],http://www.pxitv.com:8099/hls-live/livepkgr/_definst_/pxitvevent/pxtv1stream.m3u8
萧山新闻综合 (720p) [Not 24/7],https://l.cztvcloud.com/channels/lantian/SXxiaoshan1/720p.m3u8
蓬安新闻综合 (720p) [Not 24/7],http://palive.patv123.com:8091/live/xwpd_800K.m3u8
蕪湖教育頻道 (576p),http://live1.wuhubtv.com/channel4/sd/live.m3u8
蕭山生活頻道 (720p) [Not 24/7],https://l.cztvcloud.com/channels/lantian/SXxiaoshan2/720p.m3u8
西安丝路 (404p) [Not 24/7],http://stream2.xiancity.cn/xatv5/playlist.m3u8
西安乐购购物 (180p) [Not 24/7],http://stream2.xiancity.cn/xatv6/playlist.m3u8
西安商务资讯 (180p) [Not 24/7],http://stream2.xiancity.cn/xatv3/playlist.m3u8
西安影视 (180p) [Not 24/7],http://stream2.xiancity.cn/xatv4/playlist.m3u8
西安新闻 (1080p) [Not 24/7],http://stream2.xiancity.cn/xatv1/playlist.m3u8
西安白鸽 (180p) [Not 24/7],http://stream2.xiancity.cn/xatv2/playlist.m3u8
西藏卫视 (576p),http://39.134.115.163:8080/PLTV/88888910/224/3221225723/index.m3u8
西藏卫视 (576p),http://117.169.120.140:8080/live/xizangstv/.m3u8
西藏卫视 (576p),http://183.207.249.16/PLTV/3/224/3221225523/index.m3u8
贵州卫视 (576p),http://39.134.115.163:8080/PLTV/88888910/224/3221225728/index.m3u8
贵州卫视 (576p),http://183.207.248.71/gitv/live1/G_GUIZHOU/G_GUIZHOU
贵州卫视 (576p),http://223.110.245.149/ott.js.chinamobile.com/PLTV/3/224/3221225787/index.m3u8
贵州卫视 (360p),http://125.210.152.18:9090/live/GZWSHD_H265.m3u8
辛集新聞頻道 (480p) [Not 24/7],http://zsxj.chinashadt.com:1935/live/xjxw.stream_360p/playlist.m3u8
辛集生活頻道 (480p) [Not 24/7],http://zsxj.chinashadt.com:1935/live/xjsh.stream_360p/playlist.m3u8
辽宁卫视 (1080p),http://39.134.39.37/PLTV/88888888/224/3221226209/index.m3u8
辽宁卫视 (1080p),http://39.134.115.163:8080/PLTV/88888910/224/3221225735/index.m3u8
辽宁卫视 (1080p),http://39.135.138.59:18890/PLTV/88888910/224/3221225696/index.m3u8
辽宁卫视 (1080p),http://112.25.48.68/live/program/live/lnwshd/4000000/mnf.m3u8
辽宁卫视 (1080p),http://223.110.245.145/ott.js.chinamobile.com/PLTV/3/224/3221227410/index.m3u8
辽宁卫视 (720p),http://125.210.152.18:9090/live/LNWSHD_H265.m3u8
辽宁卫视 (576p),http://183.207.248.71/cntv/live1/liaoningstv/liaoningstv
辽宁卫视 (576p),http://183.207.249.12/PLTV/4/224/3221225802/index.m3u8
辽宁卫视 (576p),http://183.207.249.71/PLTV/3/224/3221225566/index.m3u8
辽源新闻综合 [Geo-blocked],https://stream2.jlntv.cn/liaoyuan1/sd/live.m3u8
通化新闻 [Geo-blocked],https://stream2.jlntv.cn/tonghua1/sd/live.m3u8
邗江资讯 (576p),http://223.110.245.139/PLTV/4/224/3221227154/index.m3u8
邢台城生,http://222.223.119.21:8888/newlive/live/hls/55/live.m3u8
邢台综合,http://222.223.119.21:8888/newlive/live/hls/54/live.m3u8
酒泉新闻综合 (576p),http://117.156.28.119/270000001111/1110000001/index.m3u8
重庆卫视 (1080p),http://118.81.195.79:9003/hls/22/index.m3u8
金昌公共頻道 (240p) [Geo-blocked],http://stream4.liveyun.hoge.cn/ch01/sd/live.m3u8
金昌綜合頻道 (720p) [Geo-blocked],http://stream4.liveyun.hoge.cn/ch02/sd/live.m3u8
金鹰卡通 (576p) [Geo-blocked],http://223.110.241.149:6610/gitv/live1/G_JINYING/G_JINYING/1.m3u8
金鹰卡通 (576p),http://223.110.245.145/ott.js.chinamobile.com/PLTV/3/224/3221226303/index.m3u8
金鹰卡通 (湖南) (540p) [Not 24/7],http://112.25.48.68/live/program/live/jykt/1300000/mnf.m3u8
长乐综合 [Geo-blocked],http://35908.hlsplay.aodianyun.com/guangdianyun_35908/tv_channel_327.m3u8
长春综合 [Geo-blocked],https://stream2.jlntv.cn/jlcc/sd/live.m3u8
长沙地铁移动 [Geo-blocked],http://35848.hlsplay.aodianyun.com/guangdianyun_35848/tv_channel_356.m3u8
长沙女性 [Geo-blocked],http://35848.hlsplay.aodianyun.com/guangdianyun_35848/tv_channel_349.m3u8
长沙政法 [Geo-blocked],http://35848.hlsplay.aodianyun.com/guangdianyun_35848/tv_channel_348.m3u8
长沙新闻 [Geo-blocked],http://35848.hlsplay.aodianyun.com/guangdianyun_35848/tv_channel_346.m3u8
长沙经贸 [Geo-blocked],http://35848.hlsplay.aodianyun.com/guangdianyun_35848/tv_channel_350.m3u8
长沙购物 [Geo-blocked],http://35848.hlsplay.aodianyun.com/guangdianyun_35848/tv_channel_354.m3u8
陕西卫视 (576p),http://39.134.115.163:8080/PLTV/88888910/224/3221225729/index.m3u8
陕西卫视 (576p),http://223.110.245.139/PLTV/4/224/3221227022/index.m3u8
陕西卫视 (540p),http://112.25.48.68/live/program/live/sxws/1300000/mnf.m3u8
隨州綜合 (720p) [Not 24/7],http://34766.hlsplay.aodianyun.com/guangdianyun_34766/tv_channel_304.m3u8
隨州農村 (720p) [Not 24/7],http://34766.hlsplay.aodianyun.com/guangdianyun_34766/tv_channel_305.m3u8
集安综合 [Geo-blocked],https://stream2.jlntv.cn/ja/sd/live.m3u8
霸州公共頻道 (576p) [Not 24/7],http://hbbz.chinashadt.com:2036/live/stream:bzgg.stream/playlist.m3u8
霸州少兒頻道 (576p) [Not 24/7],http://hbbz.chinashadt.com:2036/live/stream:bzse.stream/playlist.m3u8
青海卫视 (1080p),http://live.geermurmt.com/qhws/sd/live.m3u8
青海卫视 (576p),http://39.134.115.163:8080/PLTV/88888910/224/3221225727/index.m3u8
青海卫视 (540p),http://112.25.48.68/live/program/live/qhws/1300000/mnf.m3u8
靖江新闻綜合 (480p) [Not 24/7],http://visit.jjbctv.com:1935/live/xwzhmb/playlist.m3u8
静宁综合 (1080p),http://117.156.28.119/270000001111/1110000147/index.m3u8
风尚购物 (1080p),http://183.207.248.71/cntv/live1/fengshanggw/fengshanggw
餘姚姚江文化 (576p) [Not 24/7],https://l.cztvcloud.com/channels/lantian/SXyuyao2/720p.m3u8
高台电视台 (1080p),http://117.156.28.119/270000001111/1110000146/index.m3u8
高清电影 (1080p),http://39.134.19.76/dbiptv.sn.chinamobile.com/PLTV/88888888/224/3221226463/index.m3u8
鹤壁新闻综合 (480p) [Not 24/7],http://pili-live-hls.hebitv.com/hebi/hebi.m3u8
鹤峰综合 [Geo-blocked],http://hefeng.live.tempsource.cjyun.org/videotmp/s10100-hftv.m3u8
鹿泉一套 (576p) [Not 24/7],http://hblq.chinashadt.com:2036/live/stream:luquan1.stream/playlist.m3u8
鹿泉二套 (576p) [Not 24/7],http://hblq.chinashadt.com:2036/live/stream:luquan2.stream/playlist.m3u8
黑龙卫视 (1080p),http://223.110.243.169/PLTV/3/224/3221227252/index.m3u8
黑龙卫视 (1080p),http://223.110.245.139/PLTV/4/224/3221227492/index.m3u8
黑龙卫视 (1080p),http://223.110.245.170/PLTV/3/224/3221227252/index.m3u8
黑龙卫视 (720p),http://125.210.152.18:9090/live/HLJWSHD_H265.m3u8
黑龙江 (1080p),http://223.110.245.161/ott.js.chinamobile.com/PLTV/3/224/3221227492/index.m3u8
黑龙江 (576p),http://183.207.248.71/gitv/live1/G_HEILONGJIANG/G_HEILONGJIANG
黑龙江卫 (1080p),http://183.207.248.71/cntv/live1/HD-2500k-1080P-heilongjiangstv/HD-2500k-1080P-heilongjiangstv
黑龙江卫视 (2160p),http://118.81.195.79:9003/hls/31/index.m3u8
Xinjiang TV 2,https://hls.quklive.com/live/play-sh-21.quklive.com/1777511615189085.m3u8?auth_key=2092871636-a39d8614688744d0b170b856b086ba80-0-33900446b83fa0b5befeb6bedbcd51a0
Xinjiang TV 1,https://p8.vzan.com/218800995/242196610130883766/live.m3u8?zbid=218800995&tpid=208366456
CGTN French (1080p),http://145.239.5.177/214/index.m3u8
Nei Monggol TV 2 Mongolian Culture Channel (1080i) [Not 24/7],http://play1-qk.nmtv.cn/live/1769652109096027.m3u8
Lanzhou Comprehensive News Channel,https://liveplus.lzr.com.cn/xwzh/HD/live.m3u8
Lanzhou Culture & Tourism Channel,https://liveplus.lzr.com.cn/wlpd/HD/live.m3u8
Qinghai TV,https://hls-qhmh.lanzhousobey.cn/qhmh/mhds.m3u8
Jiangsu Public & News Channel,https://jiangning-tv-playing-t.cm.jstv.com/jiangning-tv/jnxwzh.m3u8
2026-07-14 09:59:25,http://198.204.228.26/live/cctv1hd.m3u8
文化精品,http://63.141.230.178:82/gslb/zbdq5.m3u8?id=ysjp
文化精品,http://38.75.136.137:98/gslb/dsdqpub/ysjp.m3u8?auth=testpub
文化精品,https://live.264788.xyz/channel/yangshiwenhuajingpin?streamid=bc185d1ef1e528922e83efd845006277&livekey=01WgOR41rriMmMkzNsd0UoaxJRwetZdxIvtVk
文化精品,http://107.150.60.122/live/ysjp.m3u8
文化精品,http://173.208.212.130:8181/720p/ysjp.m3u8
央视台球,http://38.75.136.137:98/gslb/dsdqpub/ystq.m3u8?auth=testpub
央视台球,http://107.150.60.122/live/ystq.m3u8
央视台球,http://63.141.230.178:82/gslb/zbdq5.m3u8?id=ystq
央视台球,http://207.56.13.146:81/cdnlive/ystq.m3u8
风云音乐,http://173.208.212.130:8181/720p/fyyy.m3u8
风云音乐,http://38.75.136.137:98/gslb/dsdqpub/fyyy.m3u8?auth=testpub
风云音乐,http://63.141.230.178:82/gslb/zbdq5.m3u8?id=fyyy
风云音乐,http://207.56.13.146:81/cdnlive/fyyy.m3u8
风云音乐,https://live.264788.xyz/channel/fengyunyinyue?streamid=be37d16b874e7ba11dd383d7ecd75752&livekey=01WgOR41rriMmMkzNsd0UoaxJRwetZdxIvtVk
第一剧场,https://live.264788.xyz/channel/diyijuchang?streamid=e9b0fb1ca135a4aeae12944494883794&livekey=01WgOR41rriMmMkzNsd0UoaxJRwetZdxIvtVk
第一剧场,http://107.150.60.122/live/dyjc.m3u8
第一剧场,https://live.264788.xyz/channel/diyijuchang?streamid=d81e188b59ece96b7e8f1ce34aea3ef8&livekey=01WgOR41rriMmMkzNsd0UoaxJRwetZdxIvtVk
第一剧场,http://207.56.13.146:81/cdnlive/dyjc.m3u8
第一剧场,http://63.141.230.178:82/gslb/zbdq5.m3u8?id=dyjc
风云剧场,http://173.208.212.130:8181/720p/fyjc.m3u8
风云剧场,http://207.56.13.146:81/cdnlive/fyjc.m3u8
风云剧场,https://live.264788.xyz/channel/fengyunjuchang?streamid=31e7b5b7032d25dd215a4069cdee1a48&livekey=01WgOR41rriMmMkzNsd0UoaxJRwetZdxIvtVk
风云剧场,http://63.141.230.178:82/gslb/zbdq5.m3u8?id=fyjc
怀旧剧场,http://107.150.60.122/live/hjjc.m3u8
怀旧剧场,http://38.75.136.137:98/gslb/dsdqpub/hjjc.m3u8?auth=testpub
怀旧剧场,http://63.141.230.178:82/gslb/zbdq5.m3u8?id=hjjc
怀旧剧场,https://live.264788.xyz/channel/huaijiujuchang?streamid=7e5d1abdddde08f588234f3f640f75ff&livekey=01WgOR41rriMmMkzNsd0UoaxJRwetZdxIvtVk
怀旧剧场,http://173.208.212.130:8181/720p/hjjc.m3u8
女性时尚,http://173.208.212.130:8181/720p/nxss.m3u8
女性时尚,http://207.56.13.146:81/cdnlive/nxss.m3u8
女性时尚,http://63.141.230.178:82/gslb/zbdq5.m3u8?id=nxss
女性时尚,http://38.75.136.137:98/gslb/dsdqpub/nxss.m3u8?auth=testpub
高尔夫网球,http://207.56.13.146:81/cdnlive/gefwq.m3u8
风云足球,http://38.75.136.137:98/gslb/dsdqpub/fyzq.m3u8?auth=testpub
风云足球,http://63.141.230.178:82/gslb/zbdq5.m3u8?id=fyzq
风云足球,http://207.56.13.146:81/cdnlive/fyzq.m3u8
世界地理,http://38.75.136.137:98/gslb/dsdqpub/sjdl.m3u8?auth=testpub
世界地理,http://63.141.230.178:82/gslb/zbdq5.m3u8?id=sjdl
世界地理,https://shcm-stream-cf1.stream.264788.xyz/cms001/ch00000090990000001620/index.m3u8?streamid=8a034b40397504e25b3775c772237996&streamkey=01vY5fRxC8VyKg4oq30vfikHXTCAKySLP29l6OG91kQlzDttHgzNLkUw5kivm3PfNsVHJv5FgdsPBYFYI2IWpt7tfRCuFHqLT2pvX67ubMds8jl2DHtvOh0&token=1775754349-4f33f4f84a4abeba-0-91687dc8c9325092efa1d00f330d2710
兵器科技,https://live.264788.xyz/channel/bingqikeji?streamid=6fc55a0966bdad1e1cdf39a4d37dd776&livekey=01WgOR41rriMmMkzNsd0UoaxJRwetZdxIvtVk
兵器科技,http://38.75.136.137:98/gslb/dsdqpub/gfjs.m3u8?auth=testpub
兵器科技,http://173.208.212.130:8181/720p/gfjs.m3u8
兵器科技,http://63.141.230.178:82/gslb/zbdq5.m3u8?id=gfjs
兵器科技,https://live.264788.xyz/channel/bingqikeji?streamid=530cb4e58bbc48b7fc26f5e0a2e47966&livekey=01WgOR41rriMmMkzNsd0UoaxJRwetZdxIvtVk
浙江教育,http://ali-m-l.cztv.com/channels/lantian/channel04/720p.m3u8
浙江新闻,https://ali-m-l.cztv.com/channels/lantian/channel007/1080p.m3u8?
浙江新闻,https://ali-m-l.cztv.com/channels/lantian/channel07/1080p.m3u8
浙江少儿,http://ali-m-l.cztv.com/channels/lantian/channel008/1080p.m3u8
浙江教科,https://ali-m-l.cztv.com/channels/lantian/channel004/1080p.m3u8
浙江经济,https://ali-m-l.cztv.com/channels/lantian/channel003/1080p.m3u8
浙江经济,http://ali-m-l.cztv.com/channels/lantian/channel03/720p.m3u8
之江纪录,https://ali-m-l.cztv.com/channels/lantian/channel12/720p.m3u8
浙江国际,https://ali-m-l.cztv.com/channels/lantian/channel010/1080p.m3u8
浙江国际,http://ali-m-l.cztv.com/channels/lantian/channel010/1080p.m3u8?zzhed
湖州新闻综合,http://hzcm-live.media.hugd.com/3f5fa7d64c7c46a38c6bd8ad35e836cc/65128273761b4731ae53729ea6dcf932.m3u8?auth_key=2277598215-9d21c15111244bea8d298c361d31a72e-0-d031198f58d44b0e91ba2e3f3b188865
湖州文化娱乐,http://hzcm-live.media.hugd.com/613c47f0ab0d4eaa98b21378d0db6ded/0051d31c9dd543a7825eea4e49675b2a.m3u8?auth_key=2277598059-0a5ebfa1c0dc4671b42a60810fc37039-0-fa625b7d1feab612062453c12e3c8887
浙江经视,http://ali-m-l.cztv.com/channels/lantian/channel003/720p.m3u8
浙江数码时代,https://ali-m-l.cztv.com/channels/lantian/channel012/1080p.m3u8\r\n
浙江数码时代,http://ali-m-l.cztv.com/channels/lantian/channel12/720p.m3u8
浙江教科影视,http://ali-xwl.cztv.com/live/channel04720Plxw.m3u8
浙江休闲台,http://ali-m-l.cztv.com/channels/lantian/channel006/720p.m3u8
青田电视台,http://l.cztvcloud.com/channels/lantian/SXqingtian1/720p.m3u8
象山综合,http://play-sh13.quklive.com/live/1702360350551252.m3u8?auth_key=2037107484-800189c57a5a44d3b823b60cf84f6756-0-a6f6828a62d5c167cff5e68735fa0d39
象山新闻综合,http://l.cztvcloud.com/channels/lantian/SXxiangshan1/720p.m3u8
缙云新闻综合,http://l.cztvcloud.com/channels/lantian/SXjinyun1/720p.m3u8
绍兴电视台公共,http://live.shaoxing.com.cn/video/s10001-sxtv2/index.m3u8?%E5%85%B3%E6%B3%A8%E5%BE%AE%E4%BF%A1%E5%85%AC%E4%BC%97%E5%8F%B7[%E6%99%B4%E5%9B%AD]
湖州公共民生,http://hzcm-live.media.hugd.com/1e6b554b9ab74513958c0e1ffe664d22/9acaa7634309494cb29a85eb12136607.m3u8?auth_key=2272900830-9a2389b8bf4e49d580d4ad807423d326-0-ea78a5c7a678c436263582d368f5009e
海宁新闻综合,https://p2hs.vzan.com/slowlive/317913155078575177/live.m3u8
普陀电视台,https://l.cztvcloud.com/channels/lantian/SXputuo1/720p.m3u8
普陀新闻综合,http://l.cztvcloud.com/channels/lantian/SXputuo1/720p.m3u8
文成新闻综合,http://l.cztvcloud.com/channels/lantian/SXwencheng1/720p.m3u8
数码时代,http://ali-m-l.cztv.com/channels/lantian/channel12/720p.m3u8?zzhed
东阳影视生活,http://l.cztvcloud.com/channels/lantian/SXdongyang1/720p.m3u8
上海第一财经,https://satellitepull.cnr.cn/live/wx32dycjgb/playlist.m3u8
新闻综合,https://m3u8channel.yunxya.com/nmip-media/channellive/channel100028/playlist.m3u8
第一财经,http://satellitepull.cnr.cn/live/wx32dycjgb/playlist.m3u8
都市剧场,https://satellitepull.cnr.cn/live/wxcqxwgb/playlist.m3u8
万源新闻综合,http://live.wanyuannews.com/wytv/hd/live.m3u8?zsicd
重庆新闻,http://38.75.136.137:98/gslb/dsdqpub/cqxw.m3u8?auth=testpub
六合新闻综合,http://p2hs.vzan.com/720020/432453820030502236/live.m3u8
武进生活,http://43.251.226.89:8080/play/522.m3u8
泗阳资讯,http://43.251.226.89:8080/play/530.m3u8
滨海新闻综合,http://traffic.jbh.tjbh.com/live/bhtv10/playlist.m3u8
苏州文化生活,https://live-auth.51kandianshi.com/szgd/csztv3.m3u8
苏州新闻综合,https://live-auth.51kandianshi.com/szgd/csztv1.m3u8
苏州生活资讯,https://live-auth.51kandianshi.com/szgd/csztv5.m3u8
苏州社会经济,https://live-auth.51kandianshi.com/szgd/csztv2.m3u8
镇江二套社会民生,http://zjtv-wshls.homecdn.com/live/2aa16.m3u8
朝阳新闻综合,http://120.76.248.139/live/bfgd/4200000282.m3u8
武汉文体,http://www.hiliu.myds.me:18088/rtp/239.69.1.147:10518
广西新闻,http://192.151.150.154/live/gxxw.m3u8
广西新闻,http://107.150.60.122/live/gxxw.m3u8
广西新闻,http://198.204.228.26/live/gxxw.m3u8
广西新闻,http://38.75.136.137:98/gslb/dsdqpub/gxxw.m3u8?auth=testpub
广西新闻,http://63.141.230.178:82/gslb/zbdq5.m3u8?id=gxxw
广西国际,http://198.204.228.26/live/gxgj.m3u8
广西国际,http://63.141.230.178:82/gslb/zbdq5.m3u8?id=gxgj
广西国际,http://192.151.150.154/live/gxgj.m3u8
广西国际,http://38.75.136.137:98/gslb/dsdqpub/gxgj.m3u8?auth=testpub
广西国际,http://107.150.60.122/live/gxgj.m3u8
南宁影视娱乐,http://hls.nntv.cn/nnlive/YSYL_244.m3u8
武清综合,https://tvpull.smartwq.cn/wqlive/convergencemedia/playlist.m3u8?ztianjd
乐至综合,http://175.155.106.72:89/live1/live1.m3u8
乐至综合,http://175.155.106.72:89/live1/live1.m3u8?zsicd;http://rmlive.lzxrmtzx.com/live1/live1.m3u8?zsicd
乐至综合,http://175.155.106.72:89/live1/live1.m3u8?zsicd
井研综合,http://tvfile.jyrmt.cn/nmip-media/channellive/channel104452/playlist.m3u8
剑阁综合,https://m3u8.channel.dzsm.com/nmip-media/channellive/channel105549/playlist.m3u8
名山综合,https://m3u8channel-bx.yunxya.com/nmip-media/channellive/channel104666/playlist.m3u8
广元公共,https://m3u8.channel.dzsm.com/nmip-media/channellive/channel101257/playlist.m3u8
荥经综合,https://m3u8channel-yj.yunxya.com/nmip-media/channellive/channel101140/playlist.m3u8
长宁综合,rtmp://cnpull.sccnfb.com/live/123456
雅安新闻综合,https://play.yunxya.com/channellive/xinwen.m3u8
青川综合,http://qcfile.qcrmt.com/nmip-media/channellive/channel100933/playlist.m3u8
福建经济,http://satellitepull.cnr.cn/live/wx32fjdnjjgb/playlist.m3u8
福建公共,https://live.264788.xyz/channel/fujianxiangcungonggong?streamid=1cf7fc3a8f6d160c33b43c2f9507a0cc&livekey=01WgOR41rriMmMkzNsd0UoaxJRwetZdxIvtVk
福建旅游,https://live.264788.xyz/channel/fujianlvyou?streamid=221239fcf3c7edb274f2f0760fe47f96&livekey=01WgOR41rriMmMkzNsd0UoaxJRwetZdxIvtVk
梨园,https://dxtx.hntv.tv/live/lypd.m3u8?txSecret=10c771842a0be59e8b575d765173ec96&txTime=7B923E0A&wsSecret=41543190cdf375f1c73207222bb96542&wsTime=1769313549
河南都市,http://1.94.31.214/php/hntv.php?id=hnds
河南都市,http://www.lwfz.fun:8800/rtp/239.16.20.164:11640
甘肃经济,https://satellitepull.cnr.cn/live/wxgshhzs/playlist.m3u8
甘肃都市,https://satellitepull.cnr.cn/live/wxgsdstb/playlist.m3u8
嘉峪关综合,http://play.kankanlive.com/live/1720583434627241.m3u8
天祝综合,https://play.kankanlive.com/live/1656487214793905.m3u8
张掖新闻综合,https://play.kankanlive.com/live/1720583434627241.m3u8
永昌综合,https://play.kankanlive.com/live/1652755738635915.m3u8
渭源新闻,http://play.kankanlive.com/live/1720408280309109.m3u8
白银综合,http://play.kankanlive.com/live/1720408089419110.m3u8
秦安综合,https://play.kankanlive.com/live/1659926941626981.m3u8
西峰综合,https://play.kankanlive.com/live/1683944827526991.m3u8
哈密二套,https://tvpull.hmgbtv.com/hmtv/channel108259412c6a6711/playlist.m3u8
哈密三套,https://tvpull.hmgbtv.com/hmtv/channelfb0e5c505477aa44/playlist.m3u8
伊犁维吾尔,http://110.153.180.106:55555/out_2/index.m3u8
伊犁哈萨克,http://110.153.180.106:55555/out_3/index.m3u8?zxinjd
伊犁经济法制,http://110.153.180.106:55555/out_4/index.m3u8?zxinjd
伊犁经济法制,http://110.153.180.106:55555/out_4/index.m3u8
巴音郭楞州,rtmp://tv.loulannews.cn/channellive/ch1
山东教育,https://test1.live.sdetv.com.cn/live/dianshizhibo/playlist.m3u8
太谷新闻综合,https://p2.vzan.com/slowlive/596867413819827251/live.m3u8?zbid=1725814272&tpid=1516989100&type=0
定襄综合,http://lbyzztfe.live.sxmty.com/live/hls/645ff4c60e0a49f0a203abbd73dd8be9/0720e665f10f48e98c9639f4f492fb4a-1.m3u8?zshanxd
武乡新闻综合,http://uzoiczhh.live.sxmty.com/live/hls/0d41f1480c4042d49927858f01fde707/53130407737b417b9a6259b57246bae3.m3u8?zshanxd
汾西综合,https://qmmqvzoz.live.sxmty.com/live/hls/f24f8a390c084386a564074c9260100c/be3fdf07606145739ab2c4b80fe0136a.m3u8?zshanxd
黎城综合,http://111.53.96.67:8081/live/1/index.m3u8?%E5%85%B3%E6%B3%A8%E5%BE%AE%E4%BF%A1%E5%85%AC%E4%BC%97%E5%8F%B7[%E6%99%B4%E5%9B%AD]
固镇新闻,http://www.guzhenm.com:7001/hls/hd-live.m3u8
广德生活,https://live.gdtv.ah.cn/live/newsTV.m3u8
延边卫视,https://srs.iyb983.cn/video/CYS/index.m3u8
延边卫视,https://srs.iyb983.cn:443/video/CYS/index.m3u8
吉林乡村,https://satellitepull.cnr.cn/live/wxjlxcgb/playlist.m3u8
内蒙农牧,http://play1-qk.nmtv.cn:80/live/1686561299036179.m3u8
内蒙古少儿,http://play1-qk.nmtv.cn/live/1686560464515368.m3u8
内蒙古文体娱乐,http://play1-qk.nmtv.cn/live/1686561195713372.m3u8
内蒙古蒙语文化,http://play1-qk.nmtv.cn/live/1686561065304370.m3u8
易门综合,https://zb-live.ynurl.com/yimen/3b75a2f9-7941-46b7-992d-a9796fbca5fe.m3u8
通海电视台,https://zb-live.ynurl.com/tonghai/3bfe3a9e-48e6-4c1e-8770-1df66447cc6c.m3u8
陇川综合,https://zb-live.ynurl.com/longchuan/58f88df3-605e-4c57-865c-8e8f85241ca1.m3u8
云南都市,https://hwapi.yntv.net/62hdvf/rjwt14.m3u8
云南娱乐,https://hwapi.yntv.net/62hdvf/q9vs1b.m3u8
七台河新闻综合,http://live.qthnews.org.cn:1935/live/live1/800k/tzwj_video.m3u8
双鸭山综合,http://live.qthnews.org.cn:1935/live/live2/800k/tzwj_video.m3u8
七台河民生社教,http://yp.qqqtv.top/1/api.php?id=%E4%B8%83%E5%8F%B0%E6%B2%B3%E6%B0%91%E7%94%9F%E7%A4%BE%E6%95%99&auth=666858
凤凰资讯,http://221.7.175.154:8445/tsfile/live/1021_1.m3u8?key=txiptv&playlive=1&authid=0
凤凰卫视,http://221.7.175.154:8445/tsfile/live/1020_1.m3u8
TVBS亚洲,http://38.64.72.148/hls/modn/list/4005/chunklist0.m3u8
东森超视,http://38.64.72.148:80/hls/modn/list/2013/chunklist1.m3u8
CHC家庭影院,http://63.141.230.178:82/gslb/zbdq5.m3u8?id=chcjt
CHC家庭影院,http://107.150.60.122/live/chcjt.m3u8
CHC家庭影院,http://192.151.150.154/live/chcjt.m3u8
CHC家庭影院,http://38.75.136.137:98/gslb/dsdqpub/chcjt.m3u8?auth=testpub
CHC家庭影院,http://198.204.228.26/live/chcjt.m3u8
CHC动作电影,http://38.75.136.137:98/gslb/dsdqpub/chcdz.m3u8?auth=testpub
CHC动作电影,http://107.150.60.122/live/chcdz.m3u8
CHC动作电影,http://198.204.228.26/live/chcdz.m3u8
IPTV经典电影,http://43.138.0.72:35455/yy/1382754187
天津体育,http://63.141.230.178:82/gslb/zbdq5.m3u8?id=tjtv5
睛彩广场舞,http://47.100.209.208:8100/TVOD/3000000020000011523.m3u8?token=8520
天元围棋,http://204.12.221.218:8181/3m1080p/gztywq.m3u8
音乐现场,https://satellitepull.cnr.cn/live/wx32nmgyygb/playlist.m3u8
天龙八部,http://jiaojirentv.top/2020/yy.php?id=1382881708
闯关东,http://43.251.226.89:8080/play/1731.m3u8
2026-07-14 09:59:25,http://iptv.huuc.edu.cn/hls/cctv1hd.m3u8
文化精品,https://hls-gateway.vpstv.net/streams/708832.m3u8
文化精品,http://iptv.666230.xyz/iptv/jsyd.php/G_CCTV-WENHUA-CQ
文化精品,http://www.qfly9236.cn:8888/rtp/239.253.92.25:6104
央视台球,https://hls-gateway.vpstv.net/streams/708855.m3u8
央视台球,https://epg.pw/stream/ca9c1cd4b97fb824cedd7fedfd0c7a950afdd7f00751cfbb7c2d89831d7746a5.m3u8
央视台球,https://epg.pw/stream/25677ac2e8c1f7c3dd6359c43eb5f0f54efb3f5c11f9dda18d01b3e0308ed017.m3u8
央视台球,http://www.qfly9236.cn:8888/rtp/239.253.93.231:6409
风云音乐,https://hls-gateway.vpstv.net/streams/708858.m3u8
风云音乐,http://iptv.666230.xyz/iptv/jsyd.php/G_FENGYUNYY-CQ
风云音乐,http://www.qfly9236.cn:8888/rtp/239.253.92.111:8060
第一剧场,https://epg.pw/stream/6d7bf281e3d739806a73f5373acaa6e01988ec9739f5ac1355ce54b47a928472.m3u8
第一剧场,https://hls-gateway.vpstv.net/streams/708862.m3u8
第一剧场,http://tl.061833.xyz/tl/null-6
第一剧场,https://100.061833.xyz/stream/mytv/null-6/stream.m3u8?uid=2190244325&u=hahayy&p=29624e2e4c4ccee26ed8f3e0ca1012ea57a8f2191be6149f632250f7036119cc
第一剧场,http://iptv.666230.xyz/iptv/jsyd.php/G_DIYIJC-CQ
风云剧场,https://hls-gateway.vpstv.net/streams/708861.m3u8
风云剧场,http://iptv.666230.xyz/iptv/jsyd.php/G_FENGYUNJC-CQ
风云剧场,http://www.qfly9236.cn:8888/rtp/239.253.92.22:6073
怀旧剧场,https://hls-gateway.vpstv.net/streams/708853.m3u8
怀旧剧场,http://iptv.666230.xyz/iptv/jsyd.php/G_HUAIJIUJC-CQ
怀旧剧场,http://www.qfly9236.cn:8888/rtp/239.253.92.98:6120
女性时尚,http://iptv.666230.xyz/iptv/jsyd.php/G_NVXINGSS-CQ
女性时尚,http://www.qfly9236.cn:8888/rtp/239.253.92.249:6103
高尔夫网球,https://hls-gateway.vpstv.net/streams/708857.m3u8
高尔夫网球,http://iptv.666230.xyz/iptv/jsyd.php/G_CCTV-GOLF-CQ
高尔夫网球,http://www.qfly9236.cn:8888/rtp/239.253.92.117:8062
风云足球,https://epg.pw/stream/ac8062ec9484078061d3bef507c15a423ac57ae4144e3fcc4b0a198dd420f911.m3u8
风云足球,http://[2409:8087:7001:20:2::3]/dbiptv.sn.chinamobile.com/PLTV/88888893/224/3221226984/index.m3u8
风云足球,https://live.goodiptv.club/api/yqgd.php?id=fyzq
风云足球,https://hls-gateway.vpstv.net/streams/708859.m3u8
风云足球,http://www.qfly9236.cn:8888/rtp/239.253.92.110:8061
电视指南,http://iptv.666230.xyz/iptv/jsyd.php/G_DIANSHIZN-CQ
世界地理,http://www.qfly9236.cn:8888/rtp/239.253.92.113:8066
兵器科技,https://hls-gateway.vpstv.net/streams/708856.m3u8
兵器科技,http://iptv.666230.xyz/iptv/jsyd.php/G_BINGQIKJ-CQ
浙江钱江,https://stream1.freetv.fun/zhe-jiang-qian-jiang-du-shi-4.ctv
浙江钱江,https://stream1.freetv.fun/zhe-jiang-qian-jiang-du-shi-3.ctv
浙江钱江,https://stream1.freetv.fun/zhe-jiang-qian-jiang-du-shi-5.ctv
浙江钱江,http://l.cztvcloud.com/channels/lantian/SXyuyao2/720p.m3u8
浙江钱江都市,https://t.freetv.fun/live/zhe-jiang-qian-jiang-du-shi-1.m3u8
浙江钱江都市,https://t.freetv.fun/live/zhe-jiang-qian-jiang-du-shi-2.m3u8
浙江钱江都市,https://t.freetv.fun/live/zhe-jiang-qian-jiang-du-shi-3.m3u8
浙江钱江都市,http://ali-xwl.cztv.com/live/channel021080Plxw.m3u8
浙江钱江都市,http://ali-xwl.cztv.com/live/channel02720Plxw.m3u8
浙江生活,https://stream1.freetv.fun/zhe-jiang-jing-ji-sheng-huo-1.ctv
浙江生活,https://stream1.freetv.fun/zhe-jiang-jing-ji-sheng-huo-7.ctv
浙江生活,https://stream1.freetv.fun/zhe-jiang-jing-ji-sheng-huo-8.ctv
浙江生活,http://ls.qingting.fm/live/1099.m3u8
浙江经济生活,http://ls.qingting.fm/live/1099.m3u8
浙江经济生活,https://t.freetv.fun/live/zhe-jiang-jing-ji-sheng-huo-2.m3u8
浙江经济生活,https://t.freetv.fun/live/zhe-jiang-jing-ji-sheng-huo-3.m3u8
浙江经济生活,http://l.cztvcloud.com/channels/lantian/SXxiaoshan2/720p.m3u8
浙江经济生活,https://t.freetv.fun/live/zhe-jiang-jing-ji-sheng-huo-1.m3u8
浙江民生,https://t.freetv.fun/live/zhe-jiang-min-sheng-1.m3u8
浙江民生,https://t.freetv.fun/live/zhe-jiang-min-sheng-3.m3u8
浙江民生,https://t.freetv.fun/live/zhe-jiang-min-sheng.m3u8
浙江民生,https://t.freetv.fun/live/zhe-jiang-min-sheng-4.m3u8
浙江新闻,https://stream1.freetv.fun/zhe-jiang-xin-wen-5.m3u8
浙江新闻,https://stream1.freetv.fun/zhe-jiang-xin-wen-11.m3u8
浙江新闻,https://stream1.freetv.fun/zhe-jiang-xin-wen-1.m3u8
浙江新闻,https://stream1.freetv.fun/zhe-jiang-xin-wen-2.ctv
浙江新闻,https://stream1.freetv.fun/zhe-jiang-xin-wen-8.m3u8
浙江少儿,https://stream1.freetv.fun/zhe-jiang-shao-er-4.m3u8
浙江少儿,https://stream1.freetv.fun/zhe-jiang-shao-er-4.ctv
浙江少儿,https://stream1.freetv.fun/zhe-jiang-shao-er-6.ctv
浙江少儿,https://stream1.freetv.fun/zhe-jiang-shao-er-9.ctv
杭州综合,https://stream1.freetv.fun/hang-zhou-zong-he-3.ctv
杭州综合,https://stream1.freetv.fun/hang-zhou-zong-he-2.ctv
杭州明珠,https://stream1.freetv.fun/hang-zhou-ming-zhu-2.ctv
杭州明珠,https://stream1.freetv.fun/hang-zhou-ming-zhu-1.ctv
杭州生活,https://stream1.freetv.fun/hang-zhou-sheng-huo-1.ctv
杭州生活,https://stream1.freetv.fun/hang-zhou-sheng-huo-2.ctv
杭州生活,https://stream1.freetv.fun/hang-zhou-sheng-huo-3.ctv
杭州影视,https://stream1.freetv.fun/hang-zhou-ying-shi-2.ctv
浙江国际,https://stream1.freetv.fun/zhe-jiang-guo-ji-7.m3u8
浙江国际,https://stream1.freetv.fun/zhe-jiang-guo-ji-10.m3u8
浙江国际,https://stream1.freetv.fun/zhe-jiang-guo-ji-3.ctv
浙江国际,https://stream1.freetv.fun/zhe-jiang-guo-ji-4.m3u8
浙江国际,https://stream1.freetv.fun/zhe-jiang-guo-ji-5.ctv
嘉兴新闻综合,http://live.zohi.tv/video/s10001-fztv-1/index.m3u8
湖州公共,https://stream1.freetv.fun/hu-zhou-gong-gong-9.m3u8
湖州公共,https://stream1.freetv.fun/hu-zhou-gong-gong-3.m3u8
湖州公共,https://stream1.freetv.fun/hu-zhou-gong-gong-1.m3u8
湖州公共,https://t.freetv.fun/live/hu-zhou-gong-gong-1.m3u8
湖州公共,https://t.freetv.fun/live/hu-zhou-gong-gong-2.m3u8
浙江民生休闲,https://stream1.freetv.fun/zhe-jiang-min-sheng-10.m3u8
浙江民生休闲,https://stream1.freetv.fun/zhe-jiang-min-sheng-2.m3u8
浙江民生休闲,https://stream1.freetv.fun/zhe-jiang-min-sheng-5.m3u8
浙江民生休闲,https://stream1.freetv.fun/zhe-jiang-min-sheng-9.m3u8
浙江民生休闲,https://stream1.freetv.fun/zhe-jiang-min-sheng-8.m3u8
浙江教科影视,http://ali-xwl.cztv.com/live/channel041080Plxw.m3u8
浙江公共新闻,https://stream1.freetv.fun/zhe-jiang-gong-gong-xin-wen-1.m3u8
浙江公共新闻,https://stream1.freetv.fun/zhe-jiang-gong-gong-xin-wen-1.ctv
浙江公共新闻,https://stream1.freetv.fun/zhe-jiang-gong-gong-xin-wen-2.ctv
浙江公共新闻,https://t.freetv.fun/live/zhe-jiang-gong-gong-xin-wen-1.m3u8
浙江遂昌,http://l.cztvcloud.com/channels/lantian/SXsuichang1/720p.m3u8
诸暨新闻综合,https://l.cztvcloud.com/channels/lantian/SXzhuji3/720p.m3u8
诸暨新闻综合,http://l.cztvcloud.com/channels/lantian/SXzhuji3/720p.m3u8?zzhed
龙游生活娱乐,http://l.cztvcloud.com/channels/lantian/SXlongyou2/720p.m3u8?zzhed
龙游新闻综合,http://l.cztvcloud.com/channels/lantian/SXlongyou1/720p.m3u8?zzhed
龙泉新闻综合,http://l.cztvcloud.com/channels/lantian/SXlongquan1/720p.m3u8
遂昌综合,http://l.cztvcloud.com/channels/lantian/SXsuichang1/720p.m3u8?zzhed
象山综合,http://l.cztvcloud.com/channels/lantian/SXxiangshan1/720p.m3u8?zzhed
象山综合,http://l.cztvcloud.com/channels/lantian/SXxiangshan1/720p.m3u8
衢江新闻综合,https://stream1.freetv.fun/qu-jiang-xin-wen-zong-he-1.m3u8
衢江新闻综合,https://stream1.freetv.fun/qu-jiang-xin-wen-zong-he-1.ctv
衢江新闻综合,https://stream1.freetv.fun/qu-jiang-xin-wen-zong-he-2.m3u8
衢江新闻综合,https://stream1.freetv.fun/qu-jiang-xin-wen-zong-he-3.m3u8
衢江新闻综合,https://t.freetv.fun/live/qu-jiang-xin-wen-zong-he.m3u8
萧山生活,http://l.cztvcloud.com/channels/lantian/SXxiaoshan2/720p.m3u8
萧山生活,https://l.cztvcloud.com/channels/lantian/SXxiaoshan2/720p.m3u8
萧山生活,http://l.cztvcloud.com/channels/lantian/SXxiaoshan2/720p.m3u8?zzhed
萧山生活,http://l.cztvcloud.com/channels/lantian/SXxiaoshan2/720p.m3u8?zzhed?
萧山新闻综合,https://stream1.freetv.fun/xiao-shan-xin-wen-zong-he-6.m3u8
萧山新闻综合,https://stream1.freetv.fun/xiao-shan-xin-wen-zong-he-2.m3u8
萧山新闻综合,https://stream1.freetv.fun/xiao-shan-xin-wen-zong-he-8.m3u8
萧山新闻综合,https://stream1.freetv.fun/xiao-shan-xin-wen-zong-he-9.m3u8
萧山新闻综合,https://stream1.freetv.fun/xiao-shan-xin-wen-zong-he-4.m3u8
苍南新闻综合,https://stream1.freetv.fun/cang-nan-xin-wen-zong-he-5.m3u8
苍南新闻综合,https://stream1.freetv.fun/cang-nan-xin-wen-zong-he-1.m3u8
苍南新闻综合,https://stream1.freetv.fun/cang-nan-xin-wen-zong-he-4.ctv
苍南新闻综合,https://stream1.freetv.fun/cang-nan-xin-wen-zong-he-3.m3u8
苍南新闻综合,https://t.freetv.fun/live/cang-nan-xin-wen-zong-he-1.m3u8
缙云综合,http://l.cztvcloud.com/channels/lantian/SXjinyun1/720p.m3u8?zzhed?
缙云综合,http://l.cztvcloud.com/channels/lantian/SXjinyun1/720p.m3u8?zzhed
绍兴新闻综合,https://stream1.freetv.fun/shao-xing-xin-wen-zong-he-4.m3u8
绍兴新闻综合,https://stream1.freetv.fun/shao-xing-xin-wen-zong-he-3.m3u8
绍兴新闻综合,https://stream1.freetv.fun/shao-xing-xin-wen-zong-he-2.m3u8
绍兴新闻综合,https://t.freetv.fun/live/shao-xing-xin-wen-zong-he-2.m3u8
绍兴新闻综合,https://t.freetv.fun/live/shao-xing-xin-wen-zong-he-3-1.m3u8
绍兴文化影院,https://stream1.freetv.fun/shao-xing-wen-hua-ying-yuan-1.m3u8
绍兴文化影院,https://stream1.freetv.fun/shao-xing-wen-hua-ying-yuan-4.m3u8
绍兴文化影院,https://stream1.freetv.fun/shao-xing-wen-hua-ying-yuan-3.m3u8
绍兴文化影院,https://stream1.freetv.fun/shao-xing-wen-hua-ying-yuan-2.m3u8
绍兴文化影院,https://t.freetv.fun/live/shao-xing-wen-hua-ying-yuan-2.m3u8
绍兴文化影视,https://stream1.freetv.fun/shao-xing-wen-hua-ying-shi-1.m3u8
绍兴文化影视,https://t.freetv.fun/live/shao-xing-wen-hua-ying-shi-1.m3u8
绍兴公共,https://stream1.freetv.fun/shao-xing-gong-gong-2.m3u8
绍兴公共,https://stream1.freetv.fun/shao-xing-gong-gong-3.m3u8
绍兴公共,https://stream1.freetv.fun/shao-xing-gong-gong-7.m3u8
绍兴公共,https://stream1.freetv.fun/shao-xing-gong-gong-8.m3u8
绍兴公共,https://stream1.freetv.fun/shao-xing-gong-gong-1.m3u8
洞头综合,http://l.cztvcloud.com/channels/lantian/SXdongtou1/720p.m3u8
洞头综合,http://l.cztvcloud.com/channels/lantian/SXdongtou1/720p.m3u8?zzhed?
永嘉新闻综合,https://stream1.freetv.fun/yong-jia-xin-wen-zong-he-4.m3u8
永嘉新闻综合,https://stream1.freetv.fun/yong-jia-xin-wen-zong-he-2.m3u8
永嘉新闻综合,https://stream1.freetv.fun/yong-jia-xin-wen-zong-he-3.ctv
永嘉新闻综合,https://t.freetv.fun/live/yong-jia-xin-wen-zong-he-1.m3u8
永嘉新闻综合,https://t.freetv.fun/live/yong-jia-xin-wen-zong-he.m3u8
武义新闻综合,https://stream1.freetv.fun/wu-yi-xin-wen-zong-he-3.m3u8
武义新闻综合,http://l.cztvcloud.com/channels/lantian/SXwuyi1/720p.m3u8
武义新闻综合,http://l.cztvcloud.com/channels/lantian/SXwuyi1/720p.m3u8?zzhed
松阳综合,http://l.cztvcloud.com/channels/lantian/SXsongyang1/720p.m3u8?zzhed?
松阳综合,http://l.cztvcloud.com/channels/lantian/SXsongyang1/720p.m3u8
新昌生活,http://l.cztvcloud.com/channels/lantian/SXxinchang2/720p.m3u8
新昌新闻综合,https://stream1.freetv.fun/xin-chang-xin-wen-zong-he-4.m3u8
新昌新闻综合,https://stream1.freetv.fun/xin-chang-xin-wen-zong-he-5.ctv
新昌新闻综合,https://t.freetv.fun/live/xin-chang-xin-wen-zong-he.m3u8
新昌新闻综合,https://l.cztvcloud.com/channels/lantian/SXxinchang1/720p.m3u8
文成综合,http://l.cztvcloud.com/channels/lantian/SXwencheng1/720p.m3u8?zzhed
文成综合,http://l.cztvcloud.com/channels/lantian/SXwencheng1/720p.m3u8?zzhed?
开化新闻综合,https://stream1.freetv.fun/kai-hua-xin-wen-zong-he-1.m3u8
开化新闻综合,https://stream1.freetv.fun/kai-hua-xin-wen-zong-he-2.ctv
开化新闻综合,http://l.cztvcloud.com/channels/lantian/SXkaihua1/720p.m3u8?zzhed
开化国家公园,http://l.cztvcloud.com/channels/lantian/SXkaihua2/720p.m3u8zzhed
开化国家公园,http://l.cztvcloud.com/channels/lantian/SXkaihua2/720p.m3u8?zzhed
开化国家公园,http://l.cztvcloud.com/channels/lantian/SXkaihua2/720p.m3u8
开化国家公园,http://l.cztvcloud.com/channels/lantian/SXkaihua2/720p.m3u8?zzhed#http://l.cztvcloud.com/channels/lantian/SXkaihua2/720p.m3u8zzhed#http://l.cztvcloud.com/channels/lantian/SXkaihua2/720p.m3u8
庆元综合,http://l.cztvcloud.com/channels/lantian/SXqingyuan1/720p.m3u8?zzhed?
庆元综合,http://l.cztvcloud.com/channels/lantian/SXqingyuan1/720p.m3u8
庆元新闻综合,http://l.cztvcloud.com/channels/lantian/SXqingyuan1/720p.m3u8?fbl=
平湖民生休闲,http://l.cztvcloud.com/channels/lantian/SXpinghu2/720p.m3u8
平湖民生休闲,http://l.cztvcloud.com/channels/lantian/SXpinghu2/720p.m3u8?zzhed
平湖新闻综合,https://stream1.freetv.fun/ping-hu-xin-wen-zong-he-2.m3u8
平湖新闻综合,https://stream1.freetv.fun/ping-hu-xin-wen-zong-he-1.m3u8
平湖新闻综合,https://stream1.freetv.fun/ping-hu-xin-wen-zong-he-3.m3u8
平湖新闻综合,https://stream1.freetv.fun/ping-hu-xin-wen-zong-he-5.m3u8
平湖新闻综合,https://t.freetv.fun/live/ping-hu-xin-wen-zong-he-1.m3u8
嵊泗综合,https://stream1.freetv.fun/sheng-zhou-xin-wen-zong-he-2.ctv
嵊泗综合,https://stream1.freetv.fun/sheng-zhou-xin-wen-zong-he-1.m3u8
嵊泗综合,http://l.cztvcloud.com/channels/lantian/SXshengsi1/720p.m3u8
嵊泗综合,http://l.cztvcloud.com/channels/lantian/SXshengzhou1/720p.m3u8?zzhed
嵊州新闻综合,https://stream1.freetv.fun/sheng-zhou-xin-wen-zong-he-1.m3u8
嵊州新闻综合,http://l.cztvcloud.com/channels/lantian/SXshengzhou1/720p.m3u8?zzhed
嵊州新闻综合,http://l.cztvcloud.com/channels/lantian/SXshengzhou1/720p.m3u8?zzhed#http://l.cztvcloud.com/channels/lantian/SXshengzhou1/720p.m3u8
兰溪新闻综合,https://stream1.freetv.fun/lan-xi-xin-wen-zong-he-1.m3u8
兰溪新闻综合,https://stream1.freetv.fun/lan-xi-xin-wen-zong-he-3.m3u8
兰溪新闻综合,https://t.freetv.fun/live/lan-xi-xin-wen-zong-he-1.m3u8
兰溪新闻综合,https://t.freetv.fun/live/lan-xi-xin-wen-zong-he.m3u8
兰溪新闻综合,http://l.cztvcloud.com/channels/lantian/SXlanxi1/720p.m3u8
余杭综合,http://l.cztvcloud.com/channels/lantian/SXyuhang1/720p.m3u8?zzhed
余杭综合,http://l.cztvcloud.com/channels/lantian/SXyuhang1/720p.m3u8
余杭未来E,http://l.cztvcloud.com/channels/lantian/SXyuhang3/720p.m3u8?zzhed
余杭未来E,http://l.cztvcloud.com/channels/lantian/SXyuhang3/720p.m3u8
余姚综合,https://l.cztvcloud.com/channels/lantian/SXyuyao1/720p.m3u8
余姚综合,http://l.cztvcloud.com/channels/lantian/SXyuyao1/720p.m3u8?zzhed
余姚综合,http://l.cztvcloud.com/channels/lantian/SXyuyao1/720p.m3u8?
余姚新闻综合,http://l.cztvcloud.com/channels/lantian/SXyuyao1/720p.m3u8
余姚新闻综合,http://l.cztvcloud.com/channels/lantian/SXyuyao1/720p.m3u8?cWlkPSZzPTg3OWMwYmMyZDMzYTFhZGY3NDQxMjgyYTg1MmUzNTY0JmVzPTE3MDY2Nzc4NzMmdXVpZD0yMjdiY2MzNGNiNGY0MThlYjRiY2IxYzcwNmZjODNkMS02NzQ3NDY2NyZ2PTImYXM9MCZjZG5leF9pZD10eF9waG9uZV9saXZl
余姚姚江文化,https://l.cztvcloud.com/channels/lantian/SXyuyao3/720p.m3u8
余姚姚江文化,http://l.cztvcloud.com/channels/lantian/SXyuyao3/720p.m3u8?zzhed
云和新闻综合,http://l.cztvcloud.com/channels/lantian/SXyunhe1/720p.m3u8?zzhed
云和新闻综合,http://l.cztvcloud.com/channels/lantian/SXyunhe1/720p.m3u8
上虞新闻综合,http://l.cztvcloud.com/channels/lantian/SXshangyu1/720p.m3u8?zzhed
上虞新商都,https://stream1.freetv.fun/shang-yu-xin-shang-du-4.m3u8
上虞新商都,https://stream1.freetv.fun/shang-yu-xin-shang-du-2.m3u8
上虞新商都,https://stream1.freetv.fun/shang-yu-xin-shang-du-3.m3u8
上虞新商都,https://stream1.freetv.fun/shang-yu-xin-shang-du-5.m3u8
上虞新商都,https://stream1.freetv.fun/shang-yu-xin-shang-du-1.m3u8
上虞文化影院,https://stream1.freetv.fun/shang-yu-wen-hua-ying-yuan-2.ctv
上虞文化影院,https://stream1.freetv.fun/shang-yu-wen-hua-ying-yuan-1.m3u8
上虞文化影院,https://stream1.freetv.fun/shang-yu-wen-hua-ying-yuan-3.ctv
上虞文化影院,https://stream1.freetv.fun/shang-yu-wen-hua-ying-yuan-4.ctv
上虞文化影院,https://t.freetv.fun/live/shang-yu-wen-hua-ying-yuan.m3u8
北京卡酷少儿,https://zby.130519.xyz/PLTV/11/224/3221226019/index.m3u8
北京卡酷少儿,http://[2409:8087:1a15:10d1::33]/ottrrs.hl.chinamobile.com/PLTV/88888888/224/3221225654/index.m3u8
北京卡酷少儿,http://[2409:8087:5e08:25::16]:6610/200000001898/460000089800010081/1.m3u8
北京卡酷少儿,https://migu.188766.xyz/?migutoken=1023983db6b5249e61d4950c1654cd84&id=%E5%8C%97%E4%BA%AC%E5%8D%A1%E9%85%B7%E5%B0%91%E5%84%BF&type=yy
北京卡酷少儿,https://migu.188766.xyz/?migutoken=2c51384549aec8a85219fdc0c475e40b&id=%E5%8C%97%E4%BA%AC%E5%8D%A1%E9%85%B7%E5%B0%91%E5%84%BF&type=yy
北京新闻,http://iptv.huuc.edu.cn/hls/btv9hd.m3u8
北京新闻,https://migu.188766.xyz/?migutoken=aa827c67c33e323973b297f53ce3ec84&id=%E5%8C%97%E4%BA%AC%E6%96%B0%E9%97%BB&type=yy
北京新闻,https://ls.qingting.fm/live/339/64k.m3u8
北京新闻,https://migu.188766.xyz/?migutoken=df6fa5447cc74883076849d396941029&id=%E5%8C%97%E4%BA%AC%E6%96%B0%E9%97%BB&type=yy
北京新闻,https://migu.188766.xyz/?migutoken=35fb58abdb81b2d238e06a763ae7680d&id=%E5%8C%97%E4%BA%AC%E6%96%B0%E9%97%BB&type=yy
北京生活,https://migu.188766.xyz/?migutoken=42c3cdb90190cfbb68aa926990ba2e82&id=%E5%8C%97%E4%BA%ACi%E7%94%9F%E6%B4%BB&type=yy
北京生活,https://migu.188766.xyz/?migutoken=ebac33487fb14297e10f0a7f96677c9d&id=%E5%8C%97%E4%BA%ACi%E7%94%9F%E6%B4%BB&type=yy
北京生活,https://migu.188766.xyz/?migutoken=136fbb78e4d83281d95615b20e411bed&id=%E5%8C%97%E4%BA%ACi%E7%94%9F%E6%B4%BB&type=yy
北京生活,https://migu.188766.xyz/?migutoken=b5a17d96fc35fc63b25cc763a1785672&id=%E5%8C%97%E4%BA%ACi%E7%94%9F%E6%B4%BB&type=yy
北京生活,https://migu.188766.xyz/?migutoken=e5ba633a55b22307c0e4272af6ea6632&id=%E5%8C%97%E4%BA%ACi%E7%94%9F%E6%B4%BB&type=yy
北京财经,https://migu.188766.xyz/?migutoken=c08ea955ec38f0a4d9526118b6474ec8&id=%E5%8C%97%E4%BA%AC%E8%B4%A2%E7%BB%8F&type=yy
北京财经,https://migu.188766.xyz/?migutoken=cc53eb44d2b32d63d359c351275b9ae6&id=%E5%8C%97%E4%BA%AC%E8%B4%A2%E7%BB%8F&type=yy
北京财经,https://migu.188766.xyz/?migutoken=c8b534aec73742e548cb389e18d991a8&id=%E5%8C%97%E4%BA%AC%E8%B4%A2%E7%BB%8F&type=yy
北京财经,https://migu.188766.xyz/?migutoken=3b13c5c5e624f786cc66b1a394b73802&id=%E5%8C%97%E4%BA%AC%E8%B4%A2%E7%BB%8F&type=yy
北京财经,https://migu.188766.xyz/?migutoken=be646e9ac808c7495130d26b316a39fd&id=%E5%8C%97%E4%BA%AC%E8%B4%A2%E7%BB%8F&type=yy
上海新闻综合,https://migu.188766.xyz/?migutoken=779bd2c7e2b23a37be54ec1b50771d47&id=%E4%B8%8A%E6%B5%B7%E6%96%B0%E9%97%BB%E7%BB%BC%E5%90%88&type=yy
上海新闻综合,https://stream1.freetv.fun/shang-hai-xin-wen-zong-he-3.m3u8
上海新闻综合,https://mgtv.ottiptv.cc/migu/651632657.m3u8?migutoken=348c9164063c2b1df215dd2fa7cd92cb119d8a335ae0edfb5d615a6c714e71b669eee2f5ff1730afa92af7ca41d0aa96e3a280d7e5f2069eb8a3b852f3ebc270147489d7c8bfb08a7c4b9c4d80
上海新闻综合,http://gslbmgsplive.miguvideo.com/wd_r4/dfl/xinwenzonghehd/1200/index.m3u8?msisdn=20250919080134d0a4f61e680b4d1b8d2460b858ff1fec&mdspid=&spid=699212&netType=0&sid=5500002275&pid=2028597139&timestamp=20250919080134&Channel_ID=0116_2600000900-99000-201600010010027&ProgramID=651632657&ParentNodeID=-99&assertID=5500002275&client_ip=106.13.250.88&SecurityKey=20250919080134&promotionId=&mvid=5100001716&mcid=500020&playurlVersion=WX-A1-8.9.1-RELEASE&userid=&jmhm=&videocodec=h264&bean=mgspad&tid=android&conFee=0&puData=c6e37e6787e81aeb250c874ff8533137&ddCalcu=7c36e1e13313705e86f7f8477e88c10a5e2b
上海新闻综合,http://gslbmgsplive.miguvideo.com/wd_r4/dfl/xinwenzonghehd/1200/index.m3u8?msisdn=20251023080141ea171d5993054ddd94612bf653be3cfa&mdspid=&spid=699212&netType=0&sid=5500002275&pid=2028597139&timestamp=20251023080141&Channel_ID=0116_2600000900-99000-201600010010027&ProgramID=651632657&ParentNodeID=-99&assertID=5500002275&client_ip=106.13.250.83&SecurityKey=20251023080141&promotionId=&mvid=5100001716&mcid=500020&playurlVersion=WX-A1-8.9.2-RELEASE&userid=&jmhm=&videocodec=h264&bean=mgspad&tid=android&conFee=0&puData=4757c0d2f0cd0feb69bcfc7ea14ddd49&ddCalcu=9447ed52d71dc0401da2ef70ccfdc0bf9e6b
上海第一财经,https://migu.188766.xyz/?migutoken=20bb1a06124bd6ea328162fe9605882d&id=dycj&type=sz
上海第一财经,https://mgtv.ottiptv.cc/migu/608780988.m3u8?migutoken=0c7df30d952e5d120406d3eb259cd5e26ec6aa86037008719de147cc6fbc34e877c3e3d7b9617267f35521bdddc4c5995e6fc0583816a5df1bfe19814868525e736733676761a4b2d4db618e84
上海第一财经,http://gslbmgsplive.miguvideo.com/wd_r1/2018/bestv/dycj/1000/index.m3u8?msisdn=2025091908013429b62173a5e24f8ea1f310d5ed32e792&mdspid=&spid=699212&netType=0&sid=2201008312&pid=2028597139&timestamp=20250919080134&Channel_ID=0116_2600000900-99000-201600010010027&ProgramID=608780988&ParentNodeID=-99&assertID=2201008312&client_ip=106.13.250.88&SecurityKey=20250919080134&promotionId=&mvid=2201008312&mcid=500020&playurlVersion=WX-A1-8.9.1-RELEASE&userid=&jmhm=&videocodec=h264&bean=mgspad&tid=android&conFee=0&puData=6c828d22c926cc843970f3f1c7455bea&ddCalcu=a6eceb815285804d72c21cf932f60c7c9834
上海第一财经,https://migu.188766.xyz/?migutoken=48076f7837fe4f59da0dbd882998f16d&id=dycj&type=sz
上海第一财经,https://migu.188766.xyz/?migutoken=f162d79cfa5cd6a82772cf04a780fbf6&id=dycj&type=sz
上海纪实,http://iptv.huuc.edu.cn/hls/docuchina.m3u8
上海纪实,https://stream1.freetv.fun/ipv6-shang-hai-ji-shi-ren-wen-2.m3u8
上海纪实,https://stream1.freetv.fun/ipv6-shang-hai-ji-shi-ren-wen-3.m3u8
上海纪实,https://stream1.freetv.fun/ipv6-shang-hai-ji-shi-ren-wen-5.m3u8
上海纪实,https://stream1.freetv.fun/shang-hai-ji-shi-ren-wen-1.m3u8
上海都市,https://zby.130519.xyz/PLTV/11/224/3221225749/index.m3u8
上海都市,https://migu.188766.xyz/?migutoken=6d8853cd2a35a94822edc25fb168517a&id=shds&type=sz
上海都市,https://stream1.freetv.fun/ipv6-shang-hai-du-shi-3.m3u8
上海都市,https://stream1.freetv.fun/ipv6-shang-hai-du-shi-8.m3u8
上海都市,https://stream1.freetv.fun/ipv6-shang-hai-du-shi-4.m3u8
东方影视,https://zby.130519.xyz/PLTV/11/224/3221225744/index.m3u8
东方影视,https://stream1.freetv.fun/dong-fang-ying-shi-12.m3u8
东方影视,https://stream1.freetv.fun/ipv6-dong-fang-ying-shi-8.m3u8
东方影视,https://www.freetv.top/migu/617290047.m3u8?migutoken=86c02ad0875d5cc49d77bcc8bdb628f2c9d508ffc323b964a03c8f92dde4afafa0345cf5a8fefbdf915c748e3d11c6c18e27ae1e21a609cec31a45e6c437db26a7a243625f9cf35c271171a22c
东方影视,https://stream1.freetv.fun/ipv6-dong-fang-ying-shi-9.m3u8
东方财经,https://zby.130519.xyz/PLTV/11/224/3221226134/index.m3u8
动漫秀场,https://zby.130519.xyz/PLTV/11/224/3221225764/index.m3u8
动漫秀场,http://php.jdshipin.com/itv6.php?cid=bestzb&id=5000000011000031113
动漫秀场,https://stream1.freetv.fun/dong-man-xiu-chang-11.m3u8
动漫秀场,https://stream1.freetv.fun/ipv6-dong-man-xiu-chang-11.m3u8
动漫秀场,https://stream1.freetv.fun/dong-man-xiu-chang-9.ctv
哈哈炫动,https://zby.130519.xyz/PLTV/11/224/3221226161/index.m3u8
哈哈炫动,http://php.jdshipin.com/TVOD/hnyd.php?id=200000001898/460000089800010117
海峡卫视,http://hlsbkmgsplive.miguvideo.com/migu/kailu/haixiaws/57/20230724/01.m3u8?msisdn=&Channel_ID=&ContentId=&HlsSubType=&HlsProfileId=&encrypt=
兵团卫视,http://[2409:8087:1a0b:df::4020]:80/ottrrs.hl.chinamobile.com/PLTV/88888888/224/3221226439/index.m3u8
延边卫视,http://[2409:8087:1a0b:df::4020]:80/ottrrs.hl.chinamobile.com/PLTV/88888888/224/3221226516/index.m3u8
安多卫视,http://[2409:8087:1a0b:df::4007]:80/ottrrs.hl.chinamobile.com/PLTV/88888888/224/3221225659/index.m3u8
康巴卫视,http://[2409:8087:1a0b:df::4005]:80/ottrrs.hl.chinamobile.com/PLTV/88888888/224/3221225660/index.m3u8
卡酷少儿,http://[2409:8087:1a0b:df::4020]:80/ottrrs.hl.chinamobile.com/PLTV/88888888/224/3221225654/index.m3u8
金鹰卡通,http://[2409:8087:1a0b:df::4008]:80/ottrrs.hl.chinamobile.com/PLTV/88888888/224/3221225653/index.m3u8
优漫卡通,http://[2409:8087:1a0b:df::4005]:80/ottrrs.hl.chinamobile.com/PLTV/88888888/224/3221225656/index.m3u8
哈哈炫动,http://[2409:8087:1a0b:df::4001]:80/ottrrs.hl.chinamobile.com/PLTV/88888888/224/3221225657/index.m3u8
黑莓动画,http://[2409:8087:1a0b:df::4006]:80/ottrrs.hl.chinamobile.com/PLTV/88888888/224/3221225662/index.m3u8
厦门卫视,http://[2409:8087:5e00:24::1e]:6060/000000001000/1000000005000266006/1.m3u8
厦门卫视,http://[2409:8087:74F1:0021::0008]/270000001128/9900000058/index.m3u8
浙江国际,https://ali-m-l.cztv.com/channels/lantian/channel010/1080p.m3u8
浙江少儿,https://ali-m-l.cztv.com/channels/lantian/channel008/1080p.m3u8
浙江少儿,https://ali-m-l.cztv.com/channels/lantian/channel008/1080p.m3u8
教科影视,https://ali-m-l.cztv.com/channels/lantian/channel004/1080p.m3u8
公共新闻,https://ali-m-l.cztv.com/channels/lantian/channel007/1080p.m3u8
浙江国际,https://ali-m-l.cztv.com/channels/lantian/channel010/1080p.m3u8
浙江少儿,http://ali-m-l.cztv.com/channels/lantian/channel008/1080p.m3u8
公共新闻,http://ali-m-l.cztv.com/channels/lantian/channel007/1080p.m3u8
之江记录,http://ali-m-l.cztv.com/channels/lantian/channel012/1080p.m3u8
民生休闲,http://ali-m-l.cztv.com/channels/lantian/channel006/1080p.m3u8
哈哈炫动,http://[2409:8087:8:21::18]:6610/otttv.bj.chinamobile.com/PLTV/88888888/224/3221226931/1.m3u8
哈哈炫动,https://stream1.freetv.fun/ha-ha-xuan-dong-29.m3u8
哈哈炫动,https://stream1.freetv.fun/ha-ha-xuan-dong-8.m3u8
崇明电视台,https://pili-live-hls.wdit.com.cn/wditlive/c038f4fafbdf4f97ba74c74ad67259b931ee.m3u8
新闻综合,https://zby.130519.xyz/PLTV/11/224/3221226136/index.m3u8
新闻综合,https://stream1.freetv.fun/xin-wen-zong-he-5.m3u8
新闻综合,https://stream1.freetv.fun/xin-wen-zong-he-11.ctv
新闻综合,https://www.freetv.top/migu/651632657.m3u8?migutoken=b4a3e55048f55ec1c8fc5b509fbdf32f2dc5d255f5f218e79e84ca9a87fb9f2239927cb11b448f18285b50b81b4cd50a1354e9be5a3283375e85372798c3f3eb3ad60adf45eb5615f68eb4825f
新闻综合,https://www.freetv.top/migu/651632657.m3u8?migutoken=5ae42e8fda034ab7bf5171dafa0043e70cd12bcd716940c4572fde52ea92b0785f16f1bdbce4c83f5e075b250fe95668f19f8527dda57c27db24f95d412614d99c86a3a2d9341d88b5224b7068
欢笑剧场,https://zby.130519.xyz/PLTV/11/224/3221225771/index.m3u8
欢笑剧场,http://z.b.bkpcp.top/m.php?id=hxjc
欢笑剧场,http://gat.bkpcp.top/ymg.php?id=hxjc
欢笑剧场,http://goo.bkpcp.top/mg/hxjc
欢笑剧场,http://iptv.cdn.ha.chinamobile.com/PLTV/88888888/224/3221226704/index.m3u8
法治天地,https://zby.130519.xyz/PLTV/11/224/3221225994/index.m3u8
法治天地,http://php.jdshipin.com/itv6.php?cid=bestzb&id=9001547084732463424
法治天地,http://z.b.bkpcp.top/m.php?id=fztd
法治天地,http://iptv.cdn.ha.chinamobile.com/PLTV/88888888/224/3221226655/index.m3u8
法治天地,http://[2409:8087:5e01:24::16]:6610/000000001000/2000000002000000014/index.m3u8?stbId=3&livemode=1&HlsProfileId=&channel-id=hnbblive&Contentid=2000000002000000014&IASHttpSessionId=OTT19019320240419154124000281
生活时尚,https://zby.130519.xyz/PLTV/11/224/3221225768/index.m3u8
生活时尚,https://stream1.freetv.fun/sheng-huo-shi-shang-13.m3u8
生活时尚,https://stream1.freetv.fun/sheng-huo-shi-shang-17.ctv
生活时尚,https://stream1.freetv.fun/sheng-huo-shi-shang-9.ctv
生活时尚,https://stream1.freetv.fun/sheng-huo-shi-shang-29.m3u8
第一财经,https://zby.130519.xyz/PLTV/11/224/3221225737/index.m3u8
第一财经,https://stream1.freetv.fun/di-yi-cai-jing-13.m3u8
第一财经,https://stream1.freetv.fun/ipv6-di-yi-cai-jing-8.m3u8
第一财经,http://ls.qingting.fm/live/276.m3u8
第一财经,https://stream1.freetv.fun/di-yi-cai-jing-6.ctv
纪实人文,http://ottrrs.hl.chinamobile.com/PLTV/88888888/224/3221225738/index.m3u8
纪实人文,https://stream1.freetv.fun/ipv6-ji-shi-ren-wen-12.m3u8
都市剧场,https://zby.130519.xyz/PLTV/11/224/3221225762/index.m3u8
都市剧场,http://iptv.cdn.ha.chinamobile.com/PLTV/88888888/224/3221226694/index.m3u8
都市剧场,https://hls-gateway.vpstv.net/streams/708845.m3u8
都市剧场,http://[2409:8087:5e00:24::1e]:6060/000000001000/5000000011000031111/1.m3u8
都市剧场,http://[2409:8087:5e08:25::4]:6610/000000001000/5000000011000031111/index.m3u8?channel-id=bestzb&Contentid=5000000011000031111&Ace
东海新闻,http://iptv.666230.xyz/iptv/jsyd.php/jsdonghaixinwen
优漫卡通,https://stream1.freetv.fun/you-man-qia-tong-11.m3u8
优漫卡通,https://www.freetv.top/migu/626064703.m3u8?migutoken=7f7c4b909389a0cd5172701768041a0f3887534c4534a68bf1dc85550389e9ab156655484be16e89604513fde9da2f036ebae28d31515b0be32eb12462f5de9d9cab8f00c44671241d5c6e1356
优漫卡通,https://www.freetv.top/migu/626064703.m3u8?migutoken=deac6c5275081b54ad412a195e499b7c0cb8f04446b6c80aaa9d3eb1063d620261c68202d59aea05060007b58a62d5d208f16379d861d6f1627c10c9dd894f0bf7e3ca97b04696255e193e871c
南京十八,https://mgtv.ottiptv.cc/migu/838151753.m3u8?migutoken=e1c3c9e2e67541d90ea94c4c917f96ecf43c6c0ae7c616929d8676e7c14bc5587ba870ce22575333640bfff61b05d4d468f6564c6251023f1ad20957cfe3b2c12e71b4662f83dce5d920a86c29
南京十八,http://gslbmgsplive.miguvideo.com/migu/kailu/nanjingsb/50/20230719/index.m3u8?msisdn=202509190801349730ff2fd0254ae4ad096d68d3fc7f35&mdspid=&spid=699067&netType=0&sid=5910021864&pid=2028597139&timestamp=20250919080134&Channel_ID=0116_2600000900-99000-201600010010027&ProgramID=838151753&ParentNodeID=-99&assertID=5910021864&client_ip=106.13.250.88&SecurityKey=20250919080134&promotionId=&mvid=5900006207&mcid=500020&playurlVersion=WX-A1-8.9.1-RELEASE&userid=&jmhm=&videocodec=h264&bean=mgspad&tid=android&conFee=0&puData=b0d57eedc76b6ea1b6b460ea0a8ac2d3&ddCalcu=3bd0e2d1c58a708eae0dace7066b46be6ab1
浙江国际,http://ali-m-l.cztv.com/channels/lantian/channel010/1080p.m3u8
教科影视,http://ali-m-l.cztv.com/channels/lantian/channel004/1080p.m3u8
浙江钱江,http://ali-m-l.cztv.com/channels/lantian/channel002/1080p.m3u8
经济生活,http://ali-m-l.cztv.com/channels/lantian/channel003/1080p.m3u8
浙江影视,https://ali-m-l.cztv.com/channels/lantian/channel005/1080p.m3u8
浙江少儿,https://ali-m-l.cztv.com/channels/lantian/channel008/1080p.m3u8
浙江国际,https://ali-m-l.cztv.com/channels/lantian/channel010/1080p.m3u8
浙江教育,https://ali-m-l.cztv.com/channels/lantian/channel004/1080p.m3u8
浙江新闻,https://ali-m-l.cztv.com/channels/lantian/channel007/1080p.m3u8
浙江民生,https://ali-m-l.cztv.com/channels/lantian/channel006/1080p.m3u8
浙江经济,https://ali-m-l.cztv.com/channels/lantian/channel003/1080p.m3u8
钱江频道,https://ali-m-l.cztv.com/channels/lantian/channel002/1080p.m3u8
数码时代,https://ali-m-l.cztv.com/channels/lantian/channel012/1080p.m3u8
民生休闲,https://ali-m-l.cztv.com/channels/lantian/channel006/1080p.m3u8
经济生活,https://ali-m-l.cztv.com/channels/lantian/channel003/1080p.m3u8
浙江钱江,http://60.178.149.113:4022/udp/233.50.201.132:5140
浙江经济,http://60.178.149.113:4022/udp/233.50.201.133:5140
浙江教育,http://60.178.149.113:4022/udp/233.50.201.134:5140
浙江新闻,http://60.178.149.113:4022/udp/233.50.201.137:5140
浙江民生,http://60.178.149.113:4022/udp/233.50.201.136:5140
浙江少儿,http://60.178.149.113:4022/udp/233.50.201.138:5140
之江纪录,http://60.178.149.113:4022/udp/233.50.202.25:5140
杭州综合,http://60.178.149.113:4022/udp/233.50.201.173:5140
杭州明珠,http://60.178.149.113:4022/udp/233.50.201.174:5140
杭州生活,http://60.178.149.113:4022/udp/233.50.201.175:5140
杭州影视,http://60.178.149.113:4022/udp/233.50.201.176:5140
杭州青少,http://60.178.149.113:4022/udp/233.50.201.177:5140
杭州导视,http://60.178.149.113:4022/udp/233.50.201.182:5140
宁波综合,http://60.178.149.113:4022/udp/233.50.201.168:5140
宁波生活,http://60.178.149.113:4022/udp/233.50.201.178:5140
宁波文体,http://60.178.149.113:4022/udp/233.50.201.179:5140
宁波影视,http://60.178.149.113:4022/udp/233.50.201.180:5140
宁波少儿,http://60.178.149.113:4022/udp/233.50.201.181:5140
温州新闻,http://60.178.149.113:4022/udp/233.50.201.87:5140
绍兴新闻,http://60.178.149.113:4022/udp/233.50.201.156:5140
衢州新闻,http://60.178.149.113:4022/udp/233.50.201.155:5140
衢州公共,http://60.178.149.113:4022/udp/233.50.202.12:5140
台州新闻,http://60.178.149.113:4022/udp/233.50.201.157:5140
南京十八,http://gslbmgsplive.miguvideo.com/migu/kailu/nanjingsb/50/20230719/index.m3u8?msisdn=2025102308014162d44288f10c4a84b8b27a5f80ee99fd&mdspid=&spid=699067&netType=0&sid=5910021864&pid=2028597139&timestamp=20251023080141&Channel_ID=0116_2600000900-99000-201600010010027&ProgramID=838151753&ParentNodeID=-99&assertID=5910021864&client_ip=106.13.250.83&SecurityKey=20251023080141&promotionId=&mvid=5900006207&mcid=500020&playurlVersion=WX-A1-8.9.2-RELEASE&userid=&jmhm=&videocodec=h264&bean=mgspad&tid=android&conFee=0&puData=5a6e4ed4765e04fdb8e8bd37c3607a6c&ddCalcu=c56aea627e80406e3dc47736d5be80e48fbd
南京少儿,http://nklive.nbs.cn/hls/e0981f3f-1a20-4a59-b8d1-17feb83a4610/index.m3u8
南京教科,https://mgtv.ottiptv.cc/migu/838153729.m3u8?migutoken=0427a8c0867765b66984ce8ef774d494eeb52a2d6a7eefe17c4b03fa30923700917323b8951caa30617f3eecc1db2844cdff2f7470556533fbc072ad7a7cb0c6284344cc57983294a2b26f4303
南京教科,http://gslbmgsplive.miguvideo.com/migu/kailu/nanjingkj/50/20230719/index.m3u8?msisdn=2025091908013422d2a0f4ed5e4511b896d3d3645248f2&mdspid=&spid=699067&netType=0&sid=5910021865&pid=2028597139&timestamp=20250919080134&Channel_ID=0116_2600000900-99000-201600010010027&ProgramID=838153729&ParentNodeID=-99&assertID=5910021865&client_ip=106.13.250.88&SecurityKey=20250919080134&promotionId=&mvid=5900006205&mcid=500020&playurlVersion=WX-A1-8.9.1-RELEASE&userid=&jmhm=&videocodec=h264&bean=mgspad&tid=android&conFee=0&puData=52692ec9c72414583509ce0cd575172e&ddCalcu=e522e7611985207e5cd9cc07e2c491045538
南京教科,http://gslbmgsplive.miguvideo.com/migu/kailu/nanjingkj/50/20230719/index.m3u8?msisdn=20251023080141d50925a1117343ecb53b23bb6266f888&mdspid=&spid=699067&netType=0&sid=5910021865&pid=2028597139&timestamp=20251023080141&Channel_ID=0116_2600000900-99000-201600010010027&ProgramID=838153729&ParentNodeID=-99&assertID=5910021865&client_ip=106.13.250.83&SecurityKey=20251023080141&promotionId=&mvid=5900006205&mcid=500020&playurlVersion=WX-A1-8.9.2-RELEASE&userid=&jmhm=&videocodec=h264&bean=mgspad&tid=android&conFee=0&puData=b2b216d53c7175e66065d308271343c9&ddCalcu=9bc2e3b2428310167d25830c37d157650e66
南京教科,http://nklive.nbs.cn/hls/75b3c462-b831-4de7-a34b-5d3221db2069/index.m3u8
南京新闻综合,https://mgtv.ottiptv.cc/migu/838109047.m3u8?migutoken=d3d943815e6d6e9e9493a9b4b1d5a1d360bb5f3c04230f6d4d71f7f7c9f30771d321f1c262008c92ffde17fef4a62d1e1c58d5a9454573fb1489994d9be29f4e1cc7786813b671581eda4b9439
南京新闻综合,http://gslbmgsplive.miguvideo.com/migu/kailu/nanjingxwzh/50/20230719/index.m3u8?msisdn=202509190801346040f34e796a43e3821e1db9273c556a&mdspid=&spid=699067&netType=0&sid=5910021863&pid=2028597139&timestamp=20250919080134&Channel_ID=0116_2600000900-99000-201600010010027&ProgramID=838109047&ParentNodeID=-99&assertID=5910021863&client_ip=106.13.250.88&SecurityKey=20250919080134&promotionId=&mvid=5900006203&mcid=500020&playurlVersion=WX-A1-8.9.1-RELEASE&userid=&jmhm=&videocodec=h264&bean=mgspad&tid=android&conFee=0&puData=de89fe41d47757280f2c68af5d15033a&ddCalcu=ad3ee3810985f01ed451fda48767c527f208
南京新闻综合,http://gslbmgsplive.miguvideo.com/migu/kailu/nanjingxwzh/50/20230719/index.m3u8?msisdn=20251023080141b90781bc871243ca9ccefdd19990364a&mdspid=&spid=699067&netType=0&sid=5910021863&pid=2028597139&timestamp=20251023080141&Channel_ID=0116_2600000900-99000-201600010010027&ProgramID=838109047&ParentNodeID=-99&assertID=5910021863&client_ip=106.13.250.83&SecurityKey=20251023080141&promotionId=&mvid=5900006203&mcid=500020&playurlVersion=WX-A1-8.9.2-RELEASE&userid=&jmhm=&videocodec=h264&bean=mgspad&tid=android&conFee=0&puData=147e2c56380633b791b7bb2fc8bdccc9&ddCalcu=91c4ec72ce8d20bc85c6f328b0b673b31b97
南京新闻综合,http://nklive.nbs.cn/hls/d511bc9d-a694-4453-b3a2-4fc842cc97a1/index.m3u8
南通新闻综合,https://mgtv.ottiptv.cc/migu/955227985.m3u8?migutoken=03e9c85f19b5ac291f5863436507873a8f47ec3c677c7857c89bda5778edc8e38fc38b4270aa374c49eee39b39ffaf80a20b750130c27760df766c0cf7b5d437be8dc60c1ced9117d98f6c9b3e
南通新闻综合,http://gslbmgsplive.miguvideo.com/migu/kailu/ntxwzh/51/20250604/index.m3u8?msisdn=202509190801352ef9ff3bad3f4a65b064683f87e439c3&mdspid=&spid=699067&netType=0&sid=5910022178&pid=2028597139&timestamp=20250919080135&Channel_ID=0116_2600000900-99000-201600010010027&ProgramID=955227985&ParentNodeID=-99&assertID=5910022178&client_ip=106.13.250.88&SecurityKey=20250919080135&promotionId=&mvid=5900006706&mcid=500020&playurlVersion=WX-A1-8.9.1-RELEASE&userid=&jmhm=&videocodec=h264&bean=mgspad&tid=android&conFee=0&puData=98aea868da861defcb53a7c9f1ba5a81&ddCalcu=1988eaa15e5aa0b816f89dca78a6315dbecf
南通新闻综合,http://gslbmgsplive.miguvideo.com/migu/kailu/ntxwzh/51/20250604/index.m3u8?msisdn=202510230801432bba200bfb354535b9886f031208cce3&mdspid=&spid=699067&netType=0&sid=5910022178&pid=2028597139&timestamp=20251023080143&Channel_ID=0116_2600000900-99000-201600010010027&ProgramID=955227985&ParentNodeID=-99&assertID=5910022178&client_ip=106.13.250.83&SecurityKey=20251023080143&promotionId=&mvid=5900006706&mcid=500020&playurlVersion=WX-A1-8.9.2-RELEASE&userid=&jmhm=&videocodec=h264&bean=mgspad&tid=android&conFee=0&puData=2e507c0ae7d1d63de0a405794c6b1217&ddCalcu=721ee252105b706cc04a9e775d014da603ed
南通新闻综合,http://gslbmgsplive.miguvideo.com/migu/kailu/ntxwzh/51/20250604/index.m3u8?msisdn=202510240800592b66efbec2f342349068cf9b89987f0e&mdspid=&spid=699067&netType=0&sid=5910022178&pid=2028597139&timestamp=20251024080059&Channel_ID=0116_2600000900-99000-201600010010027&ProgramID=955227985&ParentNodeID=-99&assertID=5910022178&client_ip=106.13.250.88&SecurityKey=20251024080059&promotionId=&mvid=5900006706&mcid=500020&playurlVersion=WX-A1-8.9.2-RELEASE&userid=&jmhm=&videocodec=h264&bean=mgspad&tid=android&conFee=0&puData=c30e235addfb289fd6b4a087caa89b23&ddCalcu=3c23eb029e5820a3a5ca7d8d0fab42b869df
南通新闻综合,http://gslbmgsplive.miguvideo.com/migu/kailu/ntxwzh/51/20250604/index.m3u8?msisdn=20251025080102df5bfd8079f1495a93b5db8970ebcd80&mdspid=&spid=699067&netType=0&sid=5910022178&pid=2028597139&timestamp=20251025080102&Channel_ID=0116_2600000900-99000-201600010010027&ProgramID=955227985&ParentNodeID=-99&assertID=5910022178&client_ip=106.13.250.90&SecurityKey=20251025080102&promotionId=&mvid=5900006706&mcid=500020&playurlVersion=WX-A1-8.9.2-RELEASE&userid=&jmhm=&videocodec=h264&bean=mgspad&tid=android&conFee=0&puData=bce85213974cffcdcc52779b9d090656&ddCalcu=6b5ce6e208595002d193b997747c2f5fcccd
宜兴新闻,https://stream1.freetv.fun/yi-xing-xin-wen-1.m3u8
宜兴新闻,https://stream1.freetv.fun/yi-xing-xin-wen-2.m3u8
宜兴新闻,https://t.freetv.fun/live/yi-xing-xin-wen-1.m3u8
宜兴新闻,http://gslbmgsplive.miguvideo.com/migu/kailu/yxxwzh/51/20250604/index.m3u8?msisdn=1d653a4080d206d7b4b399c6a7606355&mdspid=&spid=699067&netType=0&sid=5910022179&pid=2028597139&timestamp=20260516053937&Channel_ID=0116_2600034600-99000-201600010010028&ProgramID=955227996&ParentNodeID=-99&assertID=5910022179&client_ip=39.98.171.74&SecurityKey=20260516053937&promotionId=&mvid=5900006707&mcid=500020&playurlVersion=ZQ-A1-9.5.1-RELEASE&userid=&jmhm=&videocodec=h264&appCode=miguvideo_android&bean=mgspad&tid=android&conFee=0&puData=c9036845f793ec4b3d44b18c2d62822d&ddCalcu=dc29v20a83l26a68d425cf8719b34e4cd43b&sv=10004&ct=android
宜兴新闻,http://hlszymgsplive.miguvideo.com:8080/migu/kailu/yxxwzh/51/20250604/index.m3u8?msisdn=2be6b2ec9fcf10d2c2457e2c710e172c&mdspid=&spid=699067&netType=0&sid=5910022179&pid=2028597139&timestamp=20260710040233&Channel_ID=0116_2600034600-99000-201600010010028&ProgramID=955227996&ParentNodeID=-99&assertID=5910022179&client_ip=171.8.79.254&SecurityKey=20260710040233&promotionId=&mvid=5900006707&mcid=500020&playurlVersion=WX-A1-9.6.1.6-SNAPSHOT&userid=&jmhm=&videocodec=h264&appCode=miguvideo_android&bean=mgspad&tid=android&conFee=0&encrypt=9f3b0d684e4e01505a59d4ea6c5a04e3&sv=10004&ct=android
宿迁公共,http://iptv.666230.xyz/iptv/jsyd.php/G_SQGG
常州公共,http://iptv.666230.xyz/iptv/jsyd.php/jsczgonggong
常州生活,http://iptv.666230.xyz/iptv/jsyd.php/jsczshenghuo
常州都市,http://iptv.666230.xyz/iptv/jsyd.php/jsczdushi
徐州公共,http://iptv.666230.xyz/iptv/jsyd.php/xzgg
新沂新闻,http://live.xysrmt.cn/xwzh/sd/live.m3u8?zjiangsd"
新沂生活,http://live.xysrmt.cn/shpd/sd/live.m3u8?zjiangsd
无锡娱乐,http://stream.thmz.com/wxtv2/playlist.m3u8?_upt=5ff4061f1706166872
无锡娱乐,http://stream.thmz.com/wxtv2/sd/live.m3u8?_upt=acffe97a1704940314
无锡娱乐,https://stream.thmz.com/wxtv2/playlist.m3u8
无锡娱乐,http://stream.thmz.com/wxtv2/sd/live.m3u8
无锡娱乐,http://stream.thmz.com/wxtv2/sd/live.m3u8?_upt=978cd8731706199708
无锡新闻综合,http://stream.thmz.com/wxtv1/playlist.m3u8
无锡新闻综合,http://stream.thmz.com/wxtv1/playlist.m3u8?_upt=156143371706166361
无锡新闻综合,http://stream.thmz.com/wxtv1/sd/live.m3u8?_upt=4ba3ab191698644028
无锡新闻综合,http://stream.thmz.com/wxtv1/sd/live.m3u8
无锡新闻综合,http://stream.thmz.com/wxtv1/sd/live.m3u8?zjiangsd#http://stream.thmz.com/wxtv1/playlist.m3u8?_upt=156143371706166361#http://stream.thmz.com/wxtv1/sd/live.m3u8?_upt=4ba3ab191698644028#http://stream.thmz.com/wxtv1/playlist.m3u8
无锡生活,http://stream.thmz.com/wxtv4/playlist.m3u8?_upt=8c51357c1707362770
无锡生活,https://stream.thmz.com/wxtv4/playlist.m3u8
无锡生活,http://stream.thmz.com/wxtv4/sd/live.m3u8
无锡生活,http://stream.thmz.com/wxtv4/sd/live.m3u8?_upt=978cd8731706199708
无锡经济,https://stream.thmz.com/wxtv5/playlist.m3u8
无锡经济,http://stream.thmz.com/wxtv5/sd/live.m3u8?zjiangsd
无锡经济,http://stream.thmz.com/wxtv5/playlist.m3u8?_upt=10155d141706166867
无锡经济,http://stream.thmz.com/wxtv5/playlist.m3u8
无锡经济,http://stream.thmz.com/wxtv5/sd/live.m3u8?_upt=cfacd5221704890772
无锡都市资讯,http://stream.thmz.com/wxtv3/playlist.m3u8
湖州新闻,http://60.178.149.113:4022/udp/233.50.201.158:5140
金华新闻,http://60.178.149.113:4022/udp/233.50.201.161:5140
丽水新闻,http://60.178.149.113:4022/udp/233.50.201.162:5140
嘉兴新闻,http://60.178.149.113:4022/udp/233.50.201.163:5140
桐乡新闻,http://60.178.149.113:4022/udp/233.50.201.169:5140
咪咕视频01,http://[2409:8087:1a01:df::7005]/ottrrs.hl.chinamobile.com/PLTV/88888888/224/3221226124/index.m3u8
咪咕视频02,http://[2409:8087:1a01:df::7005]/ottrrs.hl.chinamobile.com/PLTV/88888888/224/3221226147/index.m3u8
咪咕视频03,http://[2409:8087:1a01:df::7005]/ottrrs.hl.chinamobile.com/PLTV/88888888/224/3221226398/index.m3u8
咪咕视频04,http://[2409:8087:1a01:df::7005]/ottrrs.hl.chinamobile.com/PLTV/88888888/224/3221226469/index.m3u8
咪咕视频05,http://[2409:8087:1a01:df::7005]/ottrrs.hl.chinamobile.com/PLTV/88888888/224/3221226472/index.m3u8
咪咕视频06,http://[2409:8087:1a01:df::4077]/ottrrs.hl.chinamobile.com/PLTV/88888888/224/3221226469/index.m3u8
咪咕视频07,http://[2409:8087:1a01:df::4077]/ottrrs.hl.chinamobile.com/PLTV/88888888/224/3221226124/index.m3u8
咪咕视频08,http://[2409:8087:1a01:df::4077]/ottrrs.hl.chinamobile.com/PLTV/88888888/224/3221226398/index.m3u8
咪咕体育1,http://[2409:8087:1a01:df::7005]/TVOD/88888888/224/3221226046/main.m3u8
咪咕体育2,http://[2409:8087:1a01:df::7005]/TVOD/88888888/224/3221226031/main.m3u8
咪咕体育3,http://[2409:8087:1a01:df::7005]/TVOD/88888888/224/3221225912/main.m3u8
咪咕体育4,http://[2409:8087:1a01:df::7005]/TVOD/88888888/224/3221225662/main.m3u8
咪咕体育5,http://[2409:8087:1a01:df::7005]/TVOD/88888888/224/3221225756/main.m3u8
咪咕体育6,http://[2409:8087:1a01:df::7005]/TVOD/88888888/224/3221225754/main.m3u8
咪咕体育7,http://[2409:8087:1a01:df::7005]/TVOD/88888888/224/3221225739/main.m3u8
咪咕体育8,http://[2409:8087:1a01:df::7005]/TVOD/88888888/224/3221225760/main.m3u8
咪咕体育9,http://[2409:8087:1a01:df::7005]/TVOD/88888888/224/3221225758/main.m3u8
咪咕体育10,http://[2409:8087:1a01:df::7005]/TVOD/88888888/224/3221225905/main.m3u8
咪咕体育11,http://[2409:8087:1a01:df::7005]/TVOD/88888888/224/3221225653/main.m3u8
咪咕体育12,http://[2409:8087:1a01:df::7005]/TVOD/88888888/224/3221225654/main.m3u8
咪咕体育13,http://[2409:8087:1a01:df::7005]/TVOD/88888888/224/3221225655/main.m3u8
咪咕体育14,http://[2409:8087:1a01:df::7005]/TVOD/88888888/224/3221225658/main.m3u8
无锡都市资讯,http://stream.thmz.com/wxtv3/playlist.m3u8?_upt=1758133b1706166861
无锡都市资讯,http://stream.thmz.com/wxtv3/sd/live.m3u8?_upt=978cd8731706199708
无锡都市资讯,http://stream.thmz.com/wxtv3/sd/live.m3u8
无锡都市资讯,http://stream.thmz.com/wxtv3/sd/live.m3u8?zjiangsd#http://stream.thmz.com/wxtv3/sd/live.m3u8?_upt=978cd8731706199708#http://stream.thmz.com/wxtv3/playlist.m3u8#http://stream.thmz.com/wxtv3/playlist.m3u8?_upt=1758133b1706166861
江宁新闻,https://migu.188766.xyz/?migutoken=77969fb082a75b798578427f3570edd2&id=%E4%BD%93%E8%82%B2%E4%BC%91%E9%97%B2%E9%A2%91%E9%81%93&type=yy
江苏体育,https://migu.188766.xyz/?migutoken=90d4e3f3f8a5288cc5aac4a92021e341&id=%E4%BD%93%E8%82%B2%E4%BC%91%E9%97%B2%E9%A2%91%E9%81%93&type=yy
江苏体育,https://migu.188766.xyz/?migutoken=af50fdc5b09032a97cf990bd6f36aef2&id=%E4%BD%93%E8%82%B2%E4%BC%91%E9%97%B2%E9%A2%91%E9%81%93&type=yy
江苏体育,https://migu.188766.xyz/?migutoken=25d75081796a390b82f0299988e556ac&id=%E4%BD%93%E8%82%B2%E4%BC%91%E9%97%B2%E9%A2%91%E9%81%93&type=yy
江苏体育,https://migu.188766.xyz/?migutoken=721cd3a9b6d2cd1a0e378a6a68ae2702&id=%E4%BD%93%E8%82%B2%E4%BC%91%E9%97%B2%E9%A2%91%E9%81%93&type=yy
江苏体育,https://migu.188766.xyz/?migutoken=e37f9d8dbdb18b5cdfd250b672323263&id=%E4%BD%93%E8%82%B2%E4%BC%91%E9%97%B2%E9%A2%91%E9%81%93&type=yy
江苏公共,http://iptv.666230.xyz/iptv/jsyd.php/G_JSGG
江苏城市,https://stream1.freetv.fun/675206b8446ce719bfb293b5a5296db3aa26521c9810de7c996838247cc56964.ctv
江苏城市,http://z.b.bkpcp.top/m.php?id=jscs
江苏城市,http://gslbmgsplive.miguvideo.com/wd_r2/jstv/jschengshi/600/index.m3u8?msisdn=202509030900312c5ad926e30449e5b9405f27a3fde9a6&mdspid=&spid=699067&netType=0&sid=5500260508&pid=2028597139&timestamp=20250903090031&Channel_ID=0116_2600037000-99000-200300220100002&ProgramID=626064714&ParentNodeID=-99&assertID=5500260508&client_ip=106.13.250.83&SecurityKey=20250903090031&promotionId=&mvid=5100186409&mcid=500020&playurlVersion=WX-A1-8.8.1-RELEASE&userid=&jmhm=&videocodec=h264&bean=mgspad&tid=android&conFee=0&puData=3712225a575d903704881b6443f50a06&ddCalcu=6307va1a02x52af2354a4567b51d89804307&sv=10004&ct=android
江苏城市,https://mgtv.ottiptv.cc/migu/626064714.m3u8?migutoken=02cafbc9d94c9e5e26c383c50287313c55f7e68abea08e811428e9b13cd8e46f93919d1a0859b1c76d8e4e78e1f7b8a6f89d71daf38a8275ac7633b59bcdb7cbf189e3152afb4fa80fadf4b134
江苏城市,http://gslbmgsplive.miguvideo.com/wd_r2/jstv/jschengshi/600/index.m3u8?msisdn=2025102308014130dd0a5e627f42499c11a2ab2361d34e&mdspid=&spid=699067&netType=0&sid=5500260508&pid=2028597139&timestamp=20251023080141&Channel_ID=0116_2600000900-99000-201600010010027&ProgramID=626064714&ParentNodeID=-99&assertID=5500260508&client_ip=106.13.250.83&SecurityKey=20251023080141&promotionId=&mvid=5100186409&mcid=500020&playurlVersion=WX-A1-8.9.2-RELEASE&userid=&jmhm=&videocodec=h264&bean=mgspad&tid=android&conFee=0&puData=5d7ae839a5e5f0b92b0a6b3471204437&ddCalcu=753de4724a60e02813794a35be65af00bb29
江苏影视,https://stream1.freetv.fun/a89dd489fa013bc4f36bcc4afe388f1783e2251c276e2566a9359d68a61c6d91.ctv
江苏影视,http://z.b.bkpcp.top/m.php?id=jsys
江苏影视,https://migu.188766.xyz/?migutoken=91756b74eb13850e4c87b15c25817e42&id=%E6%B1%9F%E8%8B%8F%E5%BD%B1%E8%A7%86%E9%A2%91%E9%81%93&type=yy
江苏影视,http://gslbmgsplive.miguvideo.com/wd_r2/jstv/jsyingshi/600/index.m3u8?msisdn=2025090309003105f41cc73cf04c92833c2265c0140111&mdspid=&spid=699067&netType=0&sid=5500260517&pid=2028597139&timestamp=20250903090031&Channel_ID=0116_2600037000-99000-200300220100002&ProgramID=626064697&ParentNodeID=-99&assertID=5500260517&client_ip=106.13.250.83&SecurityKey=20250903090031&promotionId=&mvid=5100186424&mcid=500020&playurlVersion=WX-A1-8.8.1-RELEASE&userid=&jmhm=&videocodec=h264&bean=mgspad&tid=android&conFee=0&puData=6814112e9248d0d7b2bc482bd82b9897&ddCalcu=7698v81a94wb1a2182deb9228448cdb02db7&sv=10004&ct=android
江苏影视,https://mgtv.ottiptv.cc/migu/626064697.m3u8?migutoken=6508bc5fae9f621ed6ec72d39eb7f60ab52c4b412a5ee7f5b612640ecccbde1f9584f0a97aebc090cb58f73e9e079ced87b059526a6614b5a9ad5a23ff4863d36adcc1ed699583e058fac3330e
江苏教育,https://stream1.freetv.fun/7174b4fd66ddb2a7456b7040105dc27a1e57c166593870bb773cb5f6b4546c54.ctv
江苏教育,http://z.b.bkpcp.top/m.php?id=jsjy
江苏教育,http://goo.bkpcp.top/mg/jsjy
江苏教育,https://migu.188766.xyz/?migutoken=bfd96895aa8e3e9aa47561510518c058&id=%E6%B1%9F%E8%8B%8F%E6%95%99%E8%82%B2&type=yy
江苏教育,http://gslbmgsplive.miguvideo.com/wd_r2/jstv/jsjiaoyu/600/index.m3u8?msisdn=20250903090031d7e536b9e78c4a42b0841922e44a4a36&mdspid=&spid=699067&netType=0&sid=5500287493&pid=2028597139&timestamp=20250903090031&Channel_ID=0116_2600037000-99000-200300220100002&ProgramID=628008321&ParentNodeID=-99&assertID=5500287493&client_ip=106.13.250.83&SecurityKey=20250903090031&promotionId=&mvid=5101012819&mcid=500020&playurlVersion=WX-A1-8.8.1-RELEASE&userid=&jmhm=&videocodec=h264&bean=mgspad&tid=android&conFee=0&puData=d3e3bd992ebf554d360ba9b83b9b179d&ddCalcu=dd93v7ea13bbba9db93982be9bafb505643d&sv=10004&ct=android
沭阳综合,https://shuyang-tv-hls.cm.jstv.com:443/shuyang-tv/shuyangzh.m3u8
泗洪新闻综合,http://live1.habctv.com/ggpdsl/sd/live.m3u8?zjiangsd#http://live1.habctv.com/ggpdsl/sd/live.m3u8
泰州一套新闻综合,https://stream1.freetv.fun/tai-zhou-yi-tao-xin-wen-zong-he-4.m3u8
涟水电视台综合,rtmp://lianshui-tv-hls.cm.jstv.com/lianshui-tv/lsxw
涟水电视台综合,https://lianshui-tv-hls.cm.jstv.com:443/lianshui-tv/lsxw.m3u8
涟水电视台综合,http://lianshui-tv-hls.cm.jstv.com/lianshui-tv/lsxw.m3u8?zjiangsd
涟水电视台综合,http://live1.habctv.com/ggpdsl/sd/live.m3u8?zjiangsd
涟水电视台综合,http://live1.habctv.com/ggpdsl/sd/live.m3u8
淮安影院娱乐,http://live1.habctv.com/ysylsl/sd/live.m3u8?zjiangsd
淮安影院娱乐,http://live1.habctv.com/ysylsl/sd/live.m3u8
淮安新闻综合,https://mgtv.ottiptv.cc/migu/639731826.m3u8?migutoken=383a4690d772fe16ccec98f2da2e7e0c3b362ae2d9a0fa219e9a7bb76bb96d4ca6392f861efb0a61154552c563897f4660867745735f85e310ec9fb52d7fc55cd30da8d55169f8c415c5a69a15
淮安新闻综合,http://gslbmgsplive.miguvideo.com/wd_r2/jstv/haxinwenzonghe/600/index.m3u8?msisdn=2025091908013583ce7f12af754a16ba29f7c2626810f0&mdspid=&spid=699067&netType=0&sid=5500469363&pid=2028597139&timestamp=20250919080135&Channel_ID=0116_2600000900-99000-201600010010027&ProgramID=639731826&ParentNodeID=-99&assertID=5500469363&client_ip=106.13.250.88&SecurityKey=20250919080135&promotionId=&mvid=5102012618&mcid=500020&playurlVersion=WX-A1-8.9.1-RELEASE&userid=&jmhm=&videocodec=h264&bean=mgspad&tid=android&conFee=0&puData=8f83667dfa073a4952557e51d015d22c&ddCalcu=c82fe281d395601607dd1f5ae077535a2459
淮安新闻综合,http://gslbmgsplive.miguvideo.com/wd_r2/jstv/haxinwenzonghe/600/index.m3u8?msisdn=20251023080142941c175264e346bdb28fc24a4c0fff92&mdspid=&spid=699067&netType=0&sid=5500469363&pid=2028597139&timestamp=20251023080142&Channel_ID=0116_2600000900-99000-201600010010027&ProgramID=639731826&ParentNodeID=-99&assertID=5500469363&client_ip=106.13.250.83&SecurityKey=20251023080142&promotionId=&mvid=5102012618&mcid=500020&playurlVersion=WX-A1-8.9.2-RELEASE&userid=&jmhm=&videocodec=h264&bean=mgspad&tid=android&conFee=0&puData=228f78becdd3f1c2f4ea311cb51557e2&ddCalcu=22e2e7825f9570185bbecc1d1d33afe14cf2
淮安新闻综合,http://gslbmgsplive.miguvideo.com/wd_r2/jstv/haxinwenzonghe/600/index.m3u8?msisdn=2025102408005841cc8f9eb2074fbabaeaef4617e0ca47&mdspid=&spid=699067&netType=0&sid=5500469363&pid=2028597139&timestamp=20251024080058&Channel_ID=0116_2600000900-99000-201600010010027&ProgramID=639731826&ParentNodeID=-99&assertID=5500469363&client_ip=106.13.250.88&SecurityKey=20251024080058&promotionId=&mvid=5102012618&mcid=500020&playurlVersion=WX-A1-8.9.2-RELEASE&userid=&jmhm=&videocodec=h264&bean=mgspad&tid=android&conFee=0&puData=d70ba06f67ad26900d75c4f6652b7fa4&ddCalcu=4da7ef027b9ba020566f66f74acd5276d900
淮阴综合,https://huaiyin-tv-replay.cm.jstv.com/huaiyin-tv/huaiyinf.m3u8
溧水新闻综合,https://mgtv.ottiptv.cc/migu/639737327.m3u8?migutoken=4c07b7afe94ad06d114a6bccae5747804d493ab7b1100069e485b78d3cb91c0fb0dbd92aa90a6157d7066e5b90780fabf5e150e17ebb9bc72b8bb18f43c5acddd1c0fd4d1904a99210aa962135
溧水新闻综合,http://gslbmgsplive.miguvideo.com/migu/kailu/wxxwzh/51/20250604/index.m3u8?msisdn=202509190801368edab7fc3daa499fa4e273d73d8b9f2d&mdspid=&spid=699067&netType=0&sid=5500469349&pid=2028597139&timestamp=20250919080136&Channel_ID=0116_2600000900-99000-201600010010027&ProgramID=639737327&ParentNodeID=-99&assertID=5500469349&client_ip=106.13.250.88&SecurityKey=20250919080136&promotionId=&mvid=5102012612&mcid=500020&playurlVersion=WX-A1-8.9.1-RELEASE&userid=&jmhm=&videocodec=h264&bean=mgspad&tid=android&conFee=0&puData=c3e71707790a9a58ff5c4df8b135c614&ddCalcu=4c13e6e1c795103710b787f9d04ac95af5f8
溧水新闻综合,http://gslbmgsplive.miguvideo.com/migu/kailu/wxxwzh/51/20250604/index.m3u8?msisdn=20251023080144558f016a4098437fa4b5f82b16dbaeb4&mdspid=&spid=699067&netType=0&sid=5500469349&pid=2028597139&timestamp=20251023080144&Channel_ID=0116_2600000900-99000-201600010010027&ProgramID=639737327&ParentNodeID=-99&assertID=5500469349&client_ip=106.13.250.83&SecurityKey=20251023080144&promotionId=&mvid=5102012612&mcid=500020&playurlVersion=WX-A1-8.9.2-RELEASE&userid=&jmhm=&videocodec=h264&bean=mgspad&tid=android&conFee=0&puData=d70adf995324060624c3825a44083d19&ddCalcu=9d17ed023a98d00f4949a553228430c64026
溧水新闻综合,http://gslbmgsplive.miguvideo.com/migu/kailu/wxxwzh/51/20250604/index.m3u8?msisdn=202510240800594a9687dbd7324f45ae45174f1227d3ad&mdspid=&spid=699067&netType=0&sid=5500469349&pid=2028597139&timestamp=20251024080059&Channel_ID=0116_2600000900-99000-201600010010027&ProgramID=639737327&ParentNodeID=-99&assertID=5500469349&client_ip=106.13.250.88&SecurityKey=20251024080059&promotionId=&mvid=5102012612&mcid=500020&playurlVersion=WX-A1-8.9.2-RELEASE&userid=&jmhm=&videocodec=h264&bean=mgspad&tid=android&conFee=0&puData=287022ec4f8292e91b2eca7dd26993d3&ddCalcu=32d8e372909920622edcd47fa8c2e922be19
咪咕体育15,http://[2409:8087:1a01:df::7005]/TVOD/88888888/224/3221225660/main.m3u8
咪咕体育16,http://[2409:8087:1a01:df::7005]/TVOD/88888888/224/3221225733/main.m3u8
咪咕体育17,http://[2409:8087:1a01:df::7005]/TVOD/88888888/224/3221225648/main.m3u8
溧水新闻综合,http://gslbmgsplive.miguvideo.com/migu/kailu/wxxwzh/51/20250604/index.m3u8?msisdn=20251025080102f85a6abac0d64c679ab538b375a256e3&mdspid=&spid=699067&netType=0&sid=5500469349&pid=2028597139&timestamp=20251025080102&Channel_ID=0116_2600000900-99000-201600010010027&ProgramID=639737327&ParentNodeID=-99&assertID=5500469349&client_ip=106.13.250.90&SecurityKey=20251025080102&promotionId=&mvid=5102012612&mcid=500020&playurlVersion=WX-A1-8.9.2-RELEASE&userid=&jmhm=&videocodec=h264&bean=mgspad&tid=android&conFee=0&puData=c4c759517172dc16ebdc0de9d4416c8c&ddCalcu=cc84ecc26791504945d197e1d702cddcb1e6
睢宁三农,http://iptv.666230.xyz/iptv/jsyd.php/xzsnsn
睢宁综合,http://iptv.666230.xyz/iptv/jsyd.php/xzsnzh
睢宁资讯,http://iptv.666230.xyz/iptv/jsyd.php/xzsnzx
苏州文化生活,https://stream1.freetv.fun/su-zhou-wen-hua-sheng-huo-2.m3u8
苏州文化生活,https://t.freetv.fun/live/su-zhou-wen-hua-sheng-huo.m3u8
苏州新闻综合,https://stream1.freetv.fun/su-zhou-xin-wen-zong-he-13.m3u8
苏州新闻综合,https://t.freetv.fun/live/su-zhou-xin-wen-zong-he.m3u8
苏州生活资讯,https://stream1.freetv.fun/su-zhou-sheng-huo-zi-xun-1.m3u8
苏州生活资讯,https://t.freetv.fun/live/su-zhou-sheng-huo-zi-xun.m3u8
苏州社会经济,https://stream1.freetv.fun/su-zhou-she-hui-jing-ji-2.m3u8
苏州社会经济,https://t.freetv.fun/live/su-zhou-she-hui-jing-ji.m3u8
连云港公共,http://iptv.666230.xyz/iptv/jsyd.php/jslyggonggongpd
连云港新闻综合,http://z.b.bkpcp.top/m.php?id=lygxwzh
连云港新闻综合,https://migu.188766.xyz/?migutoken=1b0d5ada0a7a68f9bc0ad66f4464a69d&id=%E8%BF%9E%E4%BA%91%E6%B8%AF%E6%96%B0%E9%97%BB%E7%BB%BC%E5%90%88&type=yy
连云港新闻综合,https://stream1.freetv.fun/lian-yun-gang-xin-wen-zong-he-3.ctv
连云港新闻综合,http://gslbmgsplive.miguvideo.com/wd_r2/jstv/lygxinwenzonghe/600/index.m3u8?msisdn=20250903090032646047095bc64a1c968e703401c7fec1&mdspid=&spid=699067&netType=0&sid=5500469369&pid=2028597139&timestamp=20250903090032&Channel_ID=0116_2600037000-99000-200300220100002&ProgramID=639731715&ParentNodeID=-99&assertID=5500469369&client_ip=106.13.250.83&SecurityKey=20250903090032&promotionId=&mvid=5102012621&mcid=500020&playurlVersion=WX-A1-8.8.1-RELEASE&userid=&jmhm=&videocodec=h264&bean=mgspad&tid=android&conFee=0&puData=c19beb3ac61dd99e40036c371af55211&ddCalcu=1c11v29a5bx5eafba31a7c36c16d3d09094e&sv=10004&ct=android
连云港新闻综合,https://mgtv.ottiptv.cc/migu/639731715.m3u8?migutoken=70f90182e47785fca234628a083c2a775b48319c0603f2641b5a891ba90b43816e51fb1b07cad8793011132425ebbc0f1568b3bc433d2f04e40344c5fe163be8bf6490e14ab6b96b4419f3f134
镇江新闻综合,http://gslbmgsplive.miguvideo.com/migu/kailu/zjxwzh/50/20251127/index.m3u8?msisdn=20251206080345c6b198548f7a4137bc34f4fc1877f2c2&mdspid=&spid=699067&netType=0&sid=5500469365&pid=2028597139&timestamp=20251206080345&Channel_ID=0116_2600037000-99000-200300220100002&ProgramID=639731783&ParentNodeID=-99&assertID=5500469365&client_ip=218.28.233.106&SecurityKey=20251206080345&promotionId=&mvid=5102012619&mcid=500020&playurlVersion=WX-A1-8.11.2-RELEASE&userid=&jmhm=&videocodec=h264&appCode=miguvideo_android&bean=mgspad&tid=android&conFee=0&puData=5d35d17d8948be41fe9df1c12a69cc94&ddCalcu=459dvc3ac5x9da61a72d18c914f8db9ee4f1&sv=10004&ct=android
镇江新闻综合,http://gslbmgsplive.miguvideo.com/migu/kailu/zjxwzh/50/20251127/index.m3u8?msisdn=202512070804180dc971d1028249d9ba74a7370ff6b1c3&mdspid=&spid=699067&netType=0&sid=5500469365&pid=2028597139&timestamp=20251207080418&Channel_ID=0116_2600037000-99000-200300220100002&ProgramID=639731783&ParentNodeID=-99&assertID=5500469365&client_ip=218.28.233.106&SecurityKey=20251207080418&promotionId=&mvid=5102012619&mcid=500020&playurlVersion=WX-A1-8.11.2-RELEASE&userid=&jmhm=&videocodec=h264&appCode=miguvideo_android&bean=mgspad&tid=android&conFee=0&puData=7b7c75694c990bae0016294382e20c45&ddCalcu=574bvc7a0cx27ae52689344c9929601b0a0e&sv=10004&ct=android
咪咕体育18,http://[2409:8087:1a01:df::7005]/TVOD/88888888/224/3221225649/main.m3u8
咪咕体育19,http://[2409:8087:1a01:df::7005]/TVOD/88888888/224/3221225651/main.m3u8
咪咕体育20,http://[2409:8087:1a01:df::7005]/TVOD/88888888/224/3221225652/main.m3u8
咪咕体育21,http://[2409:8087:1a01:df::7005]/TVOD/88888888/224/3221225650/main.m3u8
咪咕体育22,http://[2409:8087:1a01:df::7005]/TVOD/88888888/224/3221225647/main.m3u8
咪咕体育23,http://[2409:8087:1a01:df::7005]/TVOD/88888888/224/3221225639/main.m3u8
咪咕体育26,http://[2409:8087:1a01:df::7005]/TVOD/88888888/224/3221225641/main.m3u8
咪咕体育27,http://[2409:8087:1a01:df::7005]/TVOD/88888888/224/3221225643/main.m3u8
咪咕体育28,http://[2409:8087:1a01:df::7005]/TVOD/88888888/224/3221225645/main.m3u8
咪咕体育30,http://[2409:8087:1a01:df::7005]/TVOD/88888888/224/3221225613/main.m3u8
🔥低调,https://vd4.bdstatic.com/mda-qiidw79efmjs8aar/576p/h264/1726739405111265219/mda-qiidw79efmjs8aar.mp4
🔥使用,https://vd2.bdstatic.com/mda-pk1ccehgau3ywq8q/hd/cae_h264/1699059021606217448/mda-pk1ccehgau3ywq8q.mp4
镇江新闻综合,http://gslbmgsplive.miguvideo.com/migu/kailu/zjxwzh/50/20251127/index.m3u8?msisdn=20251208080341313571580fa8460da91165977ac1e06f&mdspid=&spid=699067&netType=0&sid=5500469365&pid=2028597139&timestamp=20251208080341&Channel_ID=0116_2600037000-99000-200300220100002&ProgramID=639731783&ParentNodeID=-99&assertID=5500469365&client_ip=218.28.233.106&SecurityKey=20251208080341&promotionId=&mvid=5102012619&mcid=500020&playurlVersion=WX-A1-8.11.2-RELEASE&userid=&jmhm=&videocodec=h264&appCode=miguvideo_android&bean=mgspad&tid=android&conFee=0&puData=2c7a0ae2fd26eca75203005af08c49b5&ddCalcu=52bcv97a4axc0a8a0ef2af5d02063e0c2a57&sv=10004&ct=android
镇江新闻综合,http://gslbmgsplive.miguvideo.com/migu/kailu/zjxwzh/50/20251127/index.m3u8?msisdn=202512090804173580256011aa4d078a2137bc1a9d5136&mdspid=&spid=699067&netType=0&sid=5500469365&pid=2028597139&timestamp=20251209080417&Channel_ID=0116_2600037000-99000-200300220100002&ProgramID=639731783&ParentNodeID=-99&assertID=5500469365&client_ip=218.28.233.106&SecurityKey=20251209080417&promotionId=&mvid=5102012619&mcid=500020&playurlVersion=WX-A1-8.11.2-RELEASE&userid=&jmhm=&videocodec=h264&appCode=miguvideo_android&bean=mgspad&tid=android&conFee=0&puData=f6e47246808c5e75188d4c264e6ec6a4&ddCalcu=4fa6v6eac4xe7a62e4466820c84cd58e8715&sv=10004&ct=android
镇江新闻综合,http://gslbmgsplive.miguvideo.com/migu/kailu/zjxwzh/50/20251127/index.m3u8?msisdn=20251210080338fedb59e067a84538b38a89a13b30f943&mdspid=&spid=699067&netType=0&sid=5500469365&pid=2028597139&timestamp=20251210080338&Channel_ID=0116_2600037000-99000-200300220100002&ProgramID=639731783&ParentNodeID=-99&assertID=5500469365&client_ip=218.28.233.106&SecurityKey=20251210080338&promotionId=&mvid=5102012619&mcid=500020&playurlVersion=WX-A1-8.11.2-RELEASE&userid=&jmhm=&videocodec=h264&appCode=miguvideo_android&bean=mgspad&tid=android&conFee=0&puData=c898ea8575b0bdd86e9726753a6ba64c&ddCalcu=cc48v69aa8xbea6aa83557756b207b9ded68&sv=10004&ct=android
靖江新闻综合,http://ls.qingting.fm/live/23797.m3u8
靖江新闻综合,https://stream1.freetv.fun/jing-jiang-xin-wen-zong-he-7.m3u8
靖江新闻综合,https://stream1.freetv.fun/jing-jiang-xin-wen-zong-he-1.m3u8
辽宁北方,https://stream1.freetv.fun/liao-zhu-bei-fang-3.m3u8
辽宁影视剧,https://stream1.freetv.fun/liao-zhu-ying-shi-ju-1.m3u8
辽宁影视剧,https://stream1.freetv.fun/liao-zhu-ying-shi-ju-3.m3u8
辽宁影视剧,https://stream1.freetv.fun/liao-zhu-ying-shi-ju-2.m3u8
辽宁教育青少,https://stream1.freetv.fun/liao-zhu-jiao-yu-qing-shao-1.m3u8
辽宁生活,https://stream1.freetv.fun/liao-zhu-sheng-huo-1.m3u8
辽宁经济,https://stream1.freetv.fun/liao-zhu-jing-ji-2.m3u8
辽宁都市,https://ls.qingting.fm/live/1099/64k.m3u8
辽宁都市,https://stream1.freetv.fun/liao-zhu-du-shi-5.m3u8
湖南都市,https://stream1.freetv.fun/hu-nan-du-shi-13.m3u8
湖南都市,https://stream1.freetv.fun/hu-nan-du-shi-4.m3u8
湖南都市,https://stream1.freetv.fun/hu-nan-du-shi-8.m3u8
湖南都市,https://stream1.freetv.fun/hu-nan-du-shi-9.m3u8
湖南都市,https://stream1.freetv.fun/hu-nan-du-shi-6.ctv
湖南经视,https://stream1.freetv.fun/hu-nan-jing-shi-6.m3u8
湖南经视,https://stream1.freetv.fun/hu-nan-jing-shi-1.m3u8
湖南经视,https://stream1.freetv.fun/hu-nan-jing-shi-15.ctv
湖南经视,https://stream1.freetv.fun/hu-nan-jing-shi-5.m3u8
湖南经视,https://stream1.freetv.fun/hu-nan-jing-shi-2.m3u8
湖南电视剧,https://stream1.freetv.fun/hu-nan-dian-shi-ju-2.m3u8
湖南电视剧,https://stream1.freetv.fun/hu-nan-dian-shi-ju-12.m3u8
湖南电视剧,https://stream1.freetv.fun/hu-nan-dian-shi-ju-14.ctv
湖南电视剧,https://stream1.freetv.fun/hu-nan-dian-shi-ju-7.m3u8
湖南电视剧,https://stream1.freetv.fun/hu-nan-dian-shi-ju-3.m3u8
湖南电影,http://php.jdshipin.com:8880/iptv.php
湖南电影,https://stream1.freetv.fun/hu-nan-dian-ying-2.ctv
湖南爱晚,http://php.jdshipin.com:8880/iptv.php?id=hngg
湖南教育,https://stream1.freetv.fun/hu-nan-jiao-yu-6.ctv
🔥严禁,https://vd2.bdstatic.com/mda-pdde6x4c56467djm/576p/h264/1681466528778166412/mda-pdde6x4c56467djm.mp4
咪咕体育31,http://[2409:8087:1a01:df::7005]/TVOD/88888888/224/3221225620/main.m3u8
咪咕体育32,http://[2409:8087:1a01:df::7005]/TVOD/88888888/224/3221225619/main.m3u8
淘剧场,http://222.129.33.14:8888/rtp/239.3.1.95:8001
淘娱乐,http://222.129.33.14:8888/rtp/239.3.1.100:8001
淘电影,http://222.129.33.14:8888/rtp/239.3.1.250:8001
淘精彩,http://222.129.33.14:8888/rtp/239.3.1.178:8001
4K超清,http://222.129.33.14:8888/rtp/239.3.1.249:8001
淘电影,http://114.246.180.128:4022/rtp/239.3.1.250:8001
淘精彩,http://114.246.180.128:4022/rtp/239.3.1.178:8001
淘剧场,http://114.246.180.128:4022/rtp/239.3.1.95:8001
淘娱乐,http://114.246.180.128:4022/rtp/239.3.1.100:8001
湖南娱乐,https://stream1.freetv.fun/hu-nan-yu-le-9.ctv
🔥贩卖,https://vd2.bdstatic.com/mda-pagk4ayy8huvuu5g/hd/cae_h264/1674004730256821197/mda-pagk4ayy8huvuu5g.mp4
🔥玩腻,https://vd2.bdstatic.com/mda-phpb3pnb5u88qh6e/576p/h264/1692863767878360172/mda-phpb3pnb5u88qh6e.mp4
🔥摇摇,https://vd4.bdstatic.com/mda-peeixrkhd2cy1zfi/hd/cae_h264/1684262984316045413/mda-peeixrkhd2cy1zfi.mp4
🔥午夜,https://vd2.bdstatic.com/mda-na0hvaumrq7tvpy6/hd/cae_h264_delogo/1642485198391114574/mda-na0hvaumrq7tvpy6.mp4
CGTN,http://www.shizhan.love:8848/udp/239.49.0.9:8064
凤凰中文,http://ycsj.aguihome.com:4022/udp/233.50.200.42:5140
凤凰中文,http://ycsj.aguihome.com:4022/udp/233.50.200.191:5140
凤凰资讯,http://ycsj.aguihome.com:4022/udp/233.50.200.192:5140
福建卫视,http://221.205.180.88:8003/rtp/226.0.2.188:9416
兵团卫视,http://221.205.180.88:8003/rtp/226.0.2.62:8408
精品综合,http://146.235.213.45:35455/itv/1000000004000019008.m3u8?cdn=ystenlive
湖南娱乐,https://stream1.freetv.fun/hu-nan-yu-le-3.m3u8
湖南国际,https://stream1.freetv.fun/hu-nan-guo-ji-2.ctv
湖南国际,https://stream1.freetv.fun/hu-nan-guo-ji-4.ctv
湖南公共,https://stream1.freetv.fun/hu-nan-gong-gong-7.m3u8
湖南公共,https://stream1.freetv.fun/hu-nan-gong-gong-5.ctv
湖南公共,https://stream1.freetv.fun/hu-nan-gong-gong-2.ctv
4K超清,http://114.246.180.128:4022/rtp/239.3.1.249:8001
淘电影,http://111.196.131.46:20000/rtp/239.3.1.250:8001
淘娱乐,http://111.196.131.46:20000/rtp/239.3.1.100:8001
淘剧场,http://111.196.131.46:20000/rtp/239.3.1.95:8001
淘精彩,http://111.196.131.46:20000/rtp/239.3.1.178:8001
4K超清,http://111.196.131.46:20000/udp/239.3.1.249:8001
湖南娱乐,http://113.218.190.140:8081/tsfile/live/1000_1.m3u8
湖南娱乐,http://111.8.224.6:9902/tsfile/live/1016_1.m3u8
湖南娱乐,http://124.231.213.16:9999/tsfile/live/1096_1.m3u8
湖南娱乐,http://218.76.32.193:9901/tsfile/live/1015_1.m3u8
湖南娱乐,http://218.77.81.186:9901/tsfile/live/1002_1.m3u8
湖南娱乐,http://222.241.154.37:9901/tsfile/live/23023_1.m3u8
湖南娱乐,http://222.243.221.54:9901/tsfile/live/1002_1.m3u8
湖南教育,http://111.8.224.6:9902/tsfile/live/1015_1.m3u8
湖南教育,http://124.231.213.16:9999/tsfile/live/1086_1.m3u8
湖南教育台,http://222.241.154.37:9901/tsfile/live/23027_1.m3u8
湖南爱晚,http://111.8.224.6:9902/tsfile/live/1014_1.m3u8
湖南爱晚,http://124.231.213.16:9999/tsfile/live/1097_1.m3u8
湖南爱晚,http://222.241.154.37:9901/tsfile/live/23022_1.m3u8
湖南电影,http://218.76.32.193:9901/tsfile/live/1014_1.m3u8
湖南电影,http://218.77.81.186:9901/tsfile/live/1003_1.m3u8
湖南电影,http://124.231.213.16:9999/tsfile/live/1093_1.m3u8
湖南电影,http://113.218.190.140:8081/tsfile/live/0019_1.m3u8
湖南电影,http://222.243.221.54:9901/tsfile/live/1003_1.m3u8
湖南电影,http://222.241.154.37:9901/tsfile/live/23025_1.m3u8
湖南电视剧,http://111.8.224.6:9902/tsfile/live/1013_1.m3u8
湖南电视剧,http://218.76.32.193:9901/tsfile/live/1013_1.m3u8
湖南电视剧,http://124.231.213.16:9999/tsfile/live/1094_1.m3u8
湖南电视剧,http://222.241.154.37:9901/tsfile/live/23026_1.m3u8
湖南经视,http://111.8.224.6:9902/tsfile/live/1010_1.m3u8
湖南经视,http://218.76.32.193:9901/tsfile/live/1011_1.m3u8
湖南经视,http://124.231.213.16:9999/tsfile/live/1091_1.m3u8
湖南经视,http://222.241.154.37:9901/tsfile/live/23020_1.m3u8
湖南都市,http://111.8.224.6:9902/tsfile/live/1011_1.m3u8
湖南都市,http://113.218.190.140:8081/tsfile/live/0018_1.m3u8
湖南都市,http://124.231.213.16:9999/tsfile/live/1092_1.m3u8
湖南都市,http://218.76.32.193:9901/tsfile/live/1012_1.m3u8
湖南都市,http://218.77.81.186:9901/tsfile/live/1007_1.m3u8
湖南都市,http://222.241.154.37:9901/tsfile/live/23021_1.m3u8
湖南都市,http://222.243.221.54:9901/tsfile/live/1007_1.m3u8
天道,http://120.77.28.4:8648/yy.php?id=1382735574
黑冰,http://120.77.28.4:8648/yy.php?id=1354932427
狂飙,http://120.77.28.4:8648/yy.php?id=1354790484
渴望,http://120.77.28.4:8648/yy.php?id=1354930963
金婚,http://120.77.28.4:8648/yy.php?id=1382828768
湖南公共,https://stream1.freetv.fun/hu-nan-gong-gong-7.ctv
金鹰纪实,http://iptv.huuc.edu.cn/hls/gedocu.m3u8
精品大剧,http://146.235.213.45:35455/itv/1000000004000013968.m3u8?cdn=ystenlive
精品纪录,http://146.235.213.45:35455/itv/1000000004000013730.m3u8?cdn=ystenlive
精品体育,http://146.235.213.45:35455/itv/1000000004000014634.m3u8?cdn=ystenlive
精品萌宠,http://146.235.213.45:35455/itv/1000000006000032328.m3u8?cdn=ystenlive
爱情喜剧,http://146.235.213.45:35455/itv/2000000003000000010.m3u8?cdn=hnbblive
潮妈辣婆,http://146.235.213.45:35455/itv/2000000003000000018.m3u8?cdn=hnbblive
东北热剧,http://146.235.213.45:35455/itv/1000000005000266013.m3u8?cdn=ystenlive
动作电影,http://146.235.213.45:35455/itv/1000000004000018653.m3u8?cdn=ystenlive
古装剧场,http://146.235.213.45:35455/itv/2000000003000000024.m3u8?cdn=hnbblive
欢乐剧场,http://146.235.213.45:35455/itv/1000000005000266012.m3u8?cdn=ystenlive
家庭剧场,http://146.235.213.45:35455/itv/1000000004000008284.m3u8?cdn=ystenlive
金牌综艺,http://146.235.213.45:35455/itv/1000000004000026167.m3u8?cdn=ystenlive
惊悚悬疑,http://146.235.213.45:35455/itv/1000000004000024282.m3u8?cdn=ystenlive
军旅剧场,http://146.235.213.45:35455/itv/2000000003000000014.m3u8?cdn=hnbblive
军事评论,http://146.235.213.45:35455/itv/2000000003000000022.m3u8?cdn=hnbblive
魅力潇湘,http://146.235.213.45:35455/itv/1000000001000006197.m3u8?cdn=ystenlive
明星大片,http://146.235.213.45:35455/itv/2000000003000000016.m3u8?cdn=hnbblive
农业致富,http://146.235.213.45:35455/itv/2000000003000000003.m3u8?cdn=hnbblive
武博世界,http://146.235.213.45:35455/itv/2000000003000000007.m3u8?cdn=hnbblive
炫舞未来,http://146.235.213.45:35455/itv/1000000001000000515.m3u8?cdn=ystenlive
金鹰纪实,http://rrs01.hw.gmcc.net:8088/PLTV/81/224/3221226667/1.m3u8
福贵,http://120.77.28.4:8648/yy.php?id=1354926537
风筝,http://120.77.28.4:8648/yy.php?id=1354931585
打狗棍,http://120.77.28.4:8648/yy.php?id=39736069
鹿鼎记,http://120.77.28.4:8648/yy.php?id=1382704650
寻秦记,http://120.77.28.4:8648/yy.php?id=1382749900
妖神记,http://120.77.28.4:8648/yy.php?id=1382745171
宫心计,http://120.77.28.4:8648/yy.php?id=1354932429
包青天,http://120.77.28.4:8648/yy.php?id=1356158015
特种兵,http://120.77.28.4:8648/yy.php?id=1508456184
花千骨,http://120.77.28.4:8648/yy.php?id=1354943110
上海滩,http://120.77.28.4:8648/yy.php?id=1382745184
封神榜,http://120.77.28.4:8648/yy.php?id=1353426319
红楼梦,http://120.77.28.4:8648/yy.php?id=1382745084
伪装者,http://120.77.28.4:8648/yy.php?id=1382851593
怡伴健康,http://146.235.213.45:35455/itv/1000000005000266011.m3u8?cdn=ystenlive
中国功夫,http://146.235.213.45:35455/itv/2000000003000000009.m3u8?cdn=hnbblive
金鹰纪实,https://hls-gateway.vpstv.net/streams/708834.m3u8
金鹰纪实,https://stream1.freetv.fun/jin-ying-ji-shi-35.m3u8
金鹰纪实,https://stream1.freetv.fun/jin-ying-ji-shi-22.ctv
长沙新闻综合,http://ls.qingting.fm/live/4877.m3u8
长沙新闻,http://ls.qingting.fm/live/4877.m3u8
娄底综合,http://iptv.666230.xyz/iptv/hnyx.php/ldxw
湖北综合,http://[2409:8087:4c0a:22:1::11]:6410/170000001115/UmaiCHAN638072216f7da/index.m3u8?AuthInfo=9kOOdBn7MFF%2F2bWjKgahUUAdKgLqNB5aOAUhcp5CeNLx3R3LdIBdA5q61lut1LwZcw4SC2tJubc%2Bq5t%2F61jvWCtjrJL0x%2BHncPgdmcbBW9I
湖北综合,https://stream1.freetv.fun/hu-bei-zong-he-4.ctv
湖北综合,https://stream1.freetv.fun/hu-bei-zong-he-6.ctv
湖北经视,https://stream1.freetv.fun/hu-bei-jing-shi-2.ctv
湖北经视,https://stream1.freetv.fun/hu-bei-jing-shi-24.m3u8
湖北经视,https://t.freetv.fun/live/hu-bei-jing-shi-1.m3u8
湖北生活,http://[2409:8087:4c0a:22:1::11]:6410/170000001115/UmaiCHAN638072c62e405/index.m3u8?AuthInfo=9kOOdBn7MFF%2F2bWjKgahUUAdKgLqNB5aOAUhcp5CeNKJPodw5BcDirSOw7egztI5bUvJjqPzSNAhrA37GrbRBIAjGQpzP0QmgsmuHnQyd2c
湖北生活,https://stream1.freetv.fun/hu-bei-sheng-huo-3.ctv
湖北生活,https://stream1.freetv.fun/hu-bei-sheng-huo-2.m3u8
湖北生活,https://stream1.freetv.fun/hu-bei-sheng-huo-4.ctv
湖北生活,https://t.freetv.fun/live/hu-bei-sheng-huo.m3u8
湖北教育,http://[2409:8087:4c0a:22:1::11]:6410/170000001115/UmaiCHAN638072a6cbbf6/index.m3u8?AuthInfo=9kOOdBn7MFF%2F2bWjKgahUUAdKgLqNB5aOAUhcp5CeNKTFQuOKNd5i0HMa3ydMWIQ6kJ2fBJGJ77BLTXK72CqUYQsX3ZguYt0954s9hfZTfc
湖北教育,https://stream1.freetv.fun/hu-bei-jiao-yu-4.ctv
湖北教育,https://stream1.freetv.fun/hu-bei-jiao-yu-1.ctv
湖北教育,https://t.freetv.fun/live/hu-bei-jiao-yu.m3u8
湖北影视,https://stream1.freetv.fun/hu-bei-ying-shi-1.m3u8
湖北影视,https://stream1.freetv.fun/hu-bei-ying-shi-1.ctv
湖北影视,https://stream1.freetv.fun/hu-bei-ying-shi-14.m3u8
湖北公共,https://stream1.freetv.fun/hu-bei-gong-gong-5.ctv
湖北垄上,http://[2409:8087:4c0a:22:1::11]:6410/170000001115/UmaiCHAN638072463c333/index.m3u8?AuthInfo=9kOOdBn7MFF%2F2bWjKgahUUAdKgLqNB5aOAUhcp5CeNL%2Be1h4FfA5QqwJ7IPOz3p2qIS7djSxm17Htd%2FckZkm%2FVqsKHEJFJt26ju9iibzMEo
湖北垄上,https://stream1.freetv.fun/hu-bei-long-shang-1.ctv
湖北垄上,https://t.freetv.fun/live/hu-bei-long-shang.m3u8
武汉一台新闻综合,https://ls.qingting.fm/live/20198/64k.m3u8
武汉一台新闻综合,https://stream1.freetv.fun/wu-yi-xin-wen-zong-he-1.m3u8
武汉一台新闻综合,https://stream1.freetv.fun/wu-yi-xin-wen-zong-he-7.m3u8
武汉二台电视剧,https://stream1.freetv.fun/wu-yi-2dian-shi-ju-1.m3u8
武汉四台经济,https://stream1.freetv.fun/wu-yi-jing-ji-1.m3u8
武汉教育,https://stream1.freetv.fun/wu-yi-jiao-yu-4.m3u8
武汉教育,https://stream1.freetv.fun/wu-yi-jiao-yu-6.m3u8
武汉教育,https://stream1.freetv.fun/wu-yi-jiao-yu-8.m3u8
武汉教育,https://stream1.freetv.fun/wu-yi-jiao-yu-13.ctv
武汉教育,https://stream1.freetv.fun/wu-yi-jiao-yu-1.m3u8
黑莓电影,http://146.235.213.45:35455/itv/1000000004000019624.m3u8?cdn=ystenlive
二炮手,http://120.77.28.4:8648/yy.php?id=1354930964
大时代,http://120.77.28.4:8648/yy.php?id=1354930891
小欢喜,http://120.77.28.4:8648/yy.php?id=1382737888
插翅难逃,http://120.77.28.4:8648/yy.php?id=23402146
薛刚反唐,http://120.77.28.4:8648/yy.php?id=31313785
津门飞鹰,http://120.77.28.4:8648/yy.php?id=23026835
知否知否,http://120.77.28.4:8648/yy.php?id=21881901
新版三国,http://120.77.28.4:8648/yy.php?id=23206872
新版水浒,http://120.77.28.4:8648/yy.php?id=1353215589
笑傲江湖,http://120.77.28.4:8648/yy.php?id=1354282410
天龙八部,http://120.77.28.4:8648/yy.php?id=1351814644
神雕侠侣,http://120.77.28.4:8648/yy.php?id=1382704651
济公游记,http://120.77.28.4:8648/yy.php?id=1355265814
三国演义,http://120.77.28.4:8648/yy.php?id=1354936241
刑侦档案,http://120.77.28.4:8648/yy.php?id=1382671124
十堰新闻,https://stream1.freetv.fun/shi-yan-xin-wen-1.m3u8
十堰新闻,https://stream1.freetv.fun/shi-yan-xin-wen-2.m3u8
黑莓动画,http://146.235.213.45:35455/itv/1000000004000021734.m3u8?cdn=ystenlive
哒啵电竞,http://146.235.213.45:35455/itv/1000000006000032327.m3u8?cdn=ystenlive
哒啵赛事,http://146.235.213.45:35455/itv/1000000001000003775.m3u8?cdn=ystenlive
爱谍战,http://146.235.213.45:35455/itv/6000000006000070630.m3u8?cdn=wasusyt
爱动漫,http://146.235.213.45:35455/itv/6000000006000280630.m3u8?cdn=wasusyt
爱科幻,http://146.235.213.45:35455/itv/6000000006000020630.m3u8?cdn=wasusyt
爱科学,http://146.235.213.45:35455/itv/6000000006000160630.m3u8?cdn=wasusyt
爱浪漫,http://146.235.213.45:35455/itv/6000000006000040630.m3u8?cdn=wasusyt
爱历史,http://146.235.213.45:35455/itv/6000000006000150630.m3u8?cdn=wasusyt
爱旅行,http://146.235.213.45:35455/itv/6000000006000250630.m3u8?cdn=wasusyt
爱奇谈,http://146.235.213.45:35455/itv/6000000006000270630.m3u8?cdn=wasusyt
爱赛车,http://146.235.213.45:35455/itv/6000000006000240630.m3u8?cdn=wasusyt
爱体育,http://146.235.213.45:35455/itv/6000000006000290630.m3u8?cdn=wasusyt
爱玩具,http://146.235.213.45:35455/itv/6000000006000220630.m3u8?cdn=wasusyt
爱喜剧,http://146.235.213.45:35455/itv/6000000006000010630.m3u8?cdn=wasusyt
爱悬疑,http://146.235.213.45:35455/itv/6000000006000050630.m3u8?cdn=wasusyt
爱院线,http://146.235.213.45:35455/itv/6000000006000030630.m3u8?cdn=wasusyt
咪咕视频01,http://146.235.213.45:35455/itv/3000000001000005969.m3u8?cdn=FifastbLive
咪咕视频02,http://146.235.213.45:35455/itv/3000000010000000097.m3u8?cdn=FifastbLive
咪咕视频03,http://146.235.213.45:35455/itv/3000000010000002019.m3u8?cdn=FifastbLive
咪咕视频04,http://146.235.213.45:35455/itv/3000000010000002809.m3u8?cdn=FifastbLive
咪咕视频05,http://146.235.213.45:35455/itv/3000000010000003915.m3u8?cdn=FifastbLive
十堰新闻,https://stream1.freetv.fun/shi-yan-xin-wen-3.m3u8
十堰新闻,https://stream1.freetv.fun/shi-yan-xin-wen-4.m3u8
重案六组,http://120.77.28.4:8648/yy.php?id=1354775242
正阳门下,http://120.77.28.4:8648/yy.php?id=1354931580
聊斋志异,http://120.77.28.4:8648/yy.php?id=1382736975
盗墓笔记,http://120.77.28.4:8648/yy.php?id=1354744544
钟馗传说,http://120.77.28.4:8648/yy.php?id=1382736839
法证先锋,http://120.77.28.4:8648/yy.php?id=1382736802
士兵突击,http://120.77.28.4:8648/yy.php?id=1382828766
传奇英雄,http://120.77.28.4:8648/yy.php?id=1382735578
流金岁月,http://120.77.28.4:8648/yy.php?id=1382736891
读心神探,http://120.77.28.4:8648/yy.php?id=1382736875
无敌县令,http://120.77.28.4:8648/yy.php?id=1354932390
平凡岁月,http://120.77.28.4:8648/yy.php?id=1382745117
心理追凶,http://120.77.28.4:8648/yy.php?id=1354936207
名媛望族,http://120.77.28.4:8648/yy.php?id=1354932431
魔幻手机,http://120.77.28.4:8648/yy.php?id=1382735544
荆门新闻综合,http://stream.jmtv.com.cn/xwzh/sd/live.m3u8
荆门新闻综合,https://stream.jmtv.com.cn/xwzh/playlist.m3u8?_upt=3e28e7271664278691
咪咕视频06,http://146.235.213.45:35455/itv/3000000010000004193.m3u8?cdn=FifastbLive
咪咕视频07,http://146.235.213.45:35455/itv/3000000010000006077.m3u8?cdn=FifastbLive
咪咕视频08,http://146.235.213.45:35455/itv/3000000010000006658.m3u8?cdn=FifastbLive
咪咕视频09,http://146.235.213.45:35455/itv/3000000010000009788.m3u8?cdn=FifastbLive
咪咕视频10,http://146.235.213.45:35455/itv/3000000010000010833.m3u8?cdn=FifastbLive
咪咕视频11,http://146.235.213.45:35455/itv/3000000010000011297.m3u8?cdn=FifastbLive
咪咕视频12,http://146.235.213.45:35455/itv/3000000010000012558.m3u8?cdn=FifastbLive
耀舞长安,http://120.77.28.4:8648/yy.php?id=1382741640
荆门新闻综合,https://stream1.freetv.fun/jing-men-xin-wen-zong-he-6.m3u8
荆门新闻综合,https://stream1.freetv.fun/jing-men-xin-wen-zong-he-2.m3u8
荆门新闻综合,https://stream1.freetv.fun/jing-men-xin-wen-zong-he-3.m3u8
南宁公共,https://stream1.freetv.fun/nan-zhu-gong-gong-1.m3u8
南宁公共,https://stream1.freetv.fun/nan-zhu-gong-gong-5.m3u8
南宁公共,https://stream1.freetv.fun/nan-zhu-gong-gong-9.m3u8
南宁公共,https://stream1.freetv.fun/nan-zhu-gong-gong-6.m3u8
南宁公共,https://stream1.freetv.fun/nan-zhu-gong-gong-7.m3u8
南宁新闻综合,https://stream1.freetv.fun/nan-zhu-xin-wen-zong-he-3.m3u8
南宁新闻综合,https://stream1.freetv.fun/nan-zhu-xin-wen-zong-he-1.m3u8
南宁新闻综合,https://stream1.freetv.fun/nan-zhu-xin-wen-zong-he-4.m3u8
南宁都市生活,http://615bbf179ba53515dccad7b1da5d1ad9.livehwc3.cn/hls.nntv.cn/nnlive/WLSH_24.m3u8?sub_m3u8=true&edge_slice=true&user_session_id=2598844eaee8a4265e706fc14b3fc11d
南宁都市生活,https://stream1.freetv.fun/nan-zhu-du-shi-sheng-huo-1.m3u8
南宁都市生活,https://stream1.freetv.fun/nan-zhu-du-shi-sheng-huo-2.m3u8
南宁都市生活,https://stream1.freetv.fun/nan-zhu-du-shi-sheng-huo-3.m3u8
南宁都市生活,https://t.freetv.fun/live/nan-zhu-du-shi-sheng-huo-1.m3u8
宾阳综合,http://pulls.myun.tv/live/0dkp33j5.m3u8
灌阳新闻综合,https://ls.qingting.fm/live/5043/64k.m3u8
田东综合,http://pulls.myun.tv/live/0dkp33j5.m3u8
广西新闻,https://mobilelive.gxtv.cn/live/gx_live1007/playlist.m3u8
广西新闻,https://tv.gxtv.cn/channel/channelivePlay_9dfd8600075811e9ba67e41f13b60c62.html
广西新闻,https://t.freetv.fun/live/yan-xi-xin-wen.m3u8
广西新闻,https://t.freetv.fun/live/yan-xi-xin-wen-1.m3u8
广西新闻,https://t.freetv.fun/live/yan-xi-xin-wen-2.m3u8
广西国际,https://hlscdn.liangtv.cn/live/0234c48e0bc24fe1b41b9999a253e581/1075ee38e04f490690f6a36a16e09c79.m3u8
广西国际,http://hlscdn.liangtv.cn/live/0234c48e0bc24fe1b41b9999a253e581/1075ee38e04f490690f6a36a16e09c79.m3u8?fbl=
广西国际,https://tv.gxtv.cn/channel/channelivePlay_bfa17b64157f11e999f0e41f13b60c62.html
南宁影视娱乐,https://stream1.freetv.fun/nan-zhu-ying-shi-yu-le-1.m3u8
南宁影视娱乐,https://stream1.freetv.fun/nan-zhu-ying-shi-yu-le-3.m3u8
南宁影视娱乐,https://stream1.freetv.fun/nan-zhu-ying-shi-yu-le-4.m3u8
南宁影视娱乐,https://t.freetv.fun/live/nan-zhu-ying-shi-yu-le-3.m3u8
南宁影视娱乐,https://t.freetv.fun/live/nan-zhu-ying-shi-yu-le.m3u8
乐山新闻综合,https://stream1.freetv.fun/le-shan-xin-wen-zong-he-1.m3u8
乐山新闻综合,https://stream1.freetv.fun/le-shan-xin-wen-zong-he-2.m3u8
叙州新闻综合,https://stream1.freetv.fun/xu-zhou-xin-wen-zong-he-6.m3u8
叙州新闻综合,https://stream1.freetv.fun/xu-zhou-xin-wen-zong-he-2.m3u8
叙州新闻综合,https://stream1.freetv.fun/xu-zhou-xin-wen-zong-he-7.m3u8
叙州新闻综合,https://stream1.freetv.fun/xu-zhou-xin-wen-zong-he-3.m3u8
咪咕视频13,http://146.235.213.45:35455/itv/3000000010000012616.m3u8?cdn=FifastbLive
咪咕视频14,http://146.235.213.45:35455/itv/3000000010000015470.m3u8?cdn=FifastbLive
小兵张嘎,http://120.77.28.4:8648/yy.php?id=1354930225
父母爱情,http://120.77.28.4:8648/yy.php?id=1354926650
平原烽火,http://120.77.28.4:8648/yy.php?id=1352227153
火蓝刀锋,http://120.77.28.4:8648/yy.php?id=1382737892
武林外传,http://120.77.28.4:8648/yy.php?id=1394000563
我爱我家,http://120.77.28.4:8648/yy.php?id=1382735557
大明王朝,http://120.77.28.4:8648/yy.php?id=1382736879
大汉天子,http://120.77.28.4:8648/yy.php?id=1382736807
六耳猕猴,http://120.77.28.4:8648/yy.php?id=1394156613
苦乐村官,http://120.77.28.4:8648/yy.php?id=1382736864
少年歌行,http://120.77.28.4:8648/yy.php?id=1450556636
天下第一,http://120.77.28.4:8648/yy.php?id=1382736838
公主嫁到,http://120.77.28.4:8648/yy.php?id=1382736915
叙州新闻综合,https://stream1.freetv.fun/xu-zhou-xin-wen-zong-he-1.m3u8
四川科教,https://stream1.freetv.fun/si-chuan-ke-jiao-3.ctv
咪咕视频15,http://146.235.213.45:35455/itv/3000000010000015560.m3u8?cdn=FifastbLive
咪咕视频16,http://146.235.213.45:35455/itv/3000000010000017678.m3u8?cdn=FifastbLive
咪咕视频17,http://146.235.213.45:35455/itv/3000000010000019839.m3u8?cdn=FifastbLive
咪咕视频18,http://146.235.213.45:35455/itv/3000000010000021904.m3u8?cdn=FifastbLive
咪咕视频19,http://146.235.213.45:35455/itv/3000000010000023434.m3u8?cdn=FifastbLive
咪咕视频20,http://146.235.213.45:35455/itv/3000000010000025380.m3u8?cdn=FifastbLive
咪咕视频21,http://146.235.213.45:35455/itv/3000000010000027691.m3u8?cdn=FifastbLive
咪咕视频22,http://146.235.213.45:35455/itv/3000000010000031669.m3u8?cdn=FifastbLive
咪咕视频23,http://146.235.213.45:35455/itv/2000000003000000062.m3u8?cdn=hnbblive
咪咕视频24,http://146.235.213.45:35455/itv/2000000003000000064.m3u8?cdn=hnbblive
第一滴血,http://data.3g.yy.com/live/hls/1354932355/1354932355
港台电影,http://data.3g.yy.com/live/hls/1382800018/1382800018
高分电影,http://data.3g.yy.com/live/hls/1354936157/1354936157
歐美電影,http://data.3g.yy.com/live/hls/1355480591/1355480591
電影歐美,http://data.3g.yy.com/live/hls/24923327/24923327
翡翠凤凰,http://120.77.28.4:8648/yy.php?id=1354926666
四大名捕,http://120.77.28.4:8648/yy.php?id=1354936203
四川科教,https://stream1.freetv.fun/si-chuan-ke-jiao-1.m3u8
四川科教,https://stream1.freetv.fun/si-chuan-ke-jiao-4.ctv
广元综合,https://stream1.freetv.fun/yan-yuan-zong-he-1.m3u8
广元综合,https://stream1.freetv.fun/yan-yuan-zong-he-2.ctv
广安公共,http://live1.gatv.com.cn:85/live/GGPD_ggpdzm.m3u8?zsicd
广安公共,http://live1.gatv.com.cn:85/live/GGPD.m3u8
广安公共,http://live1.gatv.com.cn:85/live/GGPD_ggpdzm.m3u8
康巴卫视,http://[2409:8087:8:21::18]:6610/otttv.bj.chinamobile.com/PLTV/88888888/224/3221227027/1.m3u8?GuardEncType=2&accountinfo=%7E%7EV2.0%7EkHMvBpWz4rccMxNvSRekpQ%7EtP4-l0lmSfjwLWEfK_el1vH_mv-s1zo4AQJwdedaVwG9xkuFTDg8J26cwOrNJzn20BErrHdLhuZ9EzLUCD3PMW-OMx4MGteHV2vLeW6BqoY%2CEND
德阳新闻综合,https://stream1.freetv.fun/de-yang-xin-wen-zong-he-2.m3u8
德阳新闻综合,https://stream1.freetv.fun/de-yang-xin-wen-zong-he-1.m3u8
德阳新闻综合,https://stream1.freetv.fun/de-yang-xin-wen-zong-he-3.m3u8
旺苍新闻综合,http://channel.wcrmt.cn:80/nmip-media/channellive/channel105268/playlist.m3u8
旺苍新闻综合,http://live.spccmc.com:90/live/spxwzh.m3u8?%E5%85%B3%E6%B3%A8%E5%BE%AE%E4%BF%A1%E5%85%AC%E4%BC%97%E5%8F%B7[%E6%99%B4%E5%9B%AD]
松潘新闻综合,http://live.spccmc.com:90/live/spxwzh.m3u8?%E5%85%B3%E6%B3%A8%E5%BE%AE%E4%BF%A1%E5%85%AC%E4%BC%97%E5%8F%B7[%E6%99%B4%E5%9B%AD]
松潘新闻综合,http://live.spccmc.com:90/live/spxwzh.m3u8?zsicd
松潘新闻综合,http://live.spccmc.com:90/live/spxwzh.m3u8
汉源综合,http://live.hyxrmt.com:85/live/xwpd.m3u8
汉源综合,http://live.hyxrmt.com:85/live/xwpd.m3u8?zsicd
汶川新闻综合,http://live.iwcmt.cn:90/live/zhxw.m3u8?zsicd
汶川新闻综合,rtmp://live.iwcmt.cn:1936/live/zhxw
汶川新闻综合,http://live.iwcmt.cn:90/live/zhxw.m3u8
汶川新闻综合,http://file.ysxtv.cn/cms/videos/nmip-media/channellive/channel4/playlist.m3u8?zsicd#rtmp://tv.mcrm.org.cn:1935/channellive/tv01
寒山潜龙,http://120.77.28.4:8648/yy.php?id=1382745103
Maymay,http://data.3g.yy.com/live/hls/1382749892/1382749892
动作电影,http://data.3g.yy.com/live/hls/1382735573/1382735573
变形金刚,http://data.3g.yy.com/live/hls/1382736803/1382736803
超炫科幻,http://data.3g.yy.com/live/hls/1382736840/1382736840
國外科幻,http://data.3g.yy.com/live/hls/1382735585/1382735585
超英集结,http://data.3g.yy.com/live/hls/1382745091/1382745091
歐美科幻,http://data.3g.yy.com/live/hls/37988782/37988782
歐美動作,http://data.3g.yy.com/live/hls/1382745089/1382745089
電影科幻,http://data.3g.yy.com/live/hls/1354930897/1354930897
電影高分,http://data.3g.yy.com/live/hls/1382749948/1382749948
超清电影,http://[2409:8087:1:20:20::27]/otttv.bj.chinamobile.com/PLTV/88888888/224/3221226550/1.m3u8?zoneoffset=480&servicetype=1&icpid=88888888&limitflux=-1&limitdur =-1&tenantId=8601&accountinfo=~~V2.0~e2qS8h6u-xp3gd50vNr1sw~Q8NsqL2Ii48SUgC4QMl6h h6MtnXuZ2CwNhT-dTFoMLL2G3Q2BYmATYXRv1nKmDi5C1jJAt50zoNF4cIM-01_7rCa0ZemjVk37nsYr4Z r0bk~ExtInfo9bj61dxzlMXrsixrqcFYPg%3A20240802122114%2C162944%2C119.123.69.186%2C20240802122114%2C10000100000000050000000003887500%2C162944%2C-1%2C0%2C1%2C%2C%2C2% 2C%2C%2C%2C2%2C%2C10000100000000060000000007266388_0%2CEND&GuardEncType=2&RTS=1729247386&from=6&ocs=2_39.135.238.65_80&popid=6&hms_devid=3771&prioritypopid=6&vqe=3
沐川综合,http://file.ysxtv.cn/cms/videos/nmip-media/channellive/channel4/playlist.m3u8?zsicd
泸县新闻综合,http://lxfile.lxxcb.cn/nmip-media/channellive/channel103799/playlist.m3u8
缺宅男女,http://120.77.28.4:8648/yy.php?id=1382745088
男亲女爱,http://120.77.28.4:8648/yy.php?id=1382736715
大江大河,http://120.77.28.4:8648/yy.php?id=1382736806
武工队传奇,http://120.77.28.4:8648/yy.php?id=22089862
薛元帅传奇,http://120.77.28.4:8648/yy.php?id=31313785
少年包青天,http://120.77.28.4:8648/yy.php?id=38498680
我是特种兵,http://120.77.28.4:8648/yy.php?id=37999586
永远一家人,http://120.77.28.4:8648/yy.php?id=1382736873
最美的青春,http://120.77.28.4:8648/yy.php?id=1382745116
再向虎山行,http://120.77.28.4:8648/yy.php?id=1355823667
回家的诱惑,http://120.77.28.4:8648/yy.php?id=1354658048
北京淘电影,http://[2409:8087:1:20:20::27]/otttv.bj.chinamobile.com/PLTV/88888888/224/3221226552/1.m3u8?servicetype=1&accountinfo=%7E%7EV2.0%7EXOsrWMA- UCdUl1hQSR9EKw%7EtP4-l0lmSfjwLWEfK_el1vH_mv-s1zo4AQJwdedaVwG9xkuFTDg8J26cwOrNJzn20BErrHdLhuZ9EzLUCD3PMW-OMx4MGteHV2vLeW6BqoY%2CEND&GuardEncType=2
北京淘剧场,http://[2409:8087:1:20:20::27]/otttv.bj.chinamobile.com/PLTV/88888888/224/3221226553/1.m3u8?zoneoffset=480&servicetype=1&icpid=88888888&limitflux=- 1&limitdur=-1&tenantId=8601&accountinfo=~~V2.0~QaJ92NID2SpQlY6_VJVogg~Q8NsqL 2Ii48SUgC4QMl6hh6MtnXuZ2CwNhT-dTFoMLL2G3Q2BYmATYXRv1nKmDi5C1jJAt50zoNF4cIM-01 _7rCa0ZemjVk37nsYr4Zr0bk~ExtInfo9bj61dxzlMXrsixrqcFYPg%3A20240802122114%2C162944%2C119.123.69.186%2C20240802122114%2C10000100000000050000000003887497%2C1 62944%2C-1%2C0%2C1%2C%2C%2C2%2C%2C%2C%2C2%2C%2C10000100000000060000000007266383_0%2CEND&GuardEncType=2&from=6&popid=6&hms_devid=3729&prioritypopid=6&vqe=3
泸县新闻综合,http://lxfile.lxxcb.cn:80/nmip-media/channellive/channel103799/playlist.m3u8
泸县新闻综合,http://lxfile.lxxcb.cn/nmip-media/channellive/channel103799/playlist.m3u8?zsicd
泸县新闻综合,https://m3u8channel.ganzitv.com/nmip-media/channellive/channel1/playlist.m3u8
甘孜综合,https://m3u8channel.ganzitv.com/nmip-media/channellive/channel1/playlist.m3u8
石棉综合,http://live.hyxrmt.com:85/live/xwpd.m3u8
绵阳科技,https://stream1.freetv.fun/mian-yang-ke-ji-2.m3u8
荥经综合,http://file.ysxtv.cn/cms/videos/nmip-media/channellive/channel4/playlist.m3u8
荥经综合,https://file.ysxtv.cn/nmip-media/channellive/channel101492/playlist.m3u8
营山电视台,http://file.ysxtv.cn/cms/videos/nmip-media/channellive/channel4/playlist.m3u8?zsicd#http://file.ysxtv.cn/cms/videos/nmip-media/channellive/channel4/playlist.m3u8
蓬安新闻综合,https://stream1.freetv.fun/peng-an-xin-wen-zong-he-2.m3u8
蓬安新闻综合,https://stream1.freetv.fun/peng-an-xin-wen-zong-he-1.m3u8
金川新闻综合,https://stream1.freetv.fun/jin-chuan-xin-wen-zong-he-3.m3u8
金川新闻综合,https://stream1.freetv.fun/jin-chuan-xin-wen-zong-he-4.m3u8
金川新闻综合,https://stream1.freetv.fun/jin-chuan-xin-wen-zong-he-2.m3u8
金川新闻综合,https://t.freetv.fun/live/jin-chuan-xin-wen-zong-he-4.m3u8
金川新闻综合,https://t.freetv.fun/live/jin-chuan-xin-wen-zong-he-1.m3u8
陕西新闻资讯,https://mgtv.ottiptv.cc/migu/956909289.m3u8?migutoken=d4f3f5a8bf93821548ae70c6bd12860956574c27b3b1ef52c88c8e3d72259b1727a6dbf5d6a5de850afac4c7ffe2f2124bb3b558a89906cd32ccc8913f0f22dd74b7a84514b6015bff75903d9c
陕西新闻资讯,http://gslbmgsplive.miguvideo.com/migu/kailu/sxxwzx/51/20250804/index.m3u8?msisdn=20250919080136670d8cf97d464e1f874949e449ebd1ac&mdspid=&spid=600572&netType=0&sid=5910022187&pid=2028597139&timestamp=20250919080136&Channel_ID=0116_2600000900-99000-201600010010027&ProgramID=956909289&ParentNodeID=-99&assertID=5910022187&client_ip=106.13.250.88&SecurityKey=20250919080136&promotionId=&mvid=5900006710&mcid=500020&playurlVersion=WX-A1-8.9.1-RELEASE&userid=&jmhm=&videocodec=h264&bean=mgspad&tid=android&conFee=0&puData=01b1afdabd15fc39dd9264ccca9ac59f&ddCalcu=f091e5b1c16aa09fadcacbcd41652f9cd3d9
陕西新闻资讯,http://gslbmgsplive.miguvideo.com/migu/kailu/sxxwzx/51/20250804/index.m3u8?msisdn=202510230801447f8d4c3a1a3c4ca1bd0de217472d80f2&mdspid=&spid=600572&netType=0&sid=5910022187&pid=2028597139&timestamp=20251023080144&Channel_ID=0116_2600000900-99000-201600010010027&ProgramID=956909289&ParentNodeID=-99&assertID=5910022187&client_ip=106.13.250.83&SecurityKey=20251023080144&promotionId=&mvid=5900006710&mcid=500020&playurlVersion=WX-A1-8.9.2-RELEASE&userid=&jmhm=&videocodec=h264&bean=mgspad&tid=android&conFee=0&puData=6ed563603d847927c8983a33d5b70e32&ddCalcu=263eeed2056760b356d0333da834879982c7
陕西新闻资讯,http://gslbmgsplive.miguvideo.com/migu/kailu/sxxwzx/51/20250804/index.m3u8?msisdn=202510240800591ee112712ed2473aa0d84b8ea3046959&mdspid=&spid=600572&netType=0&sid=5910022187&pid=2028597139&timestamp=20251024080059&Channel_ID=0116_2600000900-99000-201600010010027&ProgramID=956909289&ParentNodeID=-99&assertID=5910022187&client_ip=106.13.250.88&SecurityKey=20251024080059&promotionId=&mvid=5900006710&mcid=500020&playurlVersion=WX-A1-8.9.2-RELEASE&userid=&jmhm=&videocodec=h264&bean=mgspad&tid=android&conFee=0&puData=5661fd15cfb5726d7c6a1eb652fdb094&ddCalcu=4596e062b16df0fd21556cbfeb15a762c67d
陕西都市青春,https://mgtv.ottiptv.cc/migu/956909358.m3u8?migutoken=c3931ea9d3d7ede24a9d13084dadcc55f7f21b114c6c584ca7defd6492ba46b7286dbd751d0f853f83e998e4b0349c62cf4bc570ac83667c4f6bd49a9411edc68e80c1d7f24da79a264d15912b
陕西都市青春,http://gslbmgsplive.miguvideo.com/migu/kailu/sxdsqc/51/20250804/index.m3u8?msisdn=20250919080136b45ee433a7cf4d688994f00b794d176d&mdspid=&spid=600572&netType=0&sid=5910022190&pid=2028597139&timestamp=20250919080136&Channel_ID=0116_2600000900-99000-201600010010027&ProgramID=956909358&ParentNodeID=-99&assertID=5910022190&client_ip=106.13.250.88&SecurityKey=20250919080136&promotionId=&mvid=5900006713&mcid=500020&playurlVersion=WX-A1-8.9.1-RELEASE&userid=&jmhm=&videocodec=h264&bean=mgspad&tid=android&conFee=0&puData=9db1317be8c80566b10f130aebe87c29&ddCalcu=992decb1716830e1b7ebae083c18f00516b6
陕西都市青春,http://gslbmgsplive.miguvideo.com/migu/kailu/sxdsqc/51/20250804/index.m3u8?msisdn=202510230801444202628b64cc49f4bfb9f6b1dfb1f491&mdspid=&spid=600572&netType=0&sid=5910022190&pid=2028597139&timestamp=20251023080144&Channel_ID=0116_2600000900-99000-201600010010027&ProgramID=956909358&ParentNodeID=-99&assertID=5910022190&client_ip=106.13.250.83&SecurityKey=20251023080144&promotionId=&mvid=5900006713&mcid=500020&playurlVersion=WX-A1-8.9.2-RELEASE&userid=&jmhm=&videocodec=h264&bean=mgspad&tid=android&conFee=0&puData=83284c876ebb25ecdf72f4eb4dd5a006&ddCalcu=6803e022a86540dcd847b6ee4bfb2275fedc
陕西都市青春,http://gslbmgsplive.miguvideo.com/migu/kailu/sxdsqc/51/20250804/index.m3u8?msisdn=2025102408005947806826798c44e4b89b7ed86b1ba04f&mdspid=&spid=600572&netType=0&sid=5910022190&pid=2028597139&timestamp=20251024080059&Channel_ID=0116_2600000900-99000-201600010010027&ProgramID=956909358&ParentNodeID=-99&assertID=5910022190&client_ip=106.13.250.88&SecurityKey=20251024080059&promotionId=&mvid=5900006713&mcid=500020&playurlVersion=WX-A1-8.9.2-RELEASE&userid=&jmhm=&videocodec=h264&bean=mgspad&tid=android&conFee=0&puData=52c95103cb01acfba0783bb6dba5f262&ddCalcu=2562e2c2f96550a1b0d36cbbb0318a7c0fab
陕西公共,http://ls.qingting.fm/live/1222.m3u8
陕西体育休闲,https://mgtv.ottiptv.cc/migu/956909356.m3u8?migutoken=2cd1b3120e6a6d3cec136ca61cb23c24512860d4956d391b8c7d8a1fce58c3fa549930217eede8887c05f73eb24ac9692be10bdd06557f58130ff6717e37e1b6ba38adfacf8e74298fe1d4f48c
陕西体育休闲,http://gslbmgsplive.miguvideo.com/migu/kailu/sxtyxx/51/20250804/index.m3u8?msisdn=20250921080053bb7e3ee981dc4bde95a765fbffef7b9e&mdspid=&spid=600572&netType=0&sid=5910022189&pid=2028597139&timestamp=20250921080053&Channel_ID=0116_2600000900-99000-201600010010027&ProgramID=956909356&ParentNodeID=-99&assertID=5910022189&client_ip=106.13.250.88&SecurityKey=20250921080053&promotionId=&mvid=5900006712&mcid=500020&playurlVersion=WX-A1-8.9.1-RELEASE&userid=&jmhm=&videocodec=h264&bean=mgspad&tid=android&conFee=0&puData=43ffb82e5f9372a440dd84479d27b2f6&ddCalcu=64f3e2f2bf67b028d29e754f4983d7d20a44
陕西体育休闲,http://gslbmgsplive.miguvideo.com/migu/kailu/sxtyxx/51/20250804/index.m3u8?msisdn=20251023080139c026415ca4654e0cb51f36f8105eb6a1&mdspid=&spid=600572&netType=0&sid=5910022189&pid=2028597139&timestamp=20251023080139&Channel_ID=0116_2600000900-99000-201600010010027&ProgramID=956909356&ParentNodeID=-99&assertID=5910022189&client_ip=106.13.250.83&SecurityKey=20251023080139&promotionId=&mvid=5900006712&mcid=500020&playurlVersion=WX-A1-8.9.2-RELEASE&userid=&jmhm=&videocodec=h264&bean=mgspad&tid=android&conFee=0&puData=101f9c0a14d24dc78aa97137482db06c&ddCalcu=c160e012bf6d902c804a71341d7294adac87
陕西体育休闲,http://gslbmgsplive.miguvideo.com/migu/kailu/sxtyxx/51/20250804/index.m3u8?msisdn=20251024080056953be86c14d64c758cd4dbf06a58c942&mdspid=&spid=600572&netType=0&sid=5910022189&pid=2028597139&timestamp=20251024080056&Channel_ID=0116_2600000900-99000-201600010010027&ProgramID=956909356&ParentNodeID=-99&assertID=5910022189&client_ip=106.13.250.88&SecurityKey=20251024080056&promotionId=&mvid=5900006712&mcid=500020&playurlVersion=WX-A1-8.9.2-RELEASE&userid=&jmhm=&videocodec=h264&bean=mgspad&tid=android&conFee=0&puData=d18ceaa4887dd90437843aedd252e8e7&ddCalcu=7de1e882ec62e05a2ad4d8e8a73d4d897034
陕西体育休闲,http://gslbmgsplive.miguvideo.com/migu/kailu/sxtyxx/51/20250804/index.m3u8?msisdn=2025102508005957060912be0d47f78a9e823b236e0022&mdspid=&spid=600572&netType=0&sid=5910022189&pid=2028597139&timestamp=20251025080059&Channel_ID=0116_2600000900-99000-201600010010027&ProgramID=956909356&ParentNodeID=-99&assertID=5910022189&client_ip=106.13.250.90&SecurityKey=20251025080059&promotionId=&mvid=5900006712&mcid=500020&playurlVersion=WX-A1-8.9.2-RELEASE&userid=&jmhm=&videocodec=h264&bean=mgspad&tid=android&conFee=0&puData=25d98077b85839680d0db7d4d6a823de&ddCalcu=e2d5e3d2296880a067d74bd875b8d309d608
三明新闻综合,http://ls.qingting.fm/live/4885.m3u8
三明新闻综合,https://ls.qingting.fm/live/5022100/64k.m3u8
云霄综合,http://live.zzyxxw.com:85/live/xwzh.m3u8?fujian
云霄综合,https://live.zzyxxw.com:2443/live/xwzh.m3u8
云霄综合,http://live.zzyxxw.com:85/live/xwzh.m3u8
云霄综合,http://live.zzyxxw.com:85/live/xwzh.m3u8?fujian,
厦门卫视,https://epg.pw/stream/aa65dd411565991ace44f9e5934bd018fdd52122e052d471a363b6ee839e1079.ctv
漳州新闻综合,https://stream1.freetv.fun/zhang-zhou-xin-wen-zong-he-2.m3u8
漳州新闻综合,https://stream1.freetv.fun/zhang-zhou-xin-wen-zong-he-1.m3u8
漳州新闻综合,https://stream1.freetv.fun/zhang-zhou-xin-wen-zong-he-3.m3u8
福州少儿,http://live.zohi.tv/video/s10001-fztv-4/index.m3u8
福州生活,http://live.zohi.tv:80/video/s10001-fztv-3/index.m3u8
福建新闻,https://stream1.freetv.fun/fu-jian-xin-wen-1.m3u8
福建新闻,https://stream1.freetv.fun/fu-jian-xin-wen-2.m3u8
福建新闻,https://stream1.freetv.fun/fu-jian-xin-wen-6.m3u8
福建新闻,https://stream1.freetv.fun/fu-jian-xin-wen-3.m3u8
福建新闻,https://stream1.freetv.fun/fu-jian-xin-wen-4.m3u8
福建电视剧,https://stream1.freetv.fun/fu-jian-dian-shi-ju-1.m3u8
福建电视剧,https://stream1.freetv.fun/fu-jian-dian-shi-ju-5.m3u8
五号特工组,http://120.77.28.4:8648/yy.php?id=1507704566
黑莓电影,http://[2409:8087:1:20:20::27]/otttv.bj.chinamobile.com/PLTV/88888888/224/3221226939/1.m3u8?GuardEncType=2&accountinfo=%7E%7EV2.0%7E kBVQL3MtyiM0GGQzuPjqAQ%7EtP4-l0lmSfjwLWEfK_el1vH_mv-s1zo4AQJwdedaVwG9xkuFTDg8J26cwOrNJzn20BErrHdLhuZ9EzLUCD3PMW-OMx4MGteHV2vLeW6BqoY%2CEND
CHC影迷电影,https://stream1.freetv.fun/chcying-mi-dian-ying-12.ctv
CHC动作电影,https://stream1.freetv.fun/chcdong-zuo-dian-ying-24.ctv
CHC家庭影院,https://stream1.freetv.fun/chcjia-ting-ying-yuan-17.ctv
CHC影迷电影,https://stream1.freetv.fun/chcying-mi-dian-ying-15.ctv
CHC家庭影院,http://eastscreen.tv/ooooo.php?id=chcjt
CHC动作电影,http://eastscreen.tv/ooooo.php?id=chcdz
CHC影迷电影,http://eastscreen.tv/ooooo.php?id=chchd
湖南经视,http://php.jdshipin.com:8880/iptv.php?id=hnjs
湖南都市,http://php.jdshipin.com:8880/iptv.php?id=hnds
湖南爱晚,http://php.jdshipin.com:8880/iptv.php?id=hngg
湖南电视剧,http://php.jdshipin.com:8880/iptv.php?id=hndsj
湖南电影,http://php.jdshipin.com:8880/iptv.php?id=hndy
湖南娱乐,http://php.jdshipin.com:8880/iptv.php?id=hnyl
湖南教育,http://php.jdshipin.com:8880/iptv.php?id=hnjy
湖南经视,http://php.jdshipin.com:8880/iptv.php?id=hnjs
湖南爱晚,http://php.jdshipin.com:8880/iptv.php?id=hngg
湖南娱乐,http://php.jdshipin.com:8880/iptv.php?id=hnyl
湖南国际,http://php.jdshipin.com:8880/iptv.php?id=hngj
湖南教育,http://php.jdshipin.com:8880/iptv.php?id=hnjy
咪咕视频1,http://ottrrs.hl.chinamobile.com/TVOD/88888888/224/3221226124/1.m3u8
咪咕视频2,http://ottrrs.hl.chinamobile.com/TVOD/88888888/224/3221226147/1.m3u8
咪咕视频3,http://ottrrs.hl.chinamobile.com/TVOD/88888888/224/3221226469/1.m3u8
咪咕视频4,http://ottrrs.hl.chinamobile.com/TVOD/88888888/224/3221226472/1.m3u8
咪咕视频5,http://ottrrs.hl.chinamobile.com/TVOD/88888888/224/3221226124/index.m3u8
咪咕视频6,http://ottrrs.hl.chinamobile.com/TVOD/88888888/224/3221226147/index.m3u8
咪咕视频7,http://ottrrs.hl.chinamobile.com/TVOD/88888888/224/3221226469/index.m3u8
咪咕视频8,http://ottrrs.hl.chinamobile.com/TVOD/88888888/224/3221226472/index.m3u8
咪咕直播-1,http://[2409:8087:1a01:df::404d]/ottrrs.hl.chinamobile.com/PLTV/88888888/224/3221226124/index.m3u8
咪咕直播-2,http://[2409:8087:1a01:df::403b]/ottrrs.hl.chinamobile.com/PLTV/88888888/224/3221226147/index.m3u8
咪咕直播-3,http://[2409:8087:1a01:df::4033]/ottrrs.hl.chinamobile.com/PLTV/88888888/224/3221226398/index.m3u8
咪咕直播-4,http://[2409:8087:1a01:df::402a]/ottrrs.hl.chinamobile.com/PLTV/88888888/224/3221226469/index.m3u8
咪咕直播-5,http://[2409:8087:1a01:df::4046]/ottrrs.hl.chinamobile.com/PLTV/88888888/224/3221226472/index.m3u8
埋堆堆03,https://www.goodiptv.club/huya/23740156
埋堆堆04,https://www.goodiptv.club/huya/23728660
埋堆堆05,https://www.goodiptv.club/huya/23865080
埋堆堆06,https://www.goodiptv.club/huya/23863804
埋堆堆07,https://www.goodiptv.club/huya/23864973
